symbol,scenario,start,end,duration_minutes,mean_mrs,mean_wds,mean_ree_proxy
XAUUSD,TRANSITION,2026-01-01 18:20:00,2026-01-02 02:14:00,475,30.82,36.04,53.4
XAUUSD,WIDE_RANGE,2026-01-02 02:15:00,2026-01-02 02:22:00,8,22.04,46.08,45.78
XAUUSD,TRANSITION,2026-01-02 02:23:00,2026-01-02 02:23:00,1,19.45,48.47,43.61
XAUUSD,WIDE_RANGE,2026-01-02 02:24:00,2026-01-02 02:26:00,3,23.49,45.19,46.45
XAUUSD,TRANSITION,2026-01-02 02:27:00,2026-01-02 02:27:00,1,26.14,41.53,48.68
XAUUSD,WIDE_RANGE,2026-01-02 02:28:00,2026-01-02 02:28:00,1,24.16,50.24,44.61
XAUUSD,TRANSITION,2026-01-02 02:29:00,2026-01-02 07:53:00,325,30.62,37.37,51.44
XAUUSD,WIDE_RANGE,2026-01-02 07:54:00,2026-01-02 08:00:00,7,29.69,58.54,44.37
XAUUSD,TRANSITION,2026-01-02 08:01:00,2026-01-02 08:19:00,19,52.65,23.05,67.74
XAUUSD,WIDE_RANGE,2026-01-02 08:20:00,2026-01-02 08:20:00,1,15.39,43.35,44.39
XAUUSD,TRANSITION,2026-01-02 08:21:00,2026-01-02 08:32:00,12,46.81,32.46,62.04
XAUUSD,STRONG_TREND_DOWN,2026-01-02 08:33:00,2026-01-02 08:33:00,1,66.53,28.78,72.33
XAUUSD,TRANSITION,2026-01-02 08:34:00,2026-01-02 08:34:00,1,63.27,33.01,69.58
XAUUSD,STRONG_TREND_DOWN,2026-01-02 08:35:00,2026-01-02 08:38:00,4,68.03,30.75,72.86
XAUUSD,TRANSITION,2026-01-02 08:39:00,2026-01-02 08:45:00,7,53.96,37.76,65.13
XAUUSD,WIDE_RANGE,2026-01-02 08:46:00,2026-01-02 08:47:00,2,35.59,41.79,56.16
XAUUSD,TRANSITION,2026-01-02 08:48:00,2026-01-02 08:48:00,1,33.24,36.93,56.74
XAUUSD,WIDE_RANGE,2026-01-02 08:49:00,2026-01-02 08:53:00,5,22.0,42.39,49.71
XAUUSD,TRANSITION,2026-01-02 08:54:00,2026-01-02 08:54:00,1,28.84,31.51,56.56
XAUUSD,WIDE_RANGE,2026-01-02 08:55:00,2026-01-02 09:07:00,13,24.64,42.31,50.95
XAUUSD,TRANSITION,2026-01-02 09:08:00,2026-01-02 09:47:00,40,30.1,35.77,55.17
XAUUSD,WIDE_RANGE,2026-01-02 09:48:00,2026-01-02 09:57:00,10,27.43,45.8,49.02
XAUUSD,TRANSITION,2026-01-02 09:58:00,2026-01-02 12:22:00,145,30.89,36.82,52.67
XAUUSD,TIGHT_RANGE,2026-01-02 12:23:00,2026-01-02 12:23:00,1,22.21,46.1,45.42
XAUUSD,TRANSITION,2026-01-02 12:24:00,2026-01-02 12:50:00,27,22.64,40.05,47.59
XAUUSD,TIGHT_RANGE,2026-01-02 12:51:00,2026-01-02 12:52:00,2,20.04,45.85,44.33
XAUUSD,TRANSITION,2026-01-02 12:53:00,2026-01-02 16:25:00,213,29.54,37.49,51.54
XAUUSD,LOW_LIQUIDITY,2026-01-02 16:26:00,2026-01-02 16:26:00,1,24.93,35.53,49.89
XAUUSD,TIGHT_RANGE,2026-01-02 16:27:00,2026-01-02 16:29:00,3,16.18,44.77,42.77
XAUUSD,LOW_LIQUIDITY,2026-01-02 16:30:00,2026-01-02 16:30:00,1,27.77,24.43,55.02
XAUUSD,TIGHT_RANGE,2026-01-02 16:31:00,2026-01-02 16:34:00,4,19.06,44.39,44.25
XAUUSD,LOW_LIQUIDITY,2026-01-02 16:35:00,2026-01-02 16:35:00,1,32.42,31.26,54.84
XAUUSD,TIGHT_RANGE,2026-01-02 16:36:00,2026-01-02 16:46:00,11,17.16,43.13,43.85
XAUUSD,LOW_LIQUIDITY,2026-01-02 16:47:00,2026-01-02 16:48:00,2,34.98,27.14,57.52
XAUUSD,TIGHT_RANGE,2026-01-02 16:49:00,2026-01-02 16:49:00,1,28.79,32.87,52.72
XAUUSD,LOW_LIQUIDITY,2026-01-02 16:50:00,2026-01-02 16:50:00,1,37.21,24.65,59.41
XAUUSD,TRANSITION,2026-01-02 16:51:00,2026-01-02 16:59:00,9,37.54,29.88,57.03
XAUUSD,STRONG_TREND_UP,2026-01-04 18:00:00,2026-01-04 18:01:00,2,75.03,25.49,72.23
XAUUSD,TRANSITION,2026-01-04 18:02:00,2026-01-04 18:03:00,2,59.19,37.72,57.7
XAUUSD,STRONG_TREND_UP,2026-01-04 18:04:00,2026-01-04 18:04:00,1,65.99,39.14,58.06
XAUUSD,TRANSITION,2026-01-04 18:05:00,2026-01-04 18:29:00,25,49.22,49.58,44.09
XAUUSD,WIDE_RANGE,2026-01-04 18:30:00,2026-01-04 18:31:00,2,21.59,60.8,36.36
XAUUSD,TRANSITION,2026-01-04 18:32:00,2026-01-04 18:36:00,5,35.49,38.39,51.5
XAUUSD,WIDE_RANGE,2026-01-04 18:37:00,2026-01-04 18:41:00,5,29.04,50.78,45.51
XAUUSD,TRANSITION,2026-01-04 18:42:00,2026-01-04 18:42:00,1,32.42,39.14,51.92
XAUUSD,WIDE_RANGE,2026-01-04 18:43:00,2026-01-04 18:49:00,7,25.25,44.56,48.12
XAUUSD,TRANSITION,2026-01-04 18:50:00,2026-01-04 20:03:00,74,38.19,31.61,60.6
XAUUSD,STRONG_TREND_UP,2026-01-04 20:04:00,2026-01-04 20:04:00,1,66.44,28.77,74.42
XAUUSD,TRANSITION,2026-01-04 20:05:00,2026-01-04 20:09:00,5,47.0,37.8,61.1
XAUUSD,WIDE_RANGE,2026-01-04 20:10:00,2026-01-04 20:10:00,1,35.0,52.21,49.54
XAUUSD,TRANSITION,2026-01-04 20:11:00,2026-01-04 20:11:00,1,39.76,51.14,51.78
XAUUSD,WIDE_RANGE,2026-01-04 20:12:00,2026-01-04 20:18:00,7,33.71,58.12,45.63
XAUUSD,WHIPSAW,2026-01-04 20:19:00,2026-01-04 20:21:00,3,25.17,71.38,35.92
XAUUSD,WIDE_RANGE,2026-01-04 20:22:00,2026-01-04 20:22:00,1,33.71,59.89,43.41
XAUUSD,TRANSITION,2026-01-04 20:23:00,2026-01-04 20:24:00,2,40.3,49.38,49.7
XAUUSD,WIDE_RANGE,2026-01-04 20:25:00,2026-01-04 20:26:00,2,30.8,59.62,41.82
XAUUSD,TRANSITION,2026-01-04 20:27:00,2026-01-04 20:29:00,3,38.39,37.79,52.78
XAUUSD,WIDE_RANGE,2026-01-04 20:30:00,2026-01-04 20:30:00,1,27.88,41.6,46.58
XAUUSD,TRANSITION,2026-01-04 20:31:00,2026-01-04 21:25:00,55,26.68,40.01,46.94
XAUUSD,LOW_LIQUIDITY,2026-01-04 21:26:00,2026-01-04 21:42:00,17,46.19,27.29,60.73
XAUUSD,TRANSITION,2026-01-04 21:43:00,2026-01-04 21:54:00,12,24.72,37.94,48.78
XAUUSD,TIGHT_RANGE,2026-01-04 21:55:00,2026-01-04 21:55:00,1,31.01,37.33,52.54
XAUUSD,TRANSITION,2026-01-04 21:56:00,2026-01-04 21:57:00,2,27.23,35.71,51.41
XAUUSD,TIGHT_RANGE,2026-01-04 21:58:00,2026-01-04 22:01:00,4,24.92,36.65,50.02
XAUUSD,TRANSITION,2026-01-04 22:02:00,2026-01-04 22:02:00,1,38.13,28.11,58.83
XAUUSD,LOW_LIQUIDITY,2026-01-04 22:03:00,2026-01-04 22:09:00,7,47.2,20.47,65.96
XAUUSD,TRANSITION,2026-01-04 22:10:00,2026-01-04 22:10:00,1,30.55,22.63,58.21
XAUUSD,LOW_LIQUIDITY,2026-01-04 22:11:00,2026-01-04 22:11:00,1,27.33,27.89,54.93
XAUUSD,TIGHT_RANGE,2026-01-04 22:12:00,2026-01-04 22:12:00,1,23.8,32.43,51.95
XAUUSD,LOW_LIQUIDITY,2026-01-04 22:13:00,2026-01-04 22:13:00,1,32.63,24.96,58.75
XAUUSD,TRANSITION,2026-01-04 22:14:00,2026-01-04 22:53:00,40,24.86,34.56,52.53
XAUUSD,TIGHT_RANGE,2026-01-04 22:54:00,2026-01-04 22:57:00,4,19.36,37.21,48.91
XAUUSD,LOW_LIQUIDITY,2026-01-04 22:58:00,2026-01-04 22:58:00,1,28.02,23.27,57.67
XAUUSD,TRANSITION,2026-01-04 22:59:00,2026-01-04 23:28:00,30,28.31,30.6,54.77
XAUUSD,LOW_LIQUIDITY,2026-01-04 23:29:00,2026-01-04 23:36:00,8,35.51,30.02,58.67
XAUUSD,TIGHT_RANGE,2026-01-04 23:37:00,2026-01-04 23:38:00,2,23.33,43.89,48.14
XAUUSD,LOW_LIQUIDITY,2026-01-04 23:39:00,2026-01-04 23:39:00,1,28.3,36.65,52.82
XAUUSD,TIGHT_RANGE,2026-01-04 23:40:00,2026-01-04 23:40:00,1,24.18,37.01,50.7
XAUUSD,TRANSITION,2026-01-04 23:41:00,2026-01-05 00:38:00,58,27.92,37.35,50.9
XAUUSD,WIDE_RANGE,2026-01-05 00:39:00,2026-01-05 00:43:00,5,22.1,50.45,43.24
XAUUSD,TRANSITION,2026-01-05 00:44:00,2026-01-05 00:46:00,3,29.67,42.08,49.51
XAUUSD,WIDE_RANGE,2026-01-05 00:47:00,2026-01-05 00:47:00,1,32.19,44.57,49.78
XAUUSD,TRANSITION,2026-01-05 00:48:00,2026-01-05 00:50:00,3,39.57,45.63,52.88
XAUUSD,WIDE_RANGE,2026-01-05 00:51:00,2026-01-05 01:00:00,10,30.31,51.34,46.84
XAUUSD,TRANSITION,2026-01-05 01:01:00,2026-01-05 01:34:00,34,43.24,35.48,58.37
XAUUSD,WIDE_RANGE,2026-01-05 01:35:00,2026-01-05 01:49:00,15,26.93,48.16,46.94
XAUUSD,TRANSITION,2026-01-05 01:50:00,2026-01-05 06:36:00,287,29.54,37.17,52.17
XAUUSD,WIDE_RANGE,2026-01-05 06:37:00,2026-01-05 06:39:00,3,32.29,47.96,51.21
XAUUSD,TRANSITION,2026-01-05 06:40:00,2026-01-05 06:41:00,2,34.31,44.45,53.2
XAUUSD,WIDE_RANGE,2026-01-05 06:42:00,2026-01-05 06:45:00,4,28.65,50.05,48.66
XAUUSD,TRANSITION,2026-01-05 06:46:00,2026-01-05 08:09:00,84,31.55,34.57,53.83
XAUUSD,WIDE_RANGE,2026-01-05 08:10:00,2026-01-05 08:20:00,11,22.38,54.12,42.06
XAUUSD,TRANSITION,2026-01-05 08:21:00,2026-01-05 08:30:00,10,37.03,40.83,52.89
XAUUSD,WIDE_RANGE,2026-01-05 08:31:00,2026-01-05 08:41:00,11,28.27,55.36,42.72
XAUUSD,TRANSITION,2026-01-05 08:42:00,2026-01-05 08:42:00,1,39.12,41.18,52.33
XAUUSD,WIDE_RANGE,2026-01-05 08:43:00,2026-01-05 08:44:00,2,32.62,48.45,46.95
XAUUSD,TRANSITION,2026-01-05 08:45:00,2026-01-05 09:39:00,55,37.74,35.39,54.87
XAUUSD,WIDE_RANGE,2026-01-05 09:40:00,2026-01-05 09:40:00,1,27.74,48.48,46.37
XAUUSD,TRANSITION,2026-01-05 09:41:00,2026-01-05 09:43:00,3,24.41,57.91,41.61
XAUUSD,WIDE_RANGE,2026-01-05 09:44:00,2026-01-05 09:44:00,1,32.61,42.87,50.48
XAUUSD,TRANSITION,2026-01-05 09:45:00,2026-01-05 10:02:00,18,44.71,33.92,59.01
XAUUSD,STRONG_TREND_UP,2026-01-05 10:03:00,2026-01-05 10:03:00,1,65.34,18.31,73.29
XAUUSD,TRANSITION,2026-01-05 10:04:00,2026-01-05 11:28:00,85,28.61,40.24,50.14
XAUUSD,TIGHT_RANGE,2026-01-05 11:29:00,2026-01-05 11:29:00,1,15.27,42.94,43.76
XAUUSD,TRANSITION,2026-01-05 11:30:00,2026-01-05 11:32:00,3,22.43,38.47,48.45
XAUUSD,TIGHT_RANGE,2026-01-05 11:33:00,2026-01-05 11:33:00,1,21.85,47.74,44.84
XAUUSD,TRANSITION,2026-01-05 11:34:00,2026-01-05 11:34:00,1,24.29,45.94,46.54
XAUUSD,TIGHT_RANGE,2026-01-05 11:35:00,2026-01-05 11:35:00,1,26.05,38.06,49.98
XAUUSD,LOW_LIQUIDITY,2026-01-05 11:36:00,2026-01-05 11:36:00,1,26.34,36.37,50.59
XAUUSD,TIGHT_RANGE,2026-01-05 11:37:00,2026-01-05 11:47:00,11,20.32,45.51,44.62
XAUUSD,LOW_LIQUIDITY,2026-01-05 11:48:00,2026-01-05 11:55:00,8,45.84,26.56,62.91
XAUUSD,TIGHT_RANGE,2026-01-05 11:56:00,2026-01-05 11:56:00,1,20.1,39.75,46.7
XAUUSD,TRANSITION,2026-01-05 11:57:00,2026-01-05 12:14:00,18,28.11,35.67,51.59
XAUUSD,WIDE_RANGE,2026-01-05 12:15:00,2026-01-05 12:15:00,1,33.47,40.36,52.32
XAUUSD,TRANSITION,2026-01-05 12:16:00,2026-01-05 13:50:00,95,26.23,37.7,49.97
XAUUSD,TIGHT_RANGE,2026-01-05 13:51:00,2026-01-05 13:51:00,1,24.44,39.78,48.62
XAUUSD,TRANSITION,2026-01-05 13:52:00,2026-01-05 14:21:00,30,29.39,40.64,50.55
XAUUSD,WIDE_RANGE,2026-01-05 14:22:00,2026-01-05 14:23:00,2,31.35,50.28,48.05
XAUUSD,TRANSITION,2026-01-05 14:24:00,2026-01-05 14:24:00,1,32.94,45.27,50.45
XAUUSD,WIDE_RANGE,2026-01-05 14:25:00,2026-01-05 14:25:00,1,29.04,46.75,48.13
XAUUSD,TRANSITION,2026-01-05 14:26:00,2026-01-05 16:23:00,118,29.87,36.59,52.03
XAUUSD,LOW_LIQUIDITY,2026-01-05 16:24:00,2026-01-05 16:24:00,1,27.61,34.81,51.59
XAUUSD,TIGHT_RANGE,2026-01-05 16:25:00,2026-01-05 16:28:00,4,20.52,42.67,45.71
XAUUSD,LOW_LIQUIDITY,2026-01-05 16:29:00,2026-01-05 16:29:00,1,30.74,31.31,54.35
XAUUSD,TIGHT_RANGE,2026-01-05 16:30:00,2026-01-05 16:37:00,8,20.43,42.54,45.79
XAUUSD,LOW_LIQUIDITY,2026-01-05 16:38:00,2026-01-05 16:43:00,6,27.64,32.88,52.99
XAUUSD,TIGHT_RANGE,2026-01-05 16:44:00,2026-01-05 16:48:00,5,20.09,41.51,47.06
XAUUSD,TRANSITION,2026-01-05 16:49:00,2026-01-05 16:50:00,2,30.39,29.74,55.65
XAUUSD,TIGHT_RANGE,2026-01-05 16:51:00,2026-01-05 16:51:00,1,24.87,43.62,48.3
XAUUSD,TRANSITION,2026-01-05 16:52:00,2026-01-05 16:52:00,1,26.28,39.86,50.27
XAUUSD,TIGHT_RANGE,2026-01-05 16:53:00,2026-01-05 16:55:00,3,20.42,45.42,45.52
XAUUSD,LOW_LIQUIDITY,2026-01-05 16:56:00,2026-01-05 16:56:00,1,26.01,40.18,49.66
XAUUSD,TRANSITION,2026-01-05 16:57:00,2026-01-05 18:13:00,17,41.47,36.6,51.27
XAUUSD,WIDE_RANGE,2026-01-05 18:14:00,2026-01-05 18:23:00,10,20.54,57.22,30.11
XAUUSD,TRANSITION,2026-01-05 18:24:00,2026-01-05 18:26:00,3,27.19,38.81,44.81
XAUUSD,WIDE_RANGE,2026-01-05 18:27:00,2026-01-05 18:27:00,1,25.79,38.85,45.86
XAUUSD,TRANSITION,2026-01-05 18:28:00,2026-01-05 18:36:00,9,37.65,30.08,56.67
XAUUSD,WIDE_RANGE,2026-01-05 18:37:00,2026-01-05 18:37:00,1,30.52,44.99,49.12
XAUUSD,TRANSITION,2026-01-05 18:38:00,2026-01-05 19:07:00,30,33.72,33.34,55.74
XAUUSD,WIDE_RANGE,2026-01-05 19:08:00,2026-01-05 19:19:00,12,25.07,45.24,48.29
XAUUSD,TRANSITION,2026-01-05 19:20:00,2026-01-05 20:09:00,50,30.33,36.48,54.81
XAUUSD,WIDE_RANGE,2026-01-05 20:10:00,2026-01-05 20:13:00,4,38.85,49.02,52.8
XAUUSD,TRANSITION,2026-01-05 20:14:00,2026-01-05 20:15:00,2,42.8,50.62,53.72
XAUUSD,WIDE_RANGE,2026-01-05 20:16:00,2026-01-05 20:21:00,6,33.42,56.37,47.02
XAUUSD,TRANSITION,2026-01-05 20:22:00,2026-01-05 20:22:00,1,40.08,42.93,54.37
XAUUSD,WIDE_RANGE,2026-01-05 20:23:00,2026-01-05 20:25:00,3,24.39,49.93,44.91
XAUUSD,TRANSITION,2026-01-05 20:26:00,2026-01-05 22:43:00,138,35.1,33.3,54.68
XAUUSD,TIGHT_RANGE,2026-01-05 22:44:00,2026-01-05 22:47:00,4,20.92,43.3,44.64
XAUUSD,LOW_LIQUIDITY,2026-01-05 22:48:00,2026-01-05 22:49:00,2,26.9,37.83,49.25
XAUUSD,TIGHT_RANGE,2026-01-05 22:50:00,2026-01-05 22:50:00,1,18.57,42.42,43.92
XAUUSD,LOW_LIQUIDITY,2026-01-05 22:51:00,2026-01-05 22:51:00,1,25.47,34.14,49.95
XAUUSD,TIGHT_RANGE,2026-01-05 22:52:00,2026-01-05 22:52:00,1,23.97,34.06,49.32
XAUUSD,LOW_LIQUIDITY,2026-01-05 22:53:00,2026-01-05 22:56:00,4,31.73,24.35,56.25
XAUUSD,TRANSITION,2026-01-05 22:57:00,2026-01-05 22:58:00,2,26.62,29.28,52.31
XAUUSD,TIGHT_RANGE,2026-01-05 22:59:00,2026-01-05 23:02:00,4,14.22,49.02,40.0
XAUUSD,TRANSITION,2026-01-05 23:03:00,2026-01-05 23:05:00,3,15.67,50.97,40.03
XAUUSD,TIGHT_RANGE,2026-01-05 23:06:00,2026-01-05 23:06:00,1,18.62,39.45,45.32
XAUUSD,TRANSITION,2026-01-05 23:07:00,2026-01-05 23:35:00,29,19.69,45.1,44.17
XAUUSD,TIGHT_RANGE,2026-01-05 23:36:00,2026-01-05 23:40:00,5,19.66,41.34,45.36
XAUUSD,TRANSITION,2026-01-05 23:41:00,2026-01-06 00:41:00,61,30.56,37.25,51.87
XAUUSD,WIDE_RANGE,2026-01-06 00:42:00,2026-01-06 00:42:00,1,28.8,40.64,50.17
XAUUSD,TRANSITION,2026-01-06 00:43:00,2026-01-06 00:44:00,2,35.39,40.41,53.26
XAUUSD,WIDE_RANGE,2026-01-06 00:45:00,2026-01-06 00:45:00,1,34.11,45.51,50.9
XAUUSD,TRANSITION,2026-01-06 00:46:00,2026-01-06 01:08:00,23,49.56,38.84,60.41
XAUUSD,WIDE_RANGE,2026-01-06 01:09:00,2026-01-06 01:15:00,7,27.44,47.41,47.31
XAUUSD,TRANSITION,2026-01-06 01:16:00,2026-01-06 03:42:00,147,31.99,33.62,54.11
XAUUSD,WIDE_RANGE,2026-01-06 03:43:00,2026-01-06 03:43:00,1,25.45,38.46,50.64
XAUUSD,TRANSITION,2026-01-06 03:44:00,2026-01-06 04:24:00,41,32.98,36.22,53.94
XAUUSD,WIDE_RANGE,2026-01-06 04:25:00,2026-01-06 04:25:00,1,33.32,49.59,45.02
XAUUSD,TRANSITION,2026-01-06 04:26:00,2026-01-06 04:28:00,3,33.58,43.74,47.26
XAUUSD,WIDE_RANGE,2026-01-06 04:29:00,2026-01-06 04:29:00,1,28.83,47.07,44.1
XAUUSD,TRANSITION,2026-01-06 04:30:00,2026-01-06 04:40:00,11,23.2,45.2,42.79
XAUUSD,TIGHT_RANGE,2026-01-06 04:41:00,2026-01-06 04:44:00,4,20.06,37.33,45.04
XAUUSD,TRANSITION,2026-01-06 04:45:00,2026-01-06 05:05:00,21,38.25,30.46,56.24
XAUUSD,WIDE_RANGE,2026-01-06 05:06:00,2026-01-06 05:06:00,1,31.45,43.1,48.75
XAUUSD,TRANSITION,2026-01-06 05:07:00,2026-01-06 06:01:00,55,24.8,39.32,47.59
XAUUSD,TIGHT_RANGE,2026-01-06 06:02:00,2026-01-06 06:02:00,1,17.62,48.55,42.25
XAUUSD,LOW_LIQUIDITY,2026-01-06 06:03:00,2026-01-06 06:03:00,1,29.55,27.81,55.0
XAUUSD,TIGHT_RANGE,2026-01-06 06:04:00,2026-01-06 06:15:00,12,20.33,40.71,46.92
XAUUSD,LOW_LIQUIDITY,2026-01-06 06:16:00,2026-01-06 06:17:00,2,29.85,22.05,57.59
XAUUSD,TRANSITION,2026-01-06 06:18:00,2026-01-06 06:35:00,18,34.78,36.3,53.92
XAUUSD,STRONG_TREND_UP,2026-01-06 06:36:00,2026-01-06 06:36:00,1,70.54,19.99,75.68
XAUUSD,TRANSITION,2026-01-06 06:37:00,2026-01-06 08:05:00,89,30.19,37.63,51.95
XAUUSD,WIDE_RANGE,2026-01-06 08:06:00,2026-01-06 08:08:00,3,23.92,42.42,49.19
XAUUSD,TRANSITION,2026-01-06 08:09:00,2026-01-06 08:11:00,3,37.65,24.77,61.45
XAUUSD,WIDE_RANGE,2026-01-06 08:12:00,2026-01-06 08:15:00,4,33.7,40.05,54.49
XAUUSD,TRANSITION,2026-01-06 08:16:00,2026-01-06 08:17:00,2,39.3,40.07,57.16
XAUUSD,WIDE_RANGE,2026-01-06 08:18:00,2026-01-06 08:29:00,12,26.44,48.49,48.33
XAUUSD,TRANSITION,2026-01-06 08:30:00,2026-01-06 08:31:00,2,37.45,37.83,56.98
XAUUSD,WIDE_RANGE,2026-01-06 08:32:00,2026-01-06 08:32:00,1,34.42,42.7,54.0
XAUUSD,TRANSITION,2026-01-06 08:33:00,2026-01-06 08:39:00,7,42.14,34.13,60.5
XAUUSD,WIDE_RANGE,2026-01-06 08:40:00,2026-01-06 08:42:00,3,30.83,44.83,51.67
XAUUSD,TRANSITION,2026-01-06 08:43:00,2026-01-06 10:15:00,93,36.16,33.59,56.44
XAUUSD,WIDE_RANGE,2026-01-06 10:16:00,2026-01-06 10:16:00,1,29.09,43.51,49.05
XAUUSD,TRANSITION,2026-01-06 10:17:00,2026-01-06 10:38:00,22,30.24,43.82,49.35
XAUUSD,WIDE_RANGE,2026-01-06 10:39:00,2026-01-06 10:46:00,8,26.21,52.75,44.74
XAUUSD,TRANSITION,2026-01-06 10:47:00,2026-01-06 11:25:00,39,26.29,38.72,49.45
XAUUSD,LOW_LIQUIDITY,2026-01-06 11:26:00,2026-01-06 11:42:00,17,39.11,26.44,59.92
XAUUSD,TRANSITION,2026-01-06 11:43:00,2026-01-06 12:09:00,27,22.31,41.41,46.53
XAUUSD,TIGHT_RANGE,2026-01-06 12:10:00,2026-01-06 12:10:00,1,24.15,31.09,50.8
XAUUSD,TRANSITION,2026-01-06 12:11:00,2026-01-06 12:20:00,10,22.63,39.08,47.43
XAUUSD,TIGHT_RANGE,2026-01-06 12:21:00,2026-01-06 12:33:00,13,20.22,44.12,45.12
XAUUSD,TRANSITION,2026-01-06 12:34:00,2026-01-06 12:34:00,1,22.84,46.54,46.08
XAUUSD,TIGHT_RANGE,2026-01-06 12:35:00,2026-01-06 12:35:00,1,20.66,48.02,44.59
XAUUSD,TRANSITION,2026-01-06 12:36:00,2026-01-06 15:57:00,202,29.61,37.74,52.24
XAUUSD,STRONG_TREND_UP,2026-01-06 15:58:00,2026-01-06 15:58:00,1,66.34,18.52,74.43
XAUUSD,TRANSITION,2026-01-06 15:59:00,2026-01-06 16:24:00,26,27.7,36.42,50.65
XAUUSD,TIGHT_RANGE,2026-01-06 16:25:00,2026-01-06 16:29:00,5,17.84,38.86,46.24
XAUUSD,LOW_LIQUIDITY,2026-01-06 16:30:00,2026-01-06 16:40:00,11,41.87,26.65,61.25
XAUUSD,TRANSITION,2026-01-06 16:41:00,2026-01-06 16:41:00,1,43.31,27.18,61.51
XAUUSD,LOW_LIQUIDITY,2026-01-06 16:42:00,2026-01-06 16:50:00,9,34.98,31.76,55.69
XAUUSD,TRANSITION,2026-01-06 16:51:00,2026-01-06 18:17:00,27,22.52,44.23,41.76
XAUUSD,WIDE_RANGE,2026-01-06 18:18:00,2026-01-06 18:18:00,1,29.04,49.01,37.8
XAUUSD,TRANSITION,2026-01-06 18:19:00,2026-01-06 18:58:00,40,29.1,36.25,51.11
XAUUSD,WIDE_RANGE,2026-01-06 18:59:00,2026-01-06 19:00:00,2,29.18,35.23,53.05
XAUUSD,TRANSITION,2026-01-06 19:01:00,2026-01-06 19:03:00,3,33.3,34.69,55.31
XAUUSD,WIDE_RANGE,2026-01-06 19:04:00,2026-01-06 19:04:00,1,30.22,41.44,51.65
XAUUSD,TRANSITION,2026-01-06 19:05:00,2026-01-06 19:06:00,2,34.8,33.74,56.62
XAUUSD,WIDE_RANGE,2026-01-06 19:07:00,2026-01-06 19:15:00,9,29.4,44.88,50.47
XAUUSD,TRANSITION,2026-01-06 19:16:00,2026-01-06 19:17:00,2,32.27,30.25,56.89
XAUUSD,WIDE_RANGE,2026-01-06 19:18:00,2026-01-06 19:18:00,1,26.95,31.77,53.88
XAUUSD,TRANSITION,2026-01-06 19:19:00,2026-01-06 19:48:00,30,25.36,40.89,49.91
XAUUSD,WIDE_RANGE,2026-01-06 19:49:00,2026-01-06 19:50:00,2,29.68,39.6,52.96
XAUUSD,TRANSITION,2026-01-06 19:51:00,2026-01-06 19:59:00,9,37.5,31.42,59.26
XAUUSD,WIDE_RANGE,2026-01-06 20:00:00,2026-01-06 20:00:00,1,28.98,52.97,47.63
XAUUSD,TRANSITION,2026-01-06 20:01:00,2026-01-06 20:11:00,11,42.17,36.81,57.87
XAUUSD,WIDE_RANGE,2026-01-06 20:12:00,2026-01-06 20:12:00,1,38.06,54.76,48.88
XAUUSD,TRANSITION,2026-01-06 20:13:00,2026-01-06 20:20:00,8,43.62,47.18,53.46
XAUUSD,WIDE_RANGE,2026-01-06 20:21:00,2026-01-06 20:34:00,14,30.31,59.44,42.45
XAUUSD,TRANSITION,2026-01-06 20:35:00,2026-01-06 20:36:00,2,32.69,45.52,48.25
XAUUSD,WIDE_RANGE,2026-01-06 20:37:00,2026-01-06 20:37:00,1,29.69,51.71,44.62
XAUUSD,TRANSITION,2026-01-06 20:38:00,2026-01-06 20:38:00,1,36.72,44.62,50.05
XAUUSD,WIDE_RANGE,2026-01-06 20:39:00,2026-01-06 20:41:00,3,34.15,52.65,45.73
XAUUSD,TRANSITION,2026-01-06 20:42:00,2026-01-06 21:23:00,42,31.47,42.68,47.67
XAUUSD,TIGHT_RANGE,2026-01-06 21:24:00,2026-01-06 21:24:00,1,22.73,50.27,41.96
XAUUSD,TRANSITION,2026-01-06 21:25:00,2026-01-06 21:29:00,5,28.57,38.31,49.58
XAUUSD,TIGHT_RANGE,2026-01-06 21:30:00,2026-01-06 21:30:00,1,23.19,50.94,43.5
XAUUSD,TRANSITION,2026-01-06 21:31:00,2026-01-06 21:35:00,5,26.06,44.08,47.8
XAUUSD,LOW_LIQUIDITY,2026-01-06 21:36:00,2026-01-06 21:36:00,1,31.2,34.6,53.51
XAUUSD,TIGHT_RANGE,2026-01-06 21:37:00,2026-01-06 21:37:00,1,22.59,39.81,47.78
XAUUSD,LOW_LIQUIDITY,2026-01-06 21:38:00,2026-01-06 21:38:00,1,29.29,33.26,53.11
XAUUSD,TRANSITION,2026-01-06 21:39:00,2026-01-06 22:36:00,58,23.95,38.88,49.16
XAUUSD,TIGHT_RANGE,2026-01-06 22:37:00,2026-01-06 22:41:00,5,23.11,41.41,47.82
XAUUSD,TRANSITION,2026-01-06 22:42:00,2026-01-06 22:42:00,1,18.96,42.27,45.52
XAUUSD,TIGHT_RANGE,2026-01-06 22:43:00,2026-01-06 22:51:00,9,17.95,44.2,44.36
XAUUSD,TRANSITION,2026-01-06 22:52:00,2026-01-07 00:55:00,124,32.95,36.85,53.58
XAUUSD,WIDE_RANGE,2026-01-07 00:56:00,2026-01-07 00:57:00,2,31.34,64.63,42.2
XAUUSD,WHIPSAW,2026-01-07 00:58:00,2026-01-07 00:58:00,1,26.56,70.16,38.16
XAUUSD,WIDE_RANGE,2026-01-07 00:59:00,2026-01-07 01:04:00,6,28.97,63.81,41.54
XAUUSD,TRANSITION,2026-01-07 01:05:00,2026-01-07 01:50:00,46,35.34,29.84,56.49
XAUUSD,WIDE_RANGE,2026-01-07 01:51:00,2026-01-07 01:51:00,1,27.2,42.18,48.81
XAUUSD,TRANSITION,2026-01-07 01:52:00,2026-01-07 02:20:00,29,28.28,40.16,50.06
XAUUSD,LOW_LIQUIDITY,2026-01-07 02:21:00,2026-01-07 02:21:00,1,57.24,23.18,69.27
XAUUSD,TRANSITION,2026-01-07 02:22:00,2026-01-07 02:22:00,1,39.25,32.17,57.95
XAUUSD,LOW_LIQUIDITY,2026-01-07 02:23:00,2026-01-07 02:29:00,7,38.37,28.56,58.66
XAUUSD,TRANSITION,2026-01-07 02:30:00,2026-01-07 06:53:00,264,29.98,33.71,53.57
XAUUSD,WIDE_RANGE,2026-01-07 06:54:00,2026-01-07 07:07:00,14,26.16,50.46,45.07
XAUUSD,TRANSITION,2026-01-07 07:08:00,2026-01-07 07:08:00,1,33.12,44.91,50.33
XAUUSD,WIDE_RANGE,2026-01-07 07:09:00,2026-01-07 07:09:00,1,28.15,51.42,45.84
XAUUSD,TRANSITION,2026-01-07 07:10:00,2026-01-07 07:14:00,5,34.45,40.67,52.4
XAUUSD,WIDE_RANGE,2026-01-07 07:15:00,2026-01-07 07:15:00,1,33.79,42.97,51.37
XAUUSD,TRANSITION,2026-01-07 07:16:00,2026-01-07 07:20:00,5,33.1,39.4,52.36
XAUUSD,WIDE_RANGE,2026-01-07 07:21:00,2026-01-07 07:29:00,9,28.41,53.05,45.58
XAUUSD,TRANSITION,2026-01-07 07:30:00,2026-01-07 08:22:00,53,38.32,36.37,54.39
XAUUSD,WIDE_RANGE,2026-01-07 08:23:00,2026-01-07 08:27:00,5,32.3,58.48,44.32
XAUUSD,TRANSITION,2026-01-07 08:28:00,2026-01-07 08:34:00,7,38.38,40.0,54.16
XAUUSD,WIDE_RANGE,2026-01-07 08:35:00,2026-01-07 08:37:00,3,27.59,49.75,47.3
XAUUSD,TRANSITION,2026-01-07 08:38:00,2026-01-07 09:44:00,67,27.32,40.07,50.85
XAUUSD,WIDE_RANGE,2026-01-07 09:45:00,2026-01-07 09:49:00,5,20.97,53.05,42.87
XAUUSD,TRANSITION,2026-01-07 09:50:00,2026-01-07 12:08:00,139,31.63,36.21,53.4
XAUUSD,LOW_LIQUIDITY,2026-01-07 12:09:00,2026-01-07 12:10:00,2,40.09,13.95,65.74
XAUUSD,TRANSITION,2026-01-07 12:11:00,2026-01-07 12:20:00,10,30.59,30.32,55.63
XAUUSD,TIGHT_RANGE,2026-01-07 12:21:00,2026-01-07 12:21:00,1,16.93,47.28,43.69
XAUUSD,TRANSITION,2026-01-07 12:22:00,2026-01-07 12:23:00,2,20.36,41.53,47.15
XAUUSD,TIGHT_RANGE,2026-01-07 12:24:00,2026-01-07 12:24:00,1,24.4,35.45,50.96
XAUUSD,TRANSITION,2026-01-07 12:25:00,2026-01-07 12:25:00,1,26.29,26.16,54.96
XAUUSD,LOW_LIQUIDITY,2026-01-07 12:26:00,2026-01-07 12:27:00,2,25.47,26.23,54.45
XAUUSD,TIGHT_RANGE,2026-01-07 12:28:00,2026-01-07 12:35:00,8,20.83,46.94,44.72
XAUUSD,TRANSITION,2026-01-07 12:36:00,2026-01-07 12:37:00,2,30.19,31.55,53.69
XAUUSD,LOW_LIQUIDITY,2026-01-07 12:38:00,2026-01-07 12:38:00,1,23.43,36.03,48.84
XAUUSD,TRANSITION,2026-01-07 12:39:00,2026-01-07 16:20:00,222,28.84,36.95,51.37
XAUUSD,LOW_LIQUIDITY,2026-01-07 16:21:00,2026-01-07 16:21:00,1,27.55,33.68,50.67
XAUUSD,TIGHT_RANGE,2026-01-07 16:22:00,2026-01-07 16:49:00,28,17.16,44.9,42.2
XAUUSD,TRANSITION,2026-01-07 16:50:00,2026-01-07 16:50:00,1,36.27,24.82,57.43
XAUUSD,LOW_LIQUIDITY,2026-01-07 16:51:00,2026-01-07 16:52:00,2,34.48,34.01,53.48
XAUUSD,TRANSITION,2026-01-07 16:53:00,2026-01-07 16:53:00,1,31.69,38.69,50.58
XAUUSD,LOW_LIQUIDITY,2026-01-07 16:54:00,2026-01-07 16:54:00,1,41.77,32.39,57.36
XAUUSD,TRANSITION,2026-01-07 16:55:00,2026-01-07 19:55:00,121,34.93,33.9,54.28
XAUUSD,WIDE_RANGE,2026-01-07 19:56:00,2026-01-07 19:58:00,3,32.64,49.75,49.39
XAUUSD,TRANSITION,2026-01-07 19:59:00,2026-01-07 20:00:00,2,37.11,35.91,55.77
XAUUSD,WIDE_RANGE,2026-01-07 20:01:00,2026-01-07 20:04:00,4,28.53,57.38,43.48
XAUUSD,TRANSITION,2026-01-07 20:05:00,2026-01-07 20:14:00,10,47.36,43.08,56.01
XAUUSD,WIDE_RANGE,2026-01-07 20:15:00,2026-01-07 20:18:00,4,32.77,49.8,47.08
XAUUSD,TRANSITION,2026-01-07 20:19:00,2026-01-07 20:24:00,6,44.96,35.66,57.79
XAUUSD,WIDE_RANGE,2026-01-07 20:25:00,2026-01-07 20:28:00,4,25.29,46.47,45.26
XAUUSD,TRANSITION,2026-01-07 20:29:00,2026-01-07 20:30:00,2,35.61,29.04,55.99
XAUUSD,WIDE_RANGE,2026-01-07 20:31:00,2026-01-07 20:32:00,2,32.14,35.09,52.39
XAUUSD,TRANSITION,2026-01-07 20:33:00,2026-01-07 20:34:00,2,34.62,33.27,54.29
XAUUSD,WIDE_RANGE,2026-01-07 20:35:00,2026-01-07 20:39:00,5,30.14,45.38,48.1
XAUUSD,TRANSITION,2026-01-07 20:40:00,2026-01-07 22:38:00,119,27.52,38.85,49.72
XAUUSD,TIGHT_RANGE,2026-01-07 22:39:00,2026-01-07 22:40:00,2,16.76,40.56,44.39
XAUUSD,LOW_LIQUIDITY,2026-01-07 22:41:00,2026-01-07 22:43:00,3,30.4,31.9,53.68
XAUUSD,TIGHT_RANGE,2026-01-07 22:44:00,2026-01-07 22:44:00,1,25.71,39.84,48.87
XAUUSD,LOW_LIQUIDITY,2026-01-07 22:45:00,2026-01-07 22:47:00,3,32.26,32.46,54.45
XAUUSD,TIGHT_RANGE,2026-01-07 22:48:00,2026-01-07 22:48:00,1,27.86,37.99,50.6
XAUUSD,LOW_LIQUIDITY,2026-01-07 22:49:00,2026-01-07 22:49:00,1,26.39,36.39,50.44
XAUUSD,TIGHT_RANGE,2026-01-07 22:50:00,2026-01-07 22:50:00,1,27.12,40.08,49.47
XAUUSD,LOW_LIQUIDITY,2026-01-07 22:51:00,2026-01-07 22:56:00,6,27.31,29.53,53.1
XAUUSD,TIGHT_RANGE,2026-01-07 22:57:00,2026-01-07 22:59:00,3,18.23,53.6,40.85
XAUUSD,LOW_LIQUIDITY,2026-01-07 23:00:00,2026-01-07 23:00:00,1,28.77,34.42,52.33
XAUUSD,TRANSITION,2026-01-07 23:01:00,2026-01-07 23:15:00,15,28.8,35.99,51.94
XAUUSD,TIGHT_RANGE,2026-01-07 23:16:00,2026-01-07 23:29:00,14,18.54,45.4,44.56
XAUUSD,LOW_LIQUIDITY,2026-01-07 23:30:00,2026-01-07 23:32:00,3,22.72,31.61,50.99
XAUUSD,TRANSITION,2026-01-07 23:33:00,2026-01-08 00:21:00,49,32.72,30.49,55.43
XAUUSD,WIDE_RANGE,2026-01-08 00:22:00,2026-01-08 00:26:00,5,27.95,43.62,48.55
XAUUSD,TRANSITION,2026-01-08 00:27:00,2026-01-08 00:28:00,2,29.91,23.65,56.33
XAUUSD,WIDE_RANGE,2026-01-08 00:29:00,2026-01-08 00:31:00,3,26.55,39.3,49.45
XAUUSD,TRANSITION,2026-01-08 00:32:00,2026-01-08 00:33:00,2,36.76,32.89,56.35
XAUUSD,WIDE_RANGE,2026-01-08 00:34:00,2026-01-08 00:41:00,8,29.72,48.49,47.97
XAUUSD,TRANSITION,2026-01-08 00:42:00,2026-01-08 00:44:00,3,38.72,35.94,56.24
XAUUSD,WIDE_RANGE,2026-01-08 00:45:00,2026-01-08 01:00:00,16,31.15,49.56,47.83
XAUUSD,TRANSITION,2026-01-08 01:01:00,2026-01-08 01:03:00,3,38.31,34.88,56.09
XAUUSD,WIDE_RANGE,2026-01-08 01:04:00,2026-01-08 01:16:00,13,22.96,48.59,44.51
XAUUSD,TRANSITION,2026-01-08 01:17:00,2026-01-08 01:17:00,1,34.61,35.48,54.28
XAUUSD,WIDE_RANGE,2026-01-08 01:18:00,2026-01-08 01:23:00,6,27.88,47.63,46.9
XAUUSD,TRANSITION,2026-01-08 01:24:00,2026-01-08 05:01:00,218,28.37,36.02,51.94
XAUUSD,TIGHT_RANGE,2026-01-08 05:02:00,2026-01-08 05:02:00,1,21.73,31.02,51.46
XAUUSD,TRANSITION,2026-01-08 05:03:00,2026-01-08 07:19:00,137,30.52,34.8,53.14
XAUUSD,WIDE_RANGE,2026-01-08 07:20:00,2026-01-08 07:26:00,7,33.79,52.39,47.95
XAUUSD,TRANSITION,2026-01-08 07:27:00,2026-01-08 07:28:00,2,40.91,43.62,54.34
XAUUSD,WIDE_RANGE,2026-01-08 07:29:00,2026-01-08 07:31:00,3,31.42,52.8,46.92
XAUUSD,TRANSITION,2026-01-08 07:32:00,2026-01-08 08:16:00,45,42.28,33.82,58.55
XAUUSD,WIDE_RANGE,2026-01-08 08:17:00,2026-01-08 08:21:00,5,36.59,49.17,51.56
XAUUSD,TRANSITION,2026-01-08 08:22:00,2026-01-08 08:33:00,12,45.65,38.51,59.45
XAUUSD,WIDE_RANGE,2026-01-08 08:34:00,2026-01-08 08:34:00,1,27.76,46.61,47.85
XAUUSD,TRANSITION,2026-01-08 08:35:00,2026-01-08 08:40:00,6,30.17,43.77,49.61
XAUUSD,WIDE_RANGE,2026-01-08 08:41:00,2026-01-08 08:41:00,1,21.4,57.69,40.35
XAUUSD,TRANSITION,2026-01-08 08:42:00,2026-01-08 09:38:00,57,26.29,40.52,48.73
XAUUSD,WIDE_RANGE,2026-01-08 09:39:00,2026-01-08 09:57:00,19,26.1,50.75,45.41
XAUUSD,TRANSITION,2026-01-08 09:58:00,2026-01-08 12:44:00,167,26.98,37.87,50.36
XAUUSD,TIGHT_RANGE,2026-01-08 12:45:00,2026-01-08 12:52:00,8,21.71,36.08,48.38
XAUUSD,TRANSITION,2026-01-08 12:53:00,2026-01-08 12:53:00,1,27.77,33.14,52.17
XAUUSD,LOW_LIQUIDITY,2026-01-08 12:54:00,2026-01-08 12:54:00,1,35.5,24.22,58.76
XAUUSD,TIGHT_RANGE,2026-01-08 12:55:00,2026-01-08 12:55:00,1,27.32,27.95,53.72
XAUUSD,LOW_LIQUIDITY,2026-01-08 12:56:00,2026-01-08 12:57:00,2,32.33,20.13,58.69
XAUUSD,TIGHT_RANGE,2026-01-08 12:58:00,2026-01-08 12:59:00,2,23.94,31.25,51.02
XAUUSD,TRANSITION,2026-01-08 13:00:00,2026-01-08 15:25:00,146,31.19,35.54,53.09
XAUUSD,STRONG_TREND_UP,2026-01-08 15:26:00,2026-01-08 15:27:00,2,69.64,21.54,75.78
XAUUSD,TRANSITION,2026-01-08 15:28:00,2026-01-08 15:29:00,2,62.94,26.32,71.13
XAUUSD,STRONG_TREND_UP,2026-01-08 15:30:00,2026-01-08 15:31:00,2,66.87,25.36,73.27
XAUUSD,TRANSITION,2026-01-08 15:32:00,2026-01-08 15:32:00,1,63.31,27.41,70.93
XAUUSD,STRONG_TREND_UP,2026-01-08 15:33:00,2026-01-08 15:34:00,2,67.15,30.46,71.67
XAUUSD,TRANSITION,2026-01-08 15:35:00,2026-01-08 15:35:00,1,64.4,33.95,69.16
XAUUSD,STRONG_TREND_UP,2026-01-08 15:36:00,2026-01-08 15:36:00,1,67.18,31.74,71.23
XAUUSD,TRANSITION,2026-01-08 15:37:00,2026-01-08 15:46:00,10,45.18,41.22,57.58
XAUUSD,WIDE_RANGE,2026-01-08 15:47:00,2026-01-08 15:48:00,2,28.97,54.85,44.88
XAUUSD,TRANSITION,2026-01-08 15:49:00,2026-01-08 15:49:00,1,44.88,35.46,58.8
XAUUSD,WIDE_RANGE,2026-01-08 15:50:00,2026-01-08 15:55:00,6,24.24,53.7,43.11
XAUUSD,TRANSITION,2026-01-08 15:56:00,2026-01-08 16:50:00,55,26.9,38.0,49.36
XAUUSD,LOW_LIQUIDITY,2026-01-08 16:51:00,2026-01-08 16:51:00,1,31.37,46.78,48.63
XAUUSD,TRANSITION,2026-01-08 16:52:00,2026-01-08 16:52:00,1,41.47,40.18,55.6
XAUUSD,LOW_LIQUIDITY,2026-01-08 16:53:00,2026-01-08 16:59:00,7,35.56,37.0,54.23
XAUUSD,TRANSITION,2026-01-08 18:00:00,2026-01-08 18:45:00,46,22.36,46.0,43.21
XAUUSD,LOW_LIQUIDITY,2026-01-08 18:46:00,2026-01-08 18:46:00,1,30.37,25.3,57.19
XAUUSD,TRANSITION,2026-01-08 18:47:00,2026-01-08 20:10:00,84,33.28,38.43,52.82
XAUUSD,WIDE_RANGE,2026-01-08 20:11:00,2026-01-08 20:18:00,8,33.91,63.63,40.27
XAUUSD,TRANSITION,2026-01-08 20:19:00,2026-01-08 20:21:00,3,38.55,45.86,50.59
XAUUSD,WIDE_RANGE,2026-01-08 20:22:00,2026-01-08 20:38:00,17,28.57,50.84,45.49
XAUUSD,TRANSITION,2026-01-08 20:39:00,2026-01-08 22:49:00,131,31.1,32.27,55.57
XAUUSD,LOW_LIQUIDITY,2026-01-08 22:50:00,2026-01-08 22:55:00,6,29.35,26.64,55.64
XAUUSD,TIGHT_RANGE,2026-01-08 22:56:00,2026-01-08 23:08:00,13,18.49,44.58,44.3
XAUUSD,TRANSITION,2026-01-08 23:09:00,2026-01-09 00:26:00,78,22.72,39.05,48.05
XAUUSD,WIDE_RANGE,2026-01-09 00:27:00,2026-01-09 00:29:00,3,26.68,43.17,48.66
XAUUSD,TRANSITION,2026-01-09 00:30:00,2026-01-09 00:46:00,17,43.08,33.65,59.15
XAUUSD,WIDE_RANGE,2026-01-09 00:47:00,2026-01-09 00:50:00,4,28.13,51.54,46.04
XAUUSD,TRANSITION,2026-01-09 00:51:00,2026-01-09 03:06:00,136,29.45,39.28,50.84
XAUUSD,WIDE_RANGE,2026-01-09 03:07:00,2026-01-09 03:11:00,5,30.52,48.43,48.26
XAUUSD,TRANSITION,2026-01-09 03:12:00,2026-01-09 03:12:00,1,24.52,49.48,45.36
XAUUSD,WIDE_RANGE,2026-01-09 03:13:00,2026-01-09 03:20:00,8,26.31,45.7,47.81
XAUUSD,TRANSITION,2026-01-09 03:21:00,2026-01-09 07:10:00,230,30.42,35.43,51.62
XAUUSD,WIDE_RANGE,2026-01-09 07:11:00,2026-01-09 07:19:00,9,22.38,46.16,45.5
XAUUSD,TRANSITION,2026-01-09 07:20:00,2026-01-09 07:44:00,25,47.85,32.4,61.6
XAUUSD,WIDE_RANGE,2026-01-09 07:45:00,2026-01-09 07:49:00,5,28.02,52.94,46.08
XAUUSD,TRANSITION,2026-01-09 07:50:00,2026-01-09 08:00:00,11,23.34,48.77,45.16
XAUUSD,WIDE_RANGE,2026-01-09 08:01:00,2026-01-09 08:04:00,4,35.98,40.36,53.44
XAUUSD,TRANSITION,2026-01-09 08:05:00,2026-01-09 08:07:00,3,43.5,39.74,56.77
XAUUSD,WIDE_RANGE,2026-01-09 08:08:00,2026-01-09 08:31:00,24,29.96,47.81,48.2
XAUUSD,TRANSITION,2026-01-09 08:32:00,2026-01-09 08:50:00,19,49.55,45.82,56.97
XAUUSD,WIDE_RANGE,2026-01-09 08:51:00,2026-01-09 08:57:00,7,28.9,57.13,44.3
XAUUSD,TRANSITION,2026-01-09 08:58:00,2026-01-09 08:58:00,1,36.81,38.82,54.25
XAUUSD,WIDE_RANGE,2026-01-09 08:59:00,2026-01-09 09:01:00,3,28.2,48.89,46.84
XAUUSD,TRANSITION,2026-01-09 09:02:00,2026-01-09 13:07:00,246,28.25,36.96,51.28
XAUUSD,WIDE_RANGE,2026-01-09 13:08:00,2026-01-09 13:08:00,1,33.93,39.68,51.98
XAUUSD,TRANSITION,2026-01-09 13:09:00,2026-01-09 13:09:00,1,34.52,37.26,53.16
XAUUSD,WIDE_RANGE,2026-01-09 13:10:00,2026-01-09 13:13:00,4,25.67,49.55,44.92
XAUUSD,TRANSITION,2026-01-09 13:14:00,2026-01-09 14:25:00,72,32.36,39.72,52.06
XAUUSD,LOW_LIQUIDITY,2026-01-09 14:26:00,2026-01-09 14:29:00,4,37.83,32.9,57.48
XAUUSD,TRANSITION,2026-01-09 14:30:00,2026-01-09 14:30:00,1,21.57,37.44,48.5
XAUUSD,TIGHT_RANGE,2026-01-09 14:31:00,2026-01-09 14:31:00,1,21.26,37.64,48.28
XAUUSD,TRANSITION,2026-01-09 14:32:00,2026-01-09 14:32:00,1,17.84,41.11,45.53
XAUUSD,TIGHT_RANGE,2026-01-09 14:33:00,2026-01-09 14:35:00,3,18.1,44.16,44.69
XAUUSD,TRANSITION,2026-01-09 14:36:00,2026-01-09 14:36:00,1,20.71,45.8,45.34
XAUUSD,TIGHT_RANGE,2026-01-09 14:37:00,2026-01-09 14:37:00,1,20.58,46.4,45.04
XAUUSD,TRANSITION,2026-01-09 14:38:00,2026-01-09 16:21:00,104,29.1,36.56,51.81
XAUUSD,LOW_LIQUIDITY,2026-01-09 16:22:00,2026-01-09 16:32:00,11,30.07,30.97,53.65
XAUUSD,TIGHT_RANGE,2026-01-09 16:33:00,2026-01-09 16:38:00,6,14.03,46.4,40.62
XAUUSD,LOW_LIQUIDITY,2026-01-09 16:39:00,2026-01-09 16:43:00,5,34.93,30.16,55.48
XAUUSD,TRANSITION,2026-01-09 16:44:00,2026-01-11 18:26:00,43,35.68,43.68,45.68
XAUUSD,WIDE_RANGE,2026-01-11 18:27:00,2026-01-11 18:27:00,1,31.33,51.79,46.23
XAUUSD,TRANSITION,2026-01-11 18:28:00,2026-01-11 18:35:00,8,42.77,38.35,57.83
XAUUSD,WIDE_RANGE,2026-01-11 18:36:00,2026-01-11 18:36:00,1,29.64,41.46,50.68
XAUUSD,TRANSITION,2026-01-11 18:37:00,2026-01-11 18:37:00,1,31.71,36.99,53.03
XAUUSD,WIDE_RANGE,2026-01-11 18:38:00,2026-01-11 18:38:00,1,30.68,38.25,52.19
XAUUSD,TRANSITION,2026-01-11 18:39:00,2026-01-11 18:47:00,9,39.14,31.66,58.97
XAUUSD,WIDE_RANGE,2026-01-11 18:48:00,2026-01-11 18:49:00,2,27.48,39.86,50.77
XAUUSD,TRANSITION,2026-01-11 18:50:00,2026-01-11 19:15:00,26,34.28,37.72,55.68
XAUUSD,STRONG_TREND_UP,2026-01-11 19:16:00,2026-01-11 19:21:00,6,72.72,19.48,79.14
XAUUSD,TRANSITION,2026-01-11 19:22:00,2026-01-11 19:42:00,21,55.37,24.46,69.08
XAUUSD,STRONG_TREND_UP,2026-01-11 19:43:00,2026-01-11 19:51:00,9,70.25,23.97,76.05
XAUUSD,TRANSITION,2026-01-11 19:52:00,2026-01-11 19:56:00,5,52.89,30.83,65.63
XAUUSD,WIDE_RANGE,2026-01-11 19:57:00,2026-01-11 20:07:00,11,28.05,50.71,46.9
XAUUSD,TRANSITION,2026-01-11 20:08:00,2026-01-11 20:08:00,1,38.24,41.62,53.94
XAUUSD,WIDE_RANGE,2026-01-11 20:09:00,2026-01-11 20:12:00,4,32.88,49.58,48.6
XAUUSD,TRANSITION,2026-01-11 20:13:00,2026-01-11 20:19:00,7,37.42,36.77,55.0
XAUUSD,WIDE_RANGE,2026-01-11 20:20:00,2026-01-11 20:20:00,1,34.98,42.31,51.9
XAUUSD,TRANSITION,2026-01-11 20:21:00,2026-01-11 20:21:00,1,40.15,32.59,57.55
XAUUSD,WIDE_RANGE,2026-01-11 20:22:00,2026-01-11 20:26:00,5,33.24,45.13,50.17
XAUUSD,TRANSITION,2026-01-11 20:27:00,2026-01-11 21:28:00,62,25.84,41.58,48.46
XAUUSD,TIGHT_RANGE,2026-01-11 21:29:00,2026-01-11 21:32:00,4,17.37,47.27,42.81
XAUUSD,TRANSITION,2026-01-11 21:33:00,2026-01-11 21:58:00,26,32.54,29.18,56.1
XAUUSD,TIGHT_RANGE,2026-01-11 21:59:00,2026-01-11 21:59:00,1,25.71,30.37,53.84
XAUUSD,TRANSITION,2026-01-11 22:00:00,2026-01-11 22:12:00,13,20.23,42.95,48.17
XAUUSD,TIGHT_RANGE,2026-01-11 22:13:00,2026-01-11 22:28:00,16,21.21,43.67,48.91
XAUUSD,LOW_LIQUIDITY,2026-01-11 22:29:00,2026-01-11 22:29:00,1,36.88,32.03,59.99
XAUUSD,TRANSITION,2026-01-11 22:30:00,2026-01-12 00:52:00,143,28.3,35.27,52.77
XAUUSD,WIDE_RANGE,2026-01-12 00:53:00,2026-01-12 00:56:00,4,29.08,44.44,49.36
XAUUSD,TRANSITION,2026-01-12 00:57:00,2026-01-12 00:57:00,1,38.33,36.91,56.14
XAUUSD,WIDE_RANGE,2026-01-12 00:58:00,2026-01-12 01:03:00,6,28.65,44.61,49.26
XAUUSD,TRANSITION,2026-01-12 01:04:00,2026-01-12 07:12:00,369,29.93,35.97,52.51
XAUUSD,WIDE_RANGE,2026-01-12 07:13:00,2026-01-12 07:18:00,6,26.26,46.96,47.03
XAUUSD,TRANSITION,2026-01-12 07:19:00,2026-01-12 07:23:00,5,32.74,36.79,53.31
XAUUSD,WIDE_RANGE,2026-01-12 07:24:00,2026-01-12 07:24:00,1,27.7,46.12,47.72
XAUUSD,TRANSITION,2026-01-12 07:25:00,2026-01-12 08:04:00,40,38.95,34.07,57.4
XAUUSD,STRONG_TREND_UP,2026-01-12 08:05:00,2026-01-12 08:17:00,13,70.93,27.53,74.31
XAUUSD,TRANSITION,2026-01-12 08:18:00,2026-01-12 08:26:00,9,53.53,35.91,63.04
XAUUSD,WIDE_RANGE,2026-01-12 08:27:00,2026-01-12 08:32:00,6,28.76,44.43,48.3
XAUUSD,TRANSITION,2026-01-12 08:33:00,2026-01-12 08:40:00,8,28.22,46.8,46.45
XAUUSD,WIDE_RANGE,2026-01-12 08:41:00,2026-01-12 08:43:00,3,21.8,54.48,40.76
XAUUSD,TRANSITION,2026-01-12 08:44:00,2026-01-12 09:04:00,21,32.87,38.93,51.87
XAUUSD,WIDE_RANGE,2026-01-12 09:05:00,2026-01-12 09:06:00,2,25.36,45.3,46.42
XAUUSD,TRANSITION,2026-01-12 09:07:00,2026-01-12 09:22:00,16,49.7,34.42,60.79
XAUUSD,WIDE_RANGE,2026-01-12 09:23:00,2026-01-12 09:24:00,2,26.77,52.36,44.18
XAUUSD,TRANSITION,2026-01-12 09:25:00,2026-01-12 09:27:00,3,37.83,32.63,55.77
XAUUSD,WIDE_RANGE,2026-01-12 09:28:00,2026-01-12 09:28:00,1,29.05,45.65,47.32
XAUUSD,TRANSITION,2026-01-12 09:29:00,2026-01-12 09:29:00,1,31.79,37.81,51.35
XAUUSD,WIDE_RANGE,2026-01-12 09:30:00,2026-01-12 09:48:00,19,29.1,53.0,45.8
XAUUSD,TRANSITION,2026-01-12 09:49:00,2026-01-12 09:49:00,1,35.55,40.71,53.07
XAUUSD,WIDE_RANGE,2026-01-12 09:50:00,2026-01-12 09:54:00,5,31.81,44.61,49.59
XAUUSD,TRANSITION,2026-01-12 09:55:00,2026-01-12 11:09:00,75,30.54,36.69,52.24
XAUUSD,LOW_LIQUIDITY,2026-01-12 11:10:00,2026-01-12 11:10:00,1,29.72,31.37,54.9
XAUUSD,TIGHT_RANGE,2026-01-12 11:11:00,2026-01-12 11:12:00,2,22.83,44.04,47.45
XAUUSD,TRANSITION,2026-01-12 11:13:00,2026-01-12 11:16:00,4,40.78,30.7,60.25
XAUUSD,LOW_LIQUIDITY,2026-01-12 11:17:00,2026-01-12 11:23:00,7,32.07,36.56,54.1
XAUUSD,TIGHT_RANGE,2026-01-12 11:24:00,2026-01-12 11:26:00,3,14.69,47.36,42.18
XAUUSD,TRANSITION,2026-01-12 11:27:00,2026-01-12 11:27:00,1,17.31,43.27,44.6
XAUUSD,TIGHT_RANGE,2026-01-12 11:28:00,2026-01-12 11:28:00,1,19.17,44.59,45.02
XAUUSD,TRANSITION,2026-01-12 11:29:00,2026-01-12 14:14:00,166,29.16,36.59,52.16
XAUUSD,LOW_LIQUIDITY,2026-01-12 14:15:00,2026-01-12 14:21:00,7,35.32,32.03,56.43
XAUUSD,TRANSITION,2026-01-12 14:22:00,2026-01-12 15:23:00,62,33.33,34.14,54.11
XAUUSD,WIDE_RANGE,2026-01-12 15:24:00,2026-01-12 15:27:00,4,26.67,53.28,43.89
XAUUSD,TRANSITION,2026-01-12 15:28:00,2026-01-12 16:29:00,62,28.23,39.45,49.97
XAUUSD,TIGHT_RANGE,2026-01-12 16:30:00,2026-01-12 16:30:00,1,22.09,43.54,45.58
XAUUSD,LOW_LIQUIDITY,2026-01-12 16:31:00,2026-01-12 16:32:00,2,30.83,29.94,54.38
XAUUSD,TIGHT_RANGE,2026-01-12 16:33:00,2026-01-12 16:37:00,5,20.38,36.41,48.12
XAUUSD,LOW_LIQUIDITY,2026-01-12 16:38:00,2026-01-12 16:38:00,1,24.27,30.16,52.6
XAUUSD,TIGHT_RANGE,2026-01-12 16:39:00,2026-01-12 16:40:00,2,14.79,41.56,44.39
XAUUSD,LOW_LIQUIDITY,2026-01-12 16:41:00,2026-01-12 16:41:00,1,20.04,32.85,49.75
XAUUSD,TIGHT_RANGE,2026-01-12 16:42:00,2026-01-12 16:42:00,1,18.36,38.65,47.02
XAUUSD,LOW_LIQUIDITY,2026-01-12 16:43:00,2026-01-12 16:48:00,6,24.69,34.13,51.55
XAUUSD,TRANSITION,2026-01-12 16:49:00,2026-01-12 18:04:00,16,31.24,40.08,49.75
XAUUSD,WIDE_RANGE,2026-01-12 18:05:00,2026-01-12 18:11:00,7,15.07,59.8,25.48
XAUUSD,TRANSITION,2026-01-12 18:12:00,2026-01-12 18:15:00,4,26.35,59.62,27.91
XAUUSD,WIDE_RANGE,2026-01-12 18:16:00,2026-01-12 18:17:00,2,30.34,66.47,26.79
XAUUSD,TRANSITION,2026-01-12 18:18:00,2026-01-12 18:23:00,6,39.3,56.85,36.18
XAUUSD,WIDE_RANGE,2026-01-12 18:24:00,2026-01-12 18:27:00,4,30.17,58.05,36.99
XAUUSD,TRANSITION,2026-01-12 18:28:00,2026-01-12 18:29:00,2,32.08,49.34,44.21
XAUUSD,WIDE_RANGE,2026-01-12 18:30:00,2026-01-12 18:33:00,4,25.59,53.44,40.85
XAUUSD,TRANSITION,2026-01-12 18:34:00,2026-01-12 19:26:00,53,29.61,40.1,50.11
XAUUSD,TIGHT_RANGE,2026-01-12 19:27:00,2026-01-12 19:27:00,1,24.35,40.29,48.75
XAUUSD,LOW_LIQUIDITY,2026-01-12 19:28:00,2026-01-12 19:29:00,2,25.32,39.52,49.83
XAUUSD,TRANSITION,2026-01-12 19:30:00,2026-01-12 19:41:00,12,34.24,28.39,58.9
XAUUSD,LOW_LIQUIDITY,2026-01-12 19:42:00,2026-01-12 19:44:00,3,38.16,22.27,63.61
XAUUSD,TIGHT_RANGE,2026-01-12 19:45:00,2026-01-12 19:45:00,1,30.86,27.51,58.82
XAUUSD,TRANSITION,2026-01-12 19:46:00,2026-01-12 19:51:00,6,24.3,34.36,53.5
XAUUSD,TIGHT_RANGE,2026-01-12 19:52:00,2026-01-12 19:53:00,2,20.34,41.42,49.27
XAUUSD,TRANSITION,2026-01-12 19:54:00,2026-01-12 19:55:00,2,28.3,36.03,54.77
XAUUSD,LOW_LIQUIDITY,2026-01-12 19:56:00,2026-01-12 19:58:00,3,37.69,29.92,61.17
XAUUSD,TRANSITION,2026-01-12 19:59:00,2026-01-12 20:07:00,9,21.11,51.18,46.2
XAUUSD,WIDE_RANGE,2026-01-12 20:08:00,2026-01-12 20:27:00,20,28.85,60.64,44.0
XAUUSD,TRANSITION,2026-01-12 20:28:00,2026-01-12 21:28:00,61,30.36,43.45,50.1
XAUUSD,LOW_LIQUIDITY,2026-01-12 21:29:00,2026-01-12 21:29:00,1,25.62,24.62,54.51
XAUUSD,TRANSITION,2026-01-12 21:30:00,2026-01-12 22:21:00,52,31.69,34.74,54.14
XAUUSD,LOW_LIQUIDITY,2026-01-12 22:22:00,2026-01-12 22:22:00,1,32.31,32.76,54.84
XAUUSD,TIGHT_RANGE,2026-01-12 22:23:00,2026-01-12 22:26:00,4,19.16,42.66,45.21
XAUUSD,TRANSITION,2026-01-12 22:27:00,2026-01-12 22:27:00,1,17.41,45.42,43.14
XAUUSD,TIGHT_RANGE,2026-01-12 22:28:00,2026-01-12 22:31:00,4,20.07,41.41,45.62
XAUUSD,LOW_LIQUIDITY,2026-01-12 22:32:00,2026-01-12 22:34:00,3,28.43,25.1,55.02
XAUUSD,TIGHT_RANGE,2026-01-12 22:35:00,2026-01-12 22:40:00,6,22.55,44.16,45.76
XAUUSD,LOW_LIQUIDITY,2026-01-12 22:41:00,2026-01-12 22:41:00,1,26.68,29.79,52.52
XAUUSD,TIGHT_RANGE,2026-01-12 22:42:00,2026-01-12 22:43:00,2,21.88,29.05,50.56
XAUUSD,LOW_LIQUIDITY,2026-01-12 22:44:00,2026-01-12 22:44:00,1,19.64,29.92,49.24
XAUUSD,TRANSITION,2026-01-12 22:45:00,2026-01-13 00:33:00,109,27.58,38.48,50.27
XAUUSD,WIDE_RANGE,2026-01-13 00:34:00,2026-01-13 00:34:00,1,20.09,47.42,44.07
XAUUSD,TRANSITION,2026-01-13 00:35:00,2026-01-13 00:35:00,1,31.56,39.4,52.06
XAUUSD,WIDE_RANGE,2026-01-13 00:36:00,2026-01-13 00:36:00,1,32.31,45.95,50.15
XAUUSD,TRANSITION,2026-01-13 00:37:00,2026-01-13 00:37:00,1,35.58,42.81,52.72
XAUUSD,WIDE_RANGE,2026-01-13 00:38:00,2026-01-13 00:47:00,10,32.75,52.7,47.98
XAUUSD,TRANSITION,2026-01-13 00:48:00,2026-01-13 00:49:00,2,38.09,51.8,50.67
XAUUSD,WIDE_RANGE,2026-01-13 00:50:00,2026-01-13 00:52:00,3,30.87,54.05,46.54
XAUUSD,TRANSITION,2026-01-13 00:53:00,2026-01-13 00:53:00,1,43.56,35.3,58.7
XAUUSD,WIDE_RANGE,2026-01-13 00:54:00,2026-01-13 00:54:00,1,28.8,52.84,45.94
XAUUSD,TRANSITION,2026-01-13 00:55:00,2026-01-13 00:55:00,1,37.52,41.5,53.82
XAUUSD,WIDE_RANGE,2026-01-13 00:56:00,2026-01-13 00:56:00,1,33.5,43.36,51.38
XAUUSD,TRANSITION,2026-01-13 00:57:00,2026-01-13 01:47:00,51,34.28,33.99,54.89
XAUUSD,WIDE_RANGE,2026-01-13 01:48:00,2026-01-13 01:51:00,4,29.72,47.13,48.19
XAUUSD,TRANSITION,2026-01-13 01:52:00,2026-01-13 07:49:00,358,30.04,35.21,52.77
XAUUSD,STRONG_TREND_UP,2026-01-13 07:50:00,2026-01-13 07:53:00,4,65.7,14.5,76.47
XAUUSD,TRANSITION,2026-01-13 07:54:00,2026-01-13 08:27:00,34,52.13,33.37,62.73
XAUUSD,WIDE_RANGE,2026-01-13 08:28:00,2026-01-13 08:29:00,2,29.45,59.09,41.28
XAUUSD,TRANSITION,2026-01-13 08:30:00,2026-01-13 08:30:00,1,51.96,44.72,55.97
XAUUSD,WIDE_RANGE,2026-01-13 08:31:00,2026-01-13 08:33:00,3,41.43,57.01,46.34
XAUUSD,TRANSITION,2026-01-13 08:34:00,2026-01-13 08:49:00,16,45.42,50.15,49.93
XAUUSD,WIDE_RANGE,2026-01-13 08:50:00,2026-01-13 08:50:00,1,35.27,49.47,46.17
XAUUSD,TRANSITION,2026-01-13 08:51:00,2026-01-13 08:51:00,1,37.41,45.85,48.71
XAUUSD,WIDE_RANGE,2026-01-13 08:52:00,2026-01-13 09:01:00,10,25.85,56.38,40.13
XAUUSD,TRANSITION,2026-01-13 09:02:00,2026-01-13 09:45:00,44,28.26,47.0,45.44
XAUUSD,WIDE_RANGE,2026-01-13 09:46:00,2026-01-13 09:46:00,1,36.84,32.63,55.82
XAUUSD,TRANSITION,2026-01-13 09:47:00,2026-01-13 11:49:00,123,30.41,34.88,52.92
XAUUSD,LOW_LIQUIDITY,2026-01-13 11:50:00,2026-01-13 12:04:00,15,39.48,27.82,58.82
XAUUSD,TIGHT_RANGE,2026-01-13 12:05:00,2026-01-13 12:13:00,9,18.29,40.11,44.72
XAUUSD,LOW_LIQUIDITY,2026-01-13 12:14:00,2026-01-13 12:14:00,1,24.72,31.44,50.68
XAUUSD,TIGHT_RANGE,2026-01-13 12:15:00,2026-01-13 12:15:00,1,22.25,34.75,48.45
XAUUSD,LOW_LIQUIDITY,2026-01-13 12:16:00,2026-01-13 12:16:00,1,29.0,32.09,52.49
XAUUSD,TRANSITION,2026-01-13 12:17:00,2026-01-13 13:11:00,55,32.38,34.86,53.2
XAUUSD,WIDE_RANGE,2026-01-13 13:12:00,2026-01-13 13:17:00,6,28.64,51.56,45.99
XAUUSD,TRANSITION,2026-01-13 13:18:00,2026-01-13 13:21:00,4,23.64,48.69,44.93
XAUUSD,WIDE_RANGE,2026-01-13 13:22:00,2026-01-13 13:22:00,1,28.42,48.73,47.2
XAUUSD,TRANSITION,2026-01-13 13:23:00,2026-01-13 15:40:00,138,28.35,39.1,50.51
XAUUSD,WIDE_RANGE,2026-01-13 15:41:00,2026-01-13 15:41:00,1,35.34,45.19,51.49
XAUUSD,TRANSITION,2026-01-13 15:42:00,2026-01-13 15:42:00,1,36.06,41.52,53.1
XAUUSD,WIDE_RANGE,2026-01-13 15:43:00,2026-01-13 15:52:00,10,27.6,47.46,47.27
XAUUSD,TRANSITION,2026-01-13 15:53:00,2026-01-13 16:16:00,24,26.09,41.1,48.53
XAUUSD,TIGHT_RANGE,2026-01-13 16:17:00,2026-01-13 16:26:00,10,18.14,50.38,41.08
XAUUSD,LOW_LIQUIDITY,2026-01-13 16:27:00,2026-01-13 16:27:00,1,29.75,35.27,51.57
XAUUSD,TIGHT_RANGE,2026-01-13 16:28:00,2026-01-13 16:33:00,6,19.43,40.8,44.99
XAUUSD,LOW_LIQUIDITY,2026-01-13 16:34:00,2026-01-13 16:36:00,3,31.93,26.96,55.7
XAUUSD,TIGHT_RANGE,2026-01-13 16:37:00,2026-01-13 16:37:00,1,20.37,37.72,46.74
XAUUSD,TRANSITION,2026-01-13 16:38:00,2026-01-13 16:56:00,19,18.56,41.67,44.79
XAUUSD,TIGHT_RANGE,2026-01-13 16:57:00,2026-01-13 16:57:00,1,13.71,49.29,39.71
XAUUSD,LOW_LIQUIDITY,2026-01-13 16:58:00,2026-01-13 16:58:00,1,23.36,32.6,49.81
XAUUSD,TIGHT_RANGE,2026-01-13 16:59:00,2026-01-13 16:59:00,1,20.83,37.3,47.03
XAUUSD,LOW_LIQUIDITY,2026-01-13 18:00:00,2026-01-13 18:05:00,6,35.99,36.43,52.6
XAUUSD,TIGHT_RANGE,2026-01-13 18:06:00,2026-01-13 18:06:00,1,23.53,44.99,42.59
XAUUSD,LOW_LIQUIDITY,2026-01-13 18:07:00,2026-01-13 18:08:00,2,40.83,37.09,52.7
XAUUSD,TRANSITION,2026-01-13 18:09:00,2026-01-13 19:44:00,96,32.95,37.02,54.35
XAUUSD,WIDE_RANGE,2026-01-13 19:45:00,2026-01-13 19:45:00,1,23.83,47.1,48.62
XAUUSD,TRANSITION,2026-01-13 19:46:00,2026-01-13 20:19:00,34,38.23,37.21,57.99
XAUUSD,WIDE_RANGE,2026-01-13 20:20:00,2026-01-13 20:26:00,7,25.45,56.43,44.32
XAUUSD,TRANSITION,2026-01-13 20:27:00,2026-01-13 23:41:00,195,26.99,37.51,50.51
XAUUSD,LOW_LIQUIDITY,2026-01-13 23:42:00,2026-01-13 23:42:00,1,26.88,38.33,50.46
XAUUSD,TIGHT_RANGE,2026-01-13 23:43:00,2026-01-13 23:44:00,2,24.71,38.16,49.51
XAUUSD,LOW_LIQUIDITY,2026-01-13 23:45:00,2026-01-13 23:45:00,1,26.75,38.46,50.36
XAUUSD,TRANSITION,2026-01-13 23:46:00,2026-01-14 00:02:00,17,33.49,35.24,54.24
XAUUSD,STRONG_TREND_UP,2026-01-14 00:03:00,2026-01-14 00:04:00,2,66.51,21.58,73.66
XAUUSD,TRANSITION,2026-01-14 00:05:00,2026-01-14 00:11:00,7,39.51,32.28,57.09
XAUUSD,WIDE_RANGE,2026-01-14 00:12:00,2026-01-14 00:14:00,3,28.93,42.47,48.62
XAUUSD,TRANSITION,2026-01-14 00:15:00,2026-01-14 00:17:00,3,33.35,43.96,50.4
XAUUSD,WIDE_RANGE,2026-01-14 00:18:00,2026-01-14 00:20:00,3,27.46,47.72,46.27
XAUUSD,TRANSITION,2026-01-14 00:21:00,2026-01-14 00:37:00,17,33.7,40.26,51.85
XAUUSD,WIDE_RANGE,2026-01-14 00:38:00,2026-01-14 00:38:00,1,28.73,46.1,47.94
XAUUSD,TRANSITION,2026-01-14 00:39:00,2026-01-14 00:39:00,1,31.39,44.26,49.85
XAUUSD,WIDE_RANGE,2026-01-14 00:40:00,2026-01-14 00:40:00,1,33.18,46.12,50.02
XAUUSD,TRANSITION,2026-01-14 00:41:00,2026-01-14 00:43:00,3,34.91,41.74,52.38
XAUUSD,WIDE_RANGE,2026-01-14 00:44:00,2026-01-14 00:46:00,3,30.03,50.93,47.15
XAUUSD,TRANSITION,2026-01-14 00:47:00,2026-01-14 00:47:00,1,37.77,42.51,53.72
XAUUSD,WIDE_RANGE,2026-01-14 00:48:00,2026-01-14 00:48:00,1,33.67,45.83,50.76
XAUUSD,TRANSITION,2026-01-14 00:49:00,2026-01-14 00:49:00,1,41.05,37.7,56.88
XAUUSD,WIDE_RANGE,2026-01-14 00:50:00,2026-01-14 00:54:00,5,25.34,48.13,46.13
XAUUSD,TRANSITION,2026-01-14 00:55:00,2026-01-14 01:10:00,16,41.6,45.76,53.97
XAUUSD,WIDE_RANGE,2026-01-14 01:11:00,2026-01-14 01:16:00,6,33.43,53.57,47.2
XAUUSD,TRANSITION,2026-01-14 01:17:00,2026-01-14 02:20:00,64,30.34,34.78,53.33
XAUUSD,TIGHT_RANGE,2026-01-14 02:21:00,2026-01-14 02:21:00,1,16.9,36.59,46.84
XAUUSD,TRANSITION,2026-01-14 02:22:00,2026-01-14 02:42:00,21,27.54,32.04,53.33
XAUUSD,TIGHT_RANGE,2026-01-14 02:43:00,2026-01-14 02:43:00,1,16.67,47.42,42.7
XAUUSD,TRANSITION,2026-01-14 02:44:00,2026-01-14 02:47:00,4,25.18,24.37,54.45
XAUUSD,LOW_LIQUIDITY,2026-01-14 02:48:00,2026-01-14 02:48:00,1,23.44,23.05,54.14
XAUUSD,TIGHT_RANGE,2026-01-14 02:49:00,2026-01-14 02:54:00,6,19.05,34.88,48.04
XAUUSD,LOW_LIQUIDITY,2026-01-14 02:55:00,2026-01-14 02:56:00,2,27.7,15.07,58.73
XAUUSD,TRANSITION,2026-01-14 02:57:00,2026-01-14 03:22:00,26,34.73,25.44,58.39
XAUUSD,WIDE_RANGE,2026-01-14 03:23:00,2026-01-14 03:28:00,6,26.82,42.27,48.86
XAUUSD,TRANSITION,2026-01-14 03:29:00,2026-01-14 07:05:00,217,30.36,35.44,52.6
XAUUSD,WIDE_RANGE,2026-01-14 07:06:00,2026-01-14 07:06:00,1,33.38,38.72,53.02
XAUUSD,TRANSITION,2026-01-14 07:07:00,2026-01-14 07:15:00,9,37.83,35.17,56.16
XAUUSD,WIDE_RANGE,2026-01-14 07:16:00,2026-01-14 07:16:00,1,28.58,45.78,48.36
XAUUSD,TRANSITION,2026-01-14 07:17:00,2026-01-14 08:03:00,47,25.2,44.84,47.24
XAUUSD,WIDE_RANGE,2026-01-14 08:04:00,2026-01-14 08:08:00,5,23.52,54.51,42.96
XAUUSD,TRANSITION,2026-01-14 08:09:00,2026-01-14 08:10:00,2,33.25,47.91,49.55
XAUUSD,WIDE_RANGE,2026-01-14 08:11:00,2026-01-14 08:12:00,2,31.61,52.08,47.27
XAUUSD,TRANSITION,2026-01-14 08:13:00,2026-01-14 08:14:00,2,37.13,50.9,50.17
XAUUSD,WIDE_RANGE,2026-01-14 08:15:00,2026-01-14 08:15:00,1,34.9,56.43,47.26
XAUUSD,TRANSITION,2026-01-14 08:16:00,2026-01-14 08:19:00,4,41.69,49.62,52.66
XAUUSD,WIDE_RANGE,2026-01-14 08:20:00,2026-01-14 08:45:00,26,28.07,49.7,45.74
XAUUSD,TRANSITION,2026-01-14 08:46:00,2026-01-14 08:47:00,2,37.21,36.78,53.3
XAUUSD,WIDE_RANGE,2026-01-14 08:48:00,2026-01-14 08:49:00,2,25.77,47.2,44.44
XAUUSD,TRANSITION,2026-01-14 08:50:00,2026-01-14 09:54:00,65,29.0,44.0,48.97
XAUUSD,WIDE_RANGE,2026-01-14 09:55:00,2026-01-14 09:55:00,1,36.01,42.01,52.3
XAUUSD,TRANSITION,2026-01-14 09:56:00,2026-01-14 09:56:00,1,38.48,37.97,54.8
XAUUSD,WIDE_RANGE,2026-01-14 09:57:00,2026-01-14 10:00:00,4,30.46,44.2,48.96
XAUUSD,TRANSITION,2026-01-14 10:01:00,2026-01-14 10:05:00,5,31.85,31.67,53.33
XAUUSD,WIDE_RANGE,2026-01-14 10:06:00,2026-01-14 10:20:00,15,28.35,46.44,46.64
XAUUSD,TRANSITION,2026-01-14 10:21:00,2026-01-14 11:35:00,75,26.1,39.69,49.77
XAUUSD,TIGHT_RANGE,2026-01-14 11:36:00,2026-01-14 11:36:00,1,17.98,36.23,47.63
XAUUSD,TRANSITION,2026-01-14 11:37:00,2026-01-14 15:04:00,208,30.47,35.46,52.58
XAUUSD,WIDE_RANGE,2026-01-14 15:05:00,2026-01-14 15:05:00,1,25.69,44.21,47.02
XAUUSD,TRANSITION,2026-01-14 15:06:00,2026-01-14 15:06:00,1,29.98,37.29,51.55
XAUUSD,WIDE_RANGE,2026-01-14 15:07:00,2026-01-14 15:27:00,21,24.55,58.08,42.73
XAUUSD,TRANSITION,2026-01-14 15:28:00,2026-01-14 16:08:00,41,25.61,37.53,50.94
XAUUSD,TIGHT_RANGE,2026-01-14 16:09:00,2026-01-14 16:12:00,4,21.34,38.9,48.52
XAUUSD,LOW_LIQUIDITY,2026-01-14 16:13:00,2026-01-14 16:16:00,4,31.8,28.65,56.88
XAUUSD,TRANSITION,2026-01-14 16:17:00,2026-01-14 16:33:00,17,32.07,29.26,56.29
XAUUSD,LOW_LIQUIDITY,2026-01-14 16:34:00,2026-01-14 16:35:00,2,26.12,27.52,53.78
XAUUSD,TIGHT_RANGE,2026-01-14 16:36:00,2026-01-14 16:36:00,1,19.64,36.5,47.77
XAUUSD,LOW_LIQUIDITY,2026-01-14 16:37:00,2026-01-14 16:44:00,8,33.21,28.86,56.72
XAUUSD,TIGHT_RANGE,2026-01-14 16:45:00,2026-01-14 16:51:00,7,20.99,46.07,44.89
XAUUSD,TRANSITION,2026-01-14 16:52:00,2026-01-14 18:04:00,13,25.53,43.23,44.16
XAUUSD,WHIPSAW,2026-01-14 18:05:00,2026-01-14 18:05:00,1,10.2,70.18,16.01
XAUUSD,WIDE_RANGE,2026-01-14 18:06:00,2026-01-14 18:10:00,5,19.88,65.06,21.02
XAUUSD,TRANSITION,2026-01-14 18:11:00,2026-01-14 18:11:00,1,29.75,62.67,26.38
XAUUSD,WIDE_RANGE,2026-01-14 18:12:00,2026-01-14 18:12:00,1,25.57,69.12,22.26
XAUUSD,WHIPSAW,2026-01-14 18:13:00,2026-01-14 18:13:00,1,25.78,70.37,21.93
XAUUSD,TRANSITION,2026-01-14 18:14:00,2026-01-14 18:14:00,1,35.46,63.07,28.87
XAUUSD,WIDE_RANGE,2026-01-14 18:15:00,2026-01-14 18:15:00,1,28.85,65.72,24.93
XAUUSD,TRANSITION,2026-01-14 18:16:00,2026-01-14 19:36:00,81,30.23,35.1,52.52
XAUUSD,TIGHT_RANGE,2026-01-14 19:37:00,2026-01-14 19:43:00,7,17.87,41.32,48.17
XAUUSD,LOW_LIQUIDITY,2026-01-14 19:44:00,2026-01-14 19:44:00,1,27.92,21.13,59.65
XAUUSD,TIGHT_RANGE,2026-01-14 19:45:00,2026-01-14 19:45:00,1,26.34,33.09,54.85
XAUUSD,LOW_LIQUIDITY,2026-01-14 19:46:00,2026-01-14 19:50:00,5,31.46,25.42,59.83
XAUUSD,TRANSITION,2026-01-14 19:51:00,2026-01-14 19:52:00,2,29.41,30.54,57.14
XAUUSD,TIGHT_RANGE,2026-01-14 19:53:00,2026-01-14 19:53:00,1,29.36,31.83,56.68
XAUUSD,LOW_LIQUIDITY,2026-01-14 19:54:00,2026-01-14 19:54:00,1,33.7,30.64,59.09
XAUUSD,TRANSITION,2026-01-14 19:55:00,2026-01-14 19:55:00,1,30.41,34.86,56.14
XAUUSD,TIGHT_RANGE,2026-01-14 19:56:00,2026-01-14 19:56:00,1,26.28,39.16,52.77
XAUUSD,TRANSITION,2026-01-14 19:57:00,2026-01-14 20:09:00,13,28.07,34.86,54.46
XAUUSD,WIDE_RANGE,2026-01-14 20:10:00,2026-01-14 20:15:00,6,28.8,45.45,50.07
XAUUSD,TRANSITION,2026-01-14 20:16:00,2026-01-14 20:20:00,5,36.38,33.2,56.86
XAUUSD,WIDE_RANGE,2026-01-14 20:21:00,2026-01-14 20:23:00,3,31.37,45.44,50.01
XAUUSD,TRANSITION,2026-01-14 20:24:00,2026-01-14 20:36:00,13,45.25,35.27,58.7
XAUUSD,WIDE_RANGE,2026-01-14 20:37:00,2026-01-14 20:48:00,12,32.71,57.39,43.12
XAUUSD,WHIPSAW,2026-01-14 20:49:00,2026-01-14 20:49:00,1,25.08,70.9,34.16
XAUUSD,WIDE_RANGE,2026-01-14 20:50:00,2026-01-14 20:50:00,1,31.55,61.25,40.35
XAUUSD,TRANSITION,2026-01-14 20:51:00,2026-01-14 23:39:00,169,29.93,34.6,52.57
XAUUSD,LOW_LIQUIDITY,2026-01-14 23:40:00,2026-01-14 23:41:00,2,31.31,27.75,55.7
XAUUSD,TIGHT_RANGE,2026-01-14 23:42:00,2026-01-14 23:42:00,1,17.49,45.85,43.18
XAUUSD,TRANSITION,2026-01-14 23:43:00,2026-01-15 00:33:00,51,24.07,37.61,48.98
XAUUSD,WIDE_RANGE,2026-01-15 00:34:00,2026-01-15 00:51:00,18,24.87,51.82,44.45
XAUUSD,TRANSITION,2026-01-15 00:52:00,2026-01-15 08:06:00,435,28.91,37.23,51.66
XAUUSD,WIDE_RANGE,2026-01-15 08:07:00,2026-01-15 08:17:00,11,29.31,56.05,44.49
XAUUSD,TRANSITION,2026-01-15 08:18:00,2026-01-15 08:19:00,2,38.89,41.52,53.45
XAUUSD,WIDE_RANGE,2026-01-15 08:20:00,2026-01-15 08:21:00,2,30.52,55.45,44.94
XAUUSD,TRANSITION,2026-01-15 08:22:00,2026-01-15 08:22:00,1,41.17,41.6,54.69
XAUUSD,WIDE_RANGE,2026-01-15 08:23:00,2026-01-15 08:26:00,4,36.69,49.62,50.18
XAUUSD,TRANSITION,2026-01-15 08:27:00,2026-01-15 08:49:00,23,47.0,41.22,56.7
XAUUSD,WIDE_RANGE,2026-01-15 08:50:00,2026-01-15 09:06:00,17,28.97,51.09,46.45
XAUUSD,TRANSITION,2026-01-15 09:07:00,2026-01-15 09:07:00,1,35.62,28.93,57.05
XAUUSD,WIDE_RANGE,2026-01-15 09:08:00,2026-01-15 09:08:00,1,28.14,38.69,50.31
XAUUSD,TRANSITION,2026-01-15 09:09:00,2026-01-15 09:09:00,1,35.9,30.01,56.81
XAUUSD,WIDE_RANGE,2026-01-15 09:10:00,2026-01-15 09:13:00,4,33.64,36.04,53.73
XAUUSD,TRANSITION,2026-01-15 09:14:00,2026-01-15 12:27:00,194,30.57,36.79,51.04
XAUUSD,LOW_LIQUIDITY,2026-01-15 12:28:00,2026-01-15 12:28:00,1,29.46,31.77,53.16
XAUUSD,TRANSITION,2026-01-15 12:29:00,2026-01-15 12:51:00,23,27.73,34.32,51.41
XAUUSD,TIGHT_RANGE,2026-01-15 12:52:00,2026-01-15 12:53:00,2,23.67,30.56,50.9
XAUUSD,TRANSITION,2026-01-15 12:54:00,2026-01-15 12:58:00,5,20.5,41.72,45.57
XAUUSD,TIGHT_RANGE,2026-01-15 12:59:00,2026-01-15 12:59:00,1,28.59,36.45,51.13
XAUUSD,TRANSITION,2026-01-15 13:00:00,2026-01-15 15:28:00,149,30.23,34.72,53.37
XAUUSD,WIDE_RANGE,2026-01-15 15:29:00,2026-01-15 15:38:00,10,27.9,51.72,44.47
XAUUSD,TRANSITION,2026-01-15 15:39:00,2026-01-15 15:40:00,2,36.45,30.6,55.38
XAUUSD,WIDE_RANGE,2026-01-15 15:41:00,2026-01-15 15:41:00,1,31.6,38.23,50.56
XAUUSD,TRANSITION,2026-01-15 15:42:00,2026-01-15 16:20:00,39,34.61,35.35,53.69
XAUUSD,LOW_LIQUIDITY,2026-01-15 16:21:00,2026-01-15 16:38:00,18,40.37,23.71,60.19
XAUUSD,TIGHT_RANGE,2026-01-15 16:39:00,2026-01-15 16:43:00,5,16.86,41.81,43.11
XAUUSD,LOW_LIQUIDITY,2026-01-15 16:44:00,2026-01-15 16:45:00,2,31.49,27.14,54.89
XAUUSD,TIGHT_RANGE,2026-01-15 16:46:00,2026-01-15 16:58:00,13,16.16,46.74,41.17
XAUUSD,LOW_LIQUIDITY,2026-01-15 16:59:00,2026-01-15 18:00:00,2,32.47,28.54,54.51
XAUUSD,TRANSITION,2026-01-15 18:01:00,2026-01-15 18:18:00,18,24.97,47.51,41.35
XAUUSD,WIDE_RANGE,2026-01-15 18:19:00,2026-01-15 18:19:00,1,18.96,59.5,33.78
XAUUSD,TRANSITION,2026-01-15 18:20:00,2026-01-15 18:39:00,20,36.74,34.66,55.15
XAUUSD,WIDE_RANGE,2026-01-15 18:40:00,2026-01-15 18:41:00,2,28.88,43.22,49.78
XAUUSD,TRANSITION,2026-01-15 18:42:00,2026-01-15 18:44:00,3,31.26,31.27,54.91
XAUUSD,WIDE_RANGE,2026-01-15 18:45:00,2026-01-15 18:45:00,1,26.24,35.74,51.05
XAUUSD,TRANSITION,2026-01-15 18:46:00,2026-01-15 20:07:00,82,30.7,38.56,52.67
XAUUSD,WIDE_RANGE,2026-01-15 20:08:00,2026-01-15 20:19:00,12,29.97,47.0,50.38
XAUUSD,TRANSITION,2026-01-15 20:20:00,2026-01-15 20:22:00,3,37.75,33.97,58.96
XAUUSD,WIDE_RANGE,2026-01-15 20:23:00,2026-01-15 20:23:00,1,26.88,44.32,50.42
XAUUSD,TRANSITION,2026-01-15 20:24:00,2026-01-15 22:43:00,140,28.36,40.47,50.67
XAUUSD,TIGHT_RANGE,2026-01-15 22:44:00,2026-01-15 22:44:00,1,18.0,41.11,46.31
XAUUSD,TRANSITION,2026-01-15 22:45:00,2026-01-15 22:45:00,1,18.36,41.24,46.46
XAUUSD,TIGHT_RANGE,2026-01-15 22:46:00,2026-01-15 22:46:00,1,18.36,38.74,47.31
XAUUSD,TRANSITION,2026-01-15 22:47:00,2026-01-15 22:49:00,3,17.38,39.59,46.6
XAUUSD,TIGHT_RANGE,2026-01-15 22:50:00,2026-01-15 22:51:00,2,16.65,41.03,45.79
XAUUSD,LOW_LIQUIDITY,2026-01-15 22:52:00,2026-01-15 22:58:00,7,33.19,21.91,59.8
XAUUSD,TIGHT_RANGE,2026-01-15 22:59:00,2026-01-15 23:01:00,3,20.39,40.15,47.19
XAUUSD,LOW_LIQUIDITY,2026-01-15 23:02:00,2026-01-15 23:22:00,21,37.32,30.02,58.47
XAUUSD,TIGHT_RANGE,2026-01-15 23:23:00,2026-01-15 23:29:00,7,16.12,44.82,42.9
XAUUSD,LOW_LIQUIDITY,2026-01-15 23:30:00,2026-01-15 23:31:00,2,25.71,28.67,52.5
XAUUSD,TIGHT_RANGE,2026-01-15 23:32:00,2026-01-15 23:32:00,1,20.77,39.03,46.67
XAUUSD,TRANSITION,2026-01-15 23:33:00,2026-01-16 00:30:00,58,27.99,38.11,51.06
XAUUSD,WIDE_RANGE,2026-01-16 00:31:00,2026-01-16 00:34:00,4,25.3,45.2,47.95
XAUUSD,TRANSITION,2026-01-16 00:35:00,2026-01-16 00:50:00,16,48.7,35.92,60.89
XAUUSD,STRONG_TREND_UP,2026-01-16 00:51:00,2026-01-16 00:55:00,5,70.52,29.52,72.22
XAUUSD,TRANSITION,2026-01-16 00:56:00,2026-01-16 01:01:00,6,48.16,37.51,59.12
XAUUSD,WIDE_RANGE,2026-01-16 01:02:00,2026-01-16 01:02:00,1,31.29,42.19,49.93
XAUUSD,TRANSITION,2026-01-16 01:03:00,2026-01-16 01:03:00,1,30.99,39.97,50.66
XAUUSD,WIDE_RANGE,2026-01-16 01:04:00,2026-01-16 01:08:00,5,22.51,49.57,43.63
XAUUSD,TRANSITION,2026-01-16 01:09:00,2026-01-16 02:00:00,52,34.81,37.01,53.75
XAUUSD,WIDE_RANGE,2026-01-16 02:01:00,2026-01-16 02:01:00,1,25.81,42.08,47.36
XAUUSD,TRANSITION,2026-01-16 02:02:00,2026-01-16 02:13:00,12,45.94,30.76,60.49
XAUUSD,STRONG_TREND_UP,2026-01-16 02:14:00,2026-01-16 02:14:00,1,65.09,19.8,73.41
XAUUSD,TRANSITION,2026-01-16 02:15:00,2026-01-16 04:36:00,142,26.16,38.93,49.42
XAUUSD,LOW_LIQUIDITY,2026-01-16 04:37:00,2026-01-16 04:37:00,1,38.26,25.27,59.82
XAUUSD,TRANSITION,2026-01-16 04:38:00,2026-01-16 06:10:00,93,34.59,33.76,55.14
XAUUSD,WIDE_RANGE,2026-01-16 06:11:00,2026-01-16 06:16:00,6,33.41,48.03,49.98
XAUUSD,TRANSITION,2026-01-16 06:17:00,2026-01-16 07:59:00,103,35.77,31.27,56.57
XAUUSD,WIDE_RANGE,2026-01-16 08:00:00,2026-01-16 08:08:00,9,28.6,51.54,46.02
XAUUSD,TRANSITION,2026-01-16 08:09:00,2026-01-16 08:09:00,1,37.96,36.54,55.36
XAUUSD,WIDE_RANGE,2026-01-16 08:10:00,2026-01-16 08:15:00,6,33.34,47.82,49.4
XAUUSD,TRANSITION,2026-01-16 08:16:00,2026-01-16 08:30:00,15,45.15,46.16,55.37
XAUUSD,WIDE_RANGE,2026-01-16 08:31:00,2026-01-16 08:35:00,5,33.16,55.68,46.79
XAUUSD,TRANSITION,2026-01-16 08:36:00,2026-01-16 08:37:00,2,48.07,37.42,59.84
XAUUSD,WIDE_RANGE,2026-01-16 08:38:00,2026-01-16 08:43:00,6,33.01,43.56,50.9
XAUUSD,TRANSITION,2026-01-16 08:44:00,2026-01-16 08:45:00,2,41.78,36.24,57.35
XAUUSD,WIDE_RANGE,2026-01-16 08:46:00,2026-01-16 08:46:00,1,31.56,44.55,49.81
XAUUSD,TRANSITION,2026-01-16 08:47:00,2026-01-16 10:46:00,120,34.18,37.81,53.39
XAUUSD,WIDE_RANGE,2026-01-16 10:47:00,2026-01-16 10:52:00,6,29.89,58.17,43.58
XAUUSD,TRANSITION,2026-01-16 10:53:00,2026-01-16 10:55:00,3,39.6,38.91,54.78
XAUUSD,WIDE_RANGE,2026-01-16 10:56:00,2026-01-16 10:56:00,1,32.74,45.96,49.58
XAUUSD,TRANSITION,2026-01-16 10:57:00,2026-01-16 11:51:00,55,32.66,37.86,52.89
XAUUSD,TIGHT_RANGE,2026-01-16 11:52:00,2026-01-16 11:53:00,2,20.21,45.15,44.91
XAUUSD,TRANSITION,2026-01-16 11:54:00,2026-01-16 11:54:00,1,22.51,45.59,45.88
XAUUSD,TIGHT_RANGE,2026-01-16 11:55:00,2026-01-16 11:55:00,1,26.09,42.24,48.67
XAUUSD,TRANSITION,2026-01-16 11:56:00,2026-01-16 11:57:00,2,24.78,44.37,47.36
XAUUSD,LOW_LIQUIDITY,2026-01-16 11:58:00,2026-01-16 11:58:00,1,33.32,37.36,53.69
XAUUSD,TIGHT_RANGE,2026-01-16 11:59:00,2026-01-16 11:59:00,1,26.28,44.7,47.97
XAUUSD,LOW_LIQUIDITY,2026-01-16 12:00:00,2026-01-16 12:06:00,7,30.35,33.55,53.69
XAUUSD,TIGHT_RANGE,2026-01-16 12:07:00,2026-01-16 12:11:00,5,23.9,42.12,47.78
XAUUSD,LOW_LIQUIDITY,2026-01-16 12:12:00,2026-01-16 12:13:00,2,27.73,30.56,53.46
XAUUSD,TIGHT_RANGE,2026-01-16 12:14:00,2026-01-16 12:18:00,5,19.78,45.06,44.84
XAUUSD,LOW_LIQUIDITY,2026-01-16 12:19:00,2026-01-16 12:21:00,3,23.7,31.06,51.38
XAUUSD,TIGHT_RANGE,2026-01-16 12:22:00,2026-01-16 12:26:00,5,20.8,44.0,45.81
XAUUSD,LOW_LIQUIDITY,2026-01-16 12:27:00,2026-01-16 12:29:00,3,29.26,28.5,55.15
XAUUSD,TRANSITION,2026-01-16 12:30:00,2026-01-16 12:49:00,20,23.86,37.23,49.45
XAUUSD,TIGHT_RANGE,2026-01-16 12:50:00,2026-01-16 12:55:00,6,20.79,52.13,42.64
XAUUSD,LOW_LIQUIDITY,2026-01-16 12:56:00,2026-01-16 12:57:00,2,24.98,42.23,47.88
XAUUSD,TIGHT_RANGE,2026-01-16 12:58:00,2026-01-16 13:02:00,5,23.66,45.81,45.92
XAUUSD,LOW_LIQUIDITY,2026-01-16 13:03:00,2026-01-16 13:05:00,3,39.31,34.85,56.82
XAUUSD,TRANSITION,2026-01-16 13:06:00,2026-01-16 13:06:00,1,26.26,43.73,47.77
XAUUSD,TIGHT_RANGE,2026-01-16 13:07:00,2026-01-16 13:08:00,2,25.03,41.97,47.8
XAUUSD,TRANSITION,2026-01-16 13:09:00,2026-01-16 16:18:00,190,30.34,35.04,52.87
XAUUSD,STRONG_TREND_UP,2026-01-16 16:19:00,2026-01-16 16:19:00,1,65.6,19.83,74.49
XAUUSD,TRANSITION,2026-01-16 16:20:00,2026-01-16 16:45:00,26,32.73,28.37,55.56
XAUUSD,LOW_LIQUIDITY,2026-01-16 16:46:00,2026-01-16 16:47:00,2,29.8,27.09,53.2
XAUUSD,TRANSITION,2026-01-16 16:48:00,2026-01-16 16:48:00,1,37.63,22.19,58.15
XAUUSD,LOW_LIQUIDITY,2026-01-16 16:49:00,2026-01-16 16:50:00,2,26.62,35.5,48.16
XAUUSD,TIGHT_RANGE,2026-01-16 16:51:00,2026-01-16 16:51:00,1,23.66,38.31,45.49
XAUUSD,LOW_LIQUIDITY,2026-01-16 16:52:00,2026-01-16 16:58:00,7,33.91,27.59,52.94
XAUUSD,TIGHT_RANGE,2026-01-16 16:59:00,2026-01-16 16:59:00,1,27.31,38.83,45.01
XAUUSD,STRONG_TREND_UP,2026-01-18 18:00:00,2026-01-18 18:19:00,20,76.56,43.26,57.01
XAUUSD,TRANSITION,2026-01-18 18:20:00,2026-01-18 18:35:00,16,53.75,42.2,53.14
XAUUSD,WIDE_RANGE,2026-01-18 18:36:00,2026-01-18 18:36:00,1,32.15,53.14,42.54
XAUUSD,TRANSITION,2026-01-18 18:37:00,2026-01-18 18:38:00,2,38.52,47.95,47.33
XAUUSD,WIDE_RANGE,2026-01-18 18:39:00,2026-01-18 18:47:00,9,26.84,61.2,37.98
XAUUSD,TRANSITION,2026-01-18 18:48:00,2026-01-18 18:48:00,1,35.01,50.51,46.25
XAUUSD,WIDE_RANGE,2026-01-18 18:49:00,2026-01-18 18:50:00,2,30.82,54.73,43.24
XAUUSD,TRANSITION,2026-01-18 18:51:00,2026-01-18 18:52:00,2,37.7,48.09,49.31
XAUUSD,WIDE_RANGE,2026-01-18 18:53:00,2026-01-18 18:59:00,7,26.63,54.66,43.99
XAUUSD,TRANSITION,2026-01-18 19:00:00,2026-01-18 19:41:00,42,29.88,35.93,55.23
XAUUSD,TIGHT_RANGE,2026-01-18 19:42:00,2026-01-18 19:59:00,18,20.38,38.52,50.28
XAUUSD,LOW_LIQUIDITY,2026-01-18 20:00:00,2026-01-18 20:00:00,1,26.97,24.93,57.93
XAUUSD,TRANSITION,2026-01-18 20:01:00,2026-01-18 21:56:00,116,24.04,37.13,50.72
XAUUSD,TIGHT_RANGE,2026-01-18 21:57:00,2026-01-18 21:59:00,3,23.27,43.71,47.03
XAUUSD,TRANSITION,2026-01-18 22:00:00,2026-01-18 22:09:00,10,39.47,26.79,60.29
XAUUSD,LOW_LIQUIDITY,2026-01-18 22:10:00,2026-01-18 22:16:00,7,41.15,22.87,62.29
XAUUSD,TIGHT_RANGE,2026-01-18 22:17:00,2026-01-18 22:17:00,1,25.79,33.81,51.4
XAUUSD,LOW_LIQUIDITY,2026-01-18 22:18:00,2026-01-18 22:19:00,2,30.84,27.98,55.69
XAUUSD,TIGHT_RANGE,2026-01-18 22:20:00,2026-01-18 22:28:00,9,19.25,42.47,45.39
XAUUSD,LOW_LIQUIDITY,2026-01-18 22:29:00,2026-01-18 22:36:00,8,33.86,27.14,57.2
XAUUSD,TRANSITION,2026-01-18 22:37:00,2026-01-18 23:07:00,31,29.87,34.5,52.97
XAUUSD,TIGHT_RANGE,2026-01-18 23:08:00,2026-01-18 23:14:00,7,23.74,44.28,47.29
XAUUSD,TRANSITION,2026-01-18 23:15:00,2026-01-19 00:55:00,101,28.85,38.41,50.93
XAUUSD,WIDE_RANGE,2026-01-19 00:56:00,2026-01-19 01:02:00,7,28.31,44.87,48.8
XAUUSD,TRANSITION,2026-01-19 01:03:00,2026-01-19 04:54:00,232,31.07,34.2,53.82
XAUUSD,TIGHT_RANGE,2026-01-19 04:55:00,2026-01-19 05:03:00,9,18.85,42.38,45.48
XAUUSD,LOW_LIQUIDITY,2026-01-19 05:04:00,2026-01-19 05:04:00,1,26.51,33.74,51.93
XAUUSD,TIGHT_RANGE,2026-01-19 05:05:00,2026-01-19 05:08:00,4,23.1,47.17,45.69
XAUUSD,TRANSITION,2026-01-19 05:09:00,2026-01-19 06:54:00,106,22.8,44.21,46.11
XAUUSD,WIDE_RANGE,2026-01-19 06:55:00,2026-01-19 07:05:00,11,29.37,42.39,49.41
XAUUSD,TRANSITION,2026-01-19 07:06:00,2026-01-19 07:17:00,12,40.58,29.35,58.7
XAUUSD,STRONG_TREND_UP,2026-01-19 07:18:00,2026-01-19 07:19:00,2,68.76,17.99,75.35
XAUUSD,TRANSITION,2026-01-19 07:20:00,2026-01-19 14:28:00,429,29.94,37.25,51.63
XAUUSD,WIDE_RANGE,2026-01-19 18:00:00,2026-01-19 18:07:00,8,26.84,60.79,37.27
XAUUSD,WHIPSAW,2026-01-19 18:08:00,2026-01-19 18:09:00,2,22.84,72.25,29.3
XAUUSD,WIDE_RANGE,2026-01-19 18:10:00,2026-01-19 18:10:00,1,25.74,63.33,33.43
XAUUSD,WHIPSAW,2026-01-19 18:11:00,2026-01-19 18:12:00,2,21.56,72.22,28.51
XAUUSD,WIDE_RANGE,2026-01-19 18:13:00,2026-01-19 18:14:00,2,21.66,66.72,30.42
XAUUSD,WHIPSAW,2026-01-19 18:15:00,2026-01-19 18:16:00,2,20.02,71.73,27.59
XAUUSD,WIDE_RANGE,2026-01-19 18:17:00,2026-01-19 18:20:00,4,25.99,59.91,34.08
XAUUSD,TRANSITION,2026-01-19 18:21:00,2026-01-19 18:57:00,37,26.1,39.36,48.49
XAUUSD,TIGHT_RANGE,2026-01-19 18:58:00,2026-01-19 18:58:00,1,18.92,49.65,44.62
XAUUSD,TRANSITION,2026-01-19 18:59:00,2026-01-19 19:24:00,26,23.27,41.61,49.17
XAUUSD,TIGHT_RANGE,2026-01-19 19:25:00,2026-01-19 19:25:00,1,18.6,40.56,47.56
XAUUSD,TRANSITION,2026-01-19 19:26:00,2026-01-19 20:19:00,54,36.14,35.64,56.85
XAUUSD,WIDE_RANGE,2026-01-19 20:20:00,2026-01-19 20:32:00,13,29.73,60.5,44.14
XAUUSD,TRANSITION,2026-01-19 20:33:00,2026-01-19 22:34:00,122,35.46,32.58,55.99
XAUUSD,LOW_LIQUIDITY,2026-01-19 22:35:00,2026-01-19 22:39:00,5,44.36,18.31,64.95
XAUUSD,TRANSITION,2026-01-19 22:40:00,2026-01-19 22:42:00,3,40.66,27.65,60.02
XAUUSD,LOW_LIQUIDITY,2026-01-19 22:43:00,2026-01-19 22:50:00,8,51.15,19.88,67.36
XAUUSD,TRANSITION,2026-01-19 22:51:00,2026-01-19 23:35:00,45,37.82,30.15,57.81
XAUUSD,STRONG_TREND_UP,2026-01-19 23:36:00,2026-01-19 23:37:00,2,68.41,20.91,75.07
XAUUSD,TRANSITION,2026-01-19 23:38:00,2026-01-20 00:01:00,24,40.98,34.3,57.17
XAUUSD,WIDE_RANGE,2026-01-20 00:02:00,2026-01-20 00:02:00,1,34.68,43.45,51.72
XAUUSD,TRANSITION,2026-01-20 00:03:00,2026-01-20 00:07:00,5,47.05,32.83,61.23
XAUUSD,WIDE_RANGE,2026-01-20 00:08:00,2026-01-20 00:09:00,2,31.7,46.86,49.28
XAUUSD,TRANSITION,2026-01-20 00:10:00,2026-01-20 00:17:00,8,38.6,30.92,57.91
XAUUSD,WIDE_RANGE,2026-01-20 00:18:00,2026-01-20 00:24:00,7,22.35,41.94,46.55
XAUUSD,TRANSITION,2026-01-20 00:25:00,2026-01-20 00:33:00,9,21.95,42.8,46.25
XAUUSD,WIDE_RANGE,2026-01-20 00:34:00,2026-01-20 00:42:00,9,29.59,46.9,48.11
XAUUSD,TRANSITION,2026-01-20 00:43:00,2026-01-20 01:08:00,26,43.32,34.82,58.85
XAUUSD,WIDE_RANGE,2026-01-20 01:09:00,2026-01-20 01:09:00,1,31.86,38.72,52.18
XAUUSD,TRANSITION,2026-01-20 01:10:00,2026-01-20 01:12:00,3,31.1,36.72,52.48
XAUUSD,WIDE_RANGE,2026-01-20 01:13:00,2026-01-20 01:17:00,5,22.69,53.07,42.88
XAUUSD,TRANSITION,2026-01-20 01:18:00,2026-01-20 03:37:00,140,28.97,36.22,51.94
XAUUSD,WIDE_RANGE,2026-01-20 03:38:00,2026-01-20 03:38:00,1,29.78,44.6,48.65
XAUUSD,TRANSITION,2026-01-20 03:39:00,2026-01-20 03:39:00,1,24.36,50.02,44.24
XAUUSD,WIDE_RANGE,2026-01-20 03:40:00,2026-01-20 03:41:00,2,26.55,57.19,42.84
XAUUSD,TRANSITION,2026-01-20 03:42:00,2026-01-20 03:54:00,13,35.33,40.29,53.14
XAUUSD,STRONG_TREND_UP,2026-01-20 03:55:00,2026-01-20 03:58:00,4,67.48,20.77,75.11
XAUUSD,TRANSITION,2026-01-20 03:59:00,2026-01-20 08:10:00,252,28.86,37.99,51.26
XAUUSD,WIDE_RANGE,2026-01-20 08:11:00,2026-01-20 08:12:00,2,31.91,46.59,49.39
XAUUSD,TRANSITION,2026-01-20 08:13:00,2026-01-20 08:18:00,6,37.81,38.74,54.42
XAUUSD,WIDE_RANGE,2026-01-20 08:19:00,2026-01-20 08:20:00,2,31.3,47.28,48.09
XAUUSD,TRANSITION,2026-01-20 08:21:00,2026-01-20 08:22:00,2,36.45,36.8,54.08
XAUUSD,WIDE_RANGE,2026-01-20 08:23:00,2026-01-20 08:26:00,4,28.88,50.84,45.72
XAUUSD,TRANSITION,2026-01-20 08:27:00,2026-01-20 08:28:00,2,33.34,44.32,49.92
XAUUSD,WIDE_RANGE,2026-01-20 08:29:00,2026-01-20 08:30:00,2,28.18,47.61,46.45
XAUUSD,TRANSITION,2026-01-20 08:31:00,2026-01-20 08:33:00,3,35.4,37.42,53.3
XAUUSD,WIDE_RANGE,2026-01-20 08:34:00,2026-01-20 08:41:00,7,26.74,58.21,41.89
XAUUSD,TRANSITION,2026-01-20 08:42:00,2026-01-20 08:46:00,5,40.16,42.83,52.94
XAUUSD,WIDE_RANGE,2026-01-20 08:47:00,2026-01-20 08:47:00,1,34.89,47.72,49.06
XAUUSD,TRANSITION,2026-01-20 08:48:00,2026-01-20 09:05:00,18,48.14,34.03,60.65
XAUUSD,WIDE_RANGE,2026-01-20 09:06:00,2026-01-20 09:11:00,6,27.68,41.49,48.58
XAUUSD,TRANSITION,2026-01-20 09:12:00,2026-01-20 09:12:00,1,42.93,30.7,58.7
XAUUSD,WIDE_RANGE,2026-01-20 09:13:00,2026-01-20 09:13:00,1,34.45,38.71,51.91
XAUUSD,TRANSITION,2026-01-20 09:14:00,2026-01-20 09:15:00,2,35.34,37.69,52.53
XAUUSD,WIDE_RANGE,2026-01-20 09:16:00,2026-01-20 09:17:00,2,32.16,37.89,50.91
XAUUSD,TRANSITION,2026-01-20 09:18:00,2026-01-20 09:18:00,1,38.17,28.06,57.05
XAUUSD,WIDE_RANGE,2026-01-20 09:19:00,2026-01-20 09:21:00,3,28.26,42.67,47.58
XAUUSD,TRANSITION,2026-01-20 09:22:00,2026-01-20 09:29:00,8,34.13,40.35,50.95
XAUUSD,WIDE_RANGE,2026-01-20 09:30:00,2026-01-20 09:33:00,4,18.17,54.91,38.13
XAUUSD,TRANSITION,2026-01-20 09:34:00,2026-01-20 09:37:00,4,29.35,44.24,46.36
XAUUSD,WIDE_RANGE,2026-01-20 09:38:00,2026-01-20 09:40:00,3,31.47,51.3,44.44
XAUUSD,TRANSITION,2026-01-20 09:41:00,2026-01-20 09:42:00,2,36.55,42.41,49.45
XAUUSD,WIDE_RANGE,2026-01-20 09:43:00,2026-01-20 09:46:00,4,28.19,53.16,41.72
XAUUSD,TRANSITION,2026-01-20 09:47:00,2026-01-20 09:47:00,1,36.16,46.78,47.5
XAUUSD,WIDE_RANGE,2026-01-20 09:48:00,2026-01-20 09:48:00,1,31.8,52.86,43.43
XAUUSD,TRANSITION,2026-01-20 09:49:00,2026-01-20 09:49:00,1,36.29,45.43,48.01
XAUUSD,WIDE_RANGE,2026-01-20 09:50:00,2026-01-20 09:57:00,8,27.06,48.89,42.87
XAUUSD,TRANSITION,2026-01-20 09:58:00,2026-01-20 11:34:00,97,28.46,39.24,50.2
XAUUSD,TIGHT_RANGE,2026-01-20 11:35:00,2026-01-20 11:35:00,1,17.17,53.08,42.1
XAUUSD,TRANSITION,2026-01-20 11:36:00,2026-01-20 11:36:00,1,17.76,51.15,43.06
XAUUSD,TIGHT_RANGE,2026-01-20 11:37:00,2026-01-20 11:40:00,4,23.23,43.55,48.23
XAUUSD,TRANSITION,2026-01-20 11:41:00,2026-01-20 11:44:00,4,26.03,36.55,51.83
XAUUSD,LOW_LIQUIDITY,2026-01-20 11:45:00,2026-01-20 11:54:00,10,39.26,23.04,62.39
XAUUSD,TRANSITION,2026-01-20 11:55:00,2026-01-20 15:24:00,210,26.79,37.98,50.28
XAUUSD,WIDE_RANGE,2026-01-20 15:25:00,2026-01-20 15:26:00,2,25.75,50.95,45.24
XAUUSD,TRANSITION,2026-01-20 15:27:00,2026-01-20 15:30:00,4,34.28,41.3,52.38
XAUUSD,WIDE_RANGE,2026-01-20 15:31:00,2026-01-20 15:32:00,2,31.53,45.35,49.73
XAUUSD,TRANSITION,2026-01-20 15:33:00,2026-01-20 15:35:00,3,36.53,36.91,55.02
XAUUSD,WIDE_RANGE,2026-01-20 15:36:00,2026-01-20 15:40:00,5,28.96,36.36,51.72
XAUUSD,TRANSITION,2026-01-20 15:41:00,2026-01-20 16:13:00,33,36.24,37.24,54.86
XAUUSD,LOW_LIQUIDITY,2026-01-20 16:14:00,2026-01-20 16:21:00,8,33.06,28.72,56.66
XAUUSD,TIGHT_RANGE,2026-01-20 16:22:00,2026-01-20 16:22:00,1,26.51,35.5,51.6
XAUUSD,LOW_LIQUIDITY,2026-01-20 16:23:00,2026-01-20 16:23:00,1,32.77,23.13,58.73
XAUUSD,TIGHT_RANGE,2026-01-20 16:24:00,2026-01-20 16:32:00,9,19.68,38.43,47.52
XAUUSD,LOW_LIQUIDITY,2026-01-20 16:33:00,2026-01-20 16:43:00,11,30.03,25.07,56.75
XAUUSD,TIGHT_RANGE,2026-01-20 16:44:00,2026-01-20 16:48:00,5,21.1,40.25,47.08
XAUUSD,LOW_LIQUIDITY,2026-01-20 16:49:00,2026-01-20 16:59:00,11,37.54,25.13,59.47
XAUUSD,TRANSITION,2026-01-20 18:00:00,2026-01-20 18:43:00,44,26.25,35.55,46.94
XAUUSD,STRONG_TREND_UP,2026-01-20 18:44:00,2026-01-20 18:48:00,5,71.84,29.96,74.28
XAUUSD,TRANSITION,2026-01-20 18:49:00,2026-01-20 19:01:00,13,49.54,38.79,60.53
XAUUSD,WIDE_RANGE,2026-01-20 19:02:00,2026-01-20 19:02:00,1,33.13,47.57,49.98
XAUUSD,TRANSITION,2026-01-20 19:03:00,2026-01-20 19:03:00,1,38.59,44.54,53.61
XAUUSD,WIDE_RANGE,2026-01-20 19:04:00,2026-01-20 19:06:00,3,26.09,56.64,44.1
XAUUSD,TRANSITION,2026-01-20 19:07:00,2026-01-20 19:07:00,1,39.83,37.08,57.36
XAUUSD,WIDE_RANGE,2026-01-20 19:08:00,2026-01-20 19:14:00,7,25.12,48.86,47.3
XAUUSD,TRANSITION,2026-01-20 19:15:00,2026-01-20 20:05:00,51,33.97,34.12,57.03
XAUUSD,STRONG_TREND_UP,2026-01-20 20:06:00,2026-01-20 20:08:00,3,71.75,18.91,78.97
XAUUSD,TRANSITION,2026-01-20 20:09:00,2026-01-20 20:13:00,5,58.12,24.53,70.31
XAUUSD,STRONG_TREND_UP,2026-01-20 20:14:00,2026-01-20 20:16:00,3,67.64,28.2,72.76
XAUUSD,TRANSITION,2026-01-20 20:17:00,2026-01-20 20:18:00,2,62.44,35.4,67.58
XAUUSD,STRONG_TREND_UP,2026-01-20 20:19:00,2026-01-20 20:21:00,3,69.21,31.73,71.88
XAUUSD,TRANSITION,2026-01-20 20:22:00,2026-01-20 20:28:00,7,60.8,33.15,67.55
XAUUSD,STRONG_TREND_UP,2026-01-20 20:29:00,2026-01-20 20:31:00,3,71.8,30.84,73.09
XAUUSD,TRANSITION,2026-01-20 20:32:00,2026-01-20 20:33:00,2,53.55,38.89,61.66
XAUUSD,WIDE_RANGE,2026-01-20 20:34:00,2026-01-20 20:34:00,1,31.33,48.24,48.15
XAUUSD,TRANSITION,2026-01-20 20:35:00,2026-01-20 20:38:00,4,38.46,40.25,54.1
XAUUSD,WIDE_RANGE,2026-01-20 20:39:00,2026-01-20 20:52:00,14,29.51,48.35,47.08
XAUUSD,TRANSITION,2026-01-20 20:53:00,2026-01-20 21:07:00,15,42.19,33.29,58.33
XAUUSD,WIDE_RANGE,2026-01-20 21:08:00,2026-01-20 21:09:00,2,22.96,43.39,46.05
XAUUSD,TRANSITION,2026-01-20 21:10:00,2026-01-20 21:11:00,2,19.29,48.34,42.72
XAUUSD,WIDE_RANGE,2026-01-20 21:12:00,2026-01-20 21:13:00,2,23.47,45.67,45.5
XAUUSD,TRANSITION,2026-01-20 21:14:00,2026-01-20 22:59:00,106,32.85,34.22,54.2
XAUUSD,TIGHT_RANGE,2026-01-20 23:00:00,2026-01-20 23:03:00,4,16.29,53.52,40.56
XAUUSD,TRANSITION,2026-01-20 23:04:00,2026-01-20 23:05:00,2,13.43,56.37,38.34
XAUUSD,TIGHT_RANGE,2026-01-20 23:06:00,2026-01-20 23:10:00,5,16.14,50.53,41.64
XAUUSD,TRANSITION,2026-01-20 23:11:00,2026-01-21 00:36:00,86,34.75,34.54,55.15
XAUUSD,WIDE_RANGE,2026-01-21 00:37:00,2026-01-21 00:45:00,9,24.65,48.54,44.9
XAUUSD,TRANSITION,2026-01-21 00:46:00,2026-01-21 00:47:00,2,40.57,29.42,58.63
XAUUSD,WIDE_RANGE,2026-01-21 00:48:00,2026-01-21 00:50:00,3,31.69,41.46,50.39
XAUUSD,TRANSITION,2026-01-21 00:51:00,2026-01-21 02:58:00,128,36.12,33.4,55.31
XAUUSD,LOW_LIQUIDITY,2026-01-21 02:59:00,2026-01-21 03:08:00,10,42.97,25.4,64.14
XAUUSD,TRANSITION,2026-01-21 03:09:00,2026-01-21 03:10:00,2,30.13,27.04,57.58
XAUUSD,TIGHT_RANGE,2026-01-21 03:11:00,2026-01-21 03:14:00,4,15.86,37.08,47.72
XAUUSD,TRANSITION,2026-01-21 03:15:00,2026-01-21 03:16:00,2,32.37,22.82,60.3
XAUUSD,LOW_LIQUIDITY,2026-01-21 03:17:00,2026-01-21 03:17:00,1,43.34,8.81,70.13
XAUUSD,TRANSITION,2026-01-21 03:18:00,2026-01-21 06:18:00,181,29.1,34.53,52.97
XAUUSD,STRONG_TREND_UP,2026-01-21 06:19:00,2026-01-21 06:20:00,2,67.13,28.62,72.0
XAUUSD,TRANSITION,2026-01-21 06:21:00,2026-01-21 08:14:00,114,32.2,38.6,53.28
XAUUSD,WIDE_RANGE,2026-01-21 08:15:00,2026-01-21 08:20:00,6,29.86,47.98,49.58
XAUUSD,TRANSITION,2026-01-21 08:21:00,2026-01-21 08:21:00,1,34.71,40.3,54.35
XAUUSD,WIDE_RANGE,2026-01-21 08:22:00,2026-01-21 08:24:00,3,24.61,46.19,47.67
XAUUSD,TRANSITION,2026-01-21 08:25:00,2026-01-21 09:06:00,42,33.85,38.92,53.66
XAUUSD,WIDE_RANGE,2026-01-21 09:07:00,2026-01-21 09:07:00,1,29.29,61.45,41.64
XAUUSD,TRANSITION,2026-01-21 09:08:00,2026-01-21 09:08:00,1,31.26,60.48,42.45
XAUUSD,WIDE_RANGE,2026-01-21 09:09:00,2026-01-21 09:09:00,1,34.3,68.11,40.77
XAUUSD,TRANSITION,2026-01-21 09:10:00,2026-01-21 09:20:00,11,42.8,57.78,44.9
XAUUSD,WIDE_RANGE,2026-01-21 09:21:00,2026-01-21 09:21:00,1,38.08,67.57,36.61
XAUUSD,TRANSITION,2026-01-21 09:22:00,2026-01-21 09:22:00,1,38.34,61.92,38.34
XAUUSD,WIDE_RANGE,2026-01-21 09:23:00,2026-01-21 09:23:00,1,35.64,66.32,35.34
XAUUSD,WHIPSAW,2026-01-21 09:24:00,2026-01-21 09:28:00,5,27.5,77.18,28.35
XAUUSD,WIDE_RANGE,2026-01-21 09:29:00,2026-01-21 09:29:00,1,28.79,69.44,32.4
XAUUSD,TRANSITION,2026-01-21 09:30:00,2026-01-21 09:31:00,2,40.45,53.31,43.77
XAUUSD,WIDE_RANGE,2026-01-21 09:32:00,2026-01-21 09:36:00,5,29.29,57.0,38.69
XAUUSD,TRANSITION,2026-01-21 09:37:00,2026-01-21 09:37:00,1,37.57,46.17,47.32
XAUUSD,WIDE_RANGE,2026-01-21 09:38:00,2026-01-21 09:38:00,1,37.57,46.94,47.54
XAUUSD,TRANSITION,2026-01-21 09:39:00,2026-01-21 09:39:00,1,47.91,35.02,56.67
XAUUSD,WIDE_RANGE,2026-01-21 09:40:00,2026-01-21 09:40:00,1,35.16,49.03,46.43
XAUUSD,TRANSITION,2026-01-21 09:41:00,2026-01-21 09:42:00,2,40.06,40.23,52.18
XAUUSD,WIDE_RANGE,2026-01-21 09:43:00,2026-01-21 09:51:00,9,26.24,47.08,44.39
XAUUSD,TRANSITION,2026-01-21 09:52:00,2026-01-21 13:50:00,239,30.59,35.16,53.1
XAUUSD,LOW_LIQUIDITY,2026-01-21 13:51:00,2026-01-21 13:51:00,1,35.14,39.51,53.5
XAUUSD,TRANSITION,2026-01-21 13:52:00,2026-01-21 13:52:00,1,27.79,41.28,49.46
XAUUSD,LOW_LIQUIDITY,2026-01-21 13:53:00,2026-01-21 13:57:00,5,38.93,28.61,58.81
XAUUSD,TRANSITION,2026-01-21 13:58:00,2026-01-21 14:01:00,4,52.47,21.29,67.53
XAUUSD,LOW_LIQUIDITY,2026-01-21 14:02:00,2026-01-21 14:02:00,1,45.75,23.48,63.74
XAUUSD,TRANSITION,2026-01-21 14:03:00,2026-01-21 14:21:00,19,28.18,32.51,52.67
XAUUSD,TIGHT_RANGE,2026-01-21 14:22:00,2026-01-21 14:22:00,1,27.01,36.37,50.84
XAUUSD,LOW_LIQUIDITY,2026-01-21 14:23:00,2026-01-21 14:26:00,4,38.45,23.13,60.55
XAUUSD,TRANSITION,2026-01-21 14:27:00,2026-01-21 14:54:00,28,51.87,44.13,53.59
XAUUSD,WIDE_RANGE,2026-01-21 14:55:00,2026-01-21 14:55:00,1,34.81,65.12,36.22
XAUUSD,WHIPSAW,2026-01-21 14:56:00,2026-01-21 14:57:00,2,31.0,75.06,31.55
XAUUSD,WIDE_RANGE,2026-01-21 14:58:00,2026-01-21 15:05:00,8,29.83,59.68,37.55
XAUUSD,TRANSITION,2026-01-21 15:06:00,2026-01-21 15:06:00,1,33.68,41.87,46.4
XAUUSD,WIDE_RANGE,2026-01-21 15:07:00,2026-01-21 15:09:00,3,28.22,51.01,41.44
XAUUSD,TRANSITION,2026-01-21 15:10:00,2026-01-21 16:07:00,58,36.49,34.07,57.02
XAUUSD,TIGHT_RANGE,2026-01-21 16:08:00,2026-01-21 16:19:00,12,20.53,47.87,47.16
XAUUSD,LOW_LIQUIDITY,2026-01-21 16:20:00,2026-01-21 16:38:00,19,42.59,21.28,66.23
XAUUSD,TIGHT_RANGE,2026-01-21 16:39:00,2026-01-21 16:46:00,8,17.47,36.59,48.73
XAUUSD,LOW_LIQUIDITY,2026-01-21 16:47:00,2026-01-21 16:48:00,2,30.12,22.0,59.16
XAUUSD,TIGHT_RANGE,2026-01-21 16:49:00,2026-01-21 16:51:00,3,18.48,31.08,50.5
XAUUSD,LOW_LIQUIDITY,2026-01-21 16:52:00,2026-01-21 16:53:00,2,17.9,27.93,51.02
XAUUSD,TIGHT_RANGE,2026-01-21 16:54:00,2026-01-21 16:54:00,1,18.83,29.15,50.85
XAUUSD,LOW_LIQUIDITY,2026-01-21 16:55:00,2026-01-21 16:58:00,4,30.24,26.16,56.9
XAUUSD,TIGHT_RANGE,2026-01-21 16:59:00,2026-01-21 16:59:00,1,23.35,40.81,48.49
XAUUSD,TRANSITION,2026-01-21 18:00:00,2026-01-21 19:01:00,62,30.14,40.05,46.24
XAUUSD,WIDE_RANGE,2026-01-21 19:02:00,2026-01-21 19:02:00,1,25.88,46.33,46.08
XAUUSD,TRANSITION,2026-01-21 19:03:00,2026-01-21 19:04:00,2,28.02,48.11,47.01
XAUUSD,WIDE_RANGE,2026-01-21 19:05:00,2026-01-21 19:06:00,2,23.89,51.03,44.73
XAUUSD,TRANSITION,2026-01-21 19:07:00,2026-01-21 19:57:00,51,27.04,37.3,51.96
XAUUSD,LOW_LIQUIDITY,2026-01-21 19:58:00,2026-01-21 19:58:00,1,45.83,11.08,70.44
XAUUSD,TRANSITION,2026-01-21 19:59:00,2026-01-21 20:12:00,14,31.04,32.03,55.75
XAUUSD,WIDE_RANGE,2026-01-21 20:13:00,2026-01-21 20:19:00,7,31.19,52.93,48.03
XAUUSD,TRANSITION,2026-01-21 20:20:00,2026-01-21 22:36:00,137,29.56,36.87,52.05
XAUUSD,TIGHT_RANGE,2026-01-21 22:37:00,2026-01-21 22:37:00,1,21.66,45.55,44.98
XAUUSD,TRANSITION,2026-01-21 22:38:00,2026-01-21 22:38:00,1,27.76,40.87,49.32
XAUUSD,LOW_LIQUIDITY,2026-01-21 22:39:00,2026-01-21 22:40:00,2,37.46,31.27,57.02
XAUUSD,TIGHT_RANGE,2026-01-21 22:41:00,2026-01-21 22:51:00,11,24.18,44.9,46.28
XAUUSD,LOW_LIQUIDITY,2026-01-21 22:52:00,2026-01-21 22:52:00,1,34.59,35.36,54.28
XAUUSD,TIGHT_RANGE,2026-01-21 22:53:00,2026-01-21 22:55:00,3,23.38,43.88,46.23
XAUUSD,LOW_LIQUIDITY,2026-01-21 22:56:00,2026-01-21 23:11:00,16,36.56,30.08,56.98
XAUUSD,TRANSITION,2026-01-21 23:12:00,2026-01-21 23:15:00,4,27.38,35.3,50.95
XAUUSD,LOW_LIQUIDITY,2026-01-21 23:16:00,2026-01-21 23:16:00,1,27.26,28.41,53.23
XAUUSD,TRANSITION,2026-01-21 23:17:00,2026-01-22 00:53:00,97,27.15,40.38,49.45
XAUUSD,STRONG_TREND_UP,2026-01-22 00:54:00,2026-01-22 00:54:00,1,66.56,25.3,72.63
XAUUSD,TRANSITION,2026-01-22 00:55:00,2026-01-22 01:00:00,6,57.2,28.42,67.28
XAUUSD,STRONG_TREND_UP,2026-01-22 01:01:00,2026-01-22 01:03:00,3,67.97,21.91,74.47
XAUUSD,TRANSITION,2026-01-22 01:04:00,2026-01-22 01:10:00,7,54.22,25.27,67.03
XAUUSD,WIDE_RANGE,2026-01-22 01:11:00,2026-01-22 01:15:00,5,20.04,51.15,42.5
XAUUSD,TRANSITION,2026-01-22 01:16:00,2026-01-22 05:58:00,283,30.02,35.57,53.41
XAUUSD,TIGHT_RANGE,2026-01-22 05:59:00,2026-01-22 05:59:00,1,17.61,46.07,43.23
XAUUSD,TRANSITION,2026-01-22 06:00:00,2026-01-22 06:00:00,1,18.4,49.02,42.57
XAUUSD,LOW_LIQUIDITY,2026-01-22 06:01:00,2026-01-22 06:01:00,1,30.91,32.71,53.86
XAUUSD,TIGHT_RANGE,2026-01-22 06:02:00,2026-01-22 06:02:00,1,28.18,36.4,51.35
XAUUSD,LOW_LIQUIDITY,2026-01-22 06:03:00,2026-01-22 06:06:00,4,37.76,19.97,61.34
XAUUSD,TRANSITION,2026-01-22 06:07:00,2026-01-22 06:07:00,1,25.53,34.16,50.89
XAUUSD,TIGHT_RANGE,2026-01-22 06:08:00,2026-01-22 06:10:00,3,16.16,45.38,42.75
XAUUSD,LOW_LIQUIDITY,2026-01-22 06:11:00,2026-01-22 06:12:00,2,23.91,29.08,51.91
XAUUSD,TRANSITION,2026-01-22 06:13:00,2026-01-22 06:14:00,2,27.48,29.59,53.42
XAUUSD,LOW_LIQUIDITY,2026-01-22 06:15:00,2026-01-22 06:15:00,1,24.66,32.94,50.99
XAUUSD,TRANSITION,2026-01-22 06:16:00,2026-01-22 07:18:00,63,32.21,38.74,52.07
XAUUSD,WIDE_RANGE,2026-01-22 07:19:00,2026-01-22 07:19:00,1,34.06,45.24,48.73
XAUUSD,TRANSITION,2026-01-22 07:20:00,2026-01-22 08:07:00,48,35.97,34.7,55.23
XAUUSD,WIDE_RANGE,2026-01-22 08:08:00,2026-01-22 08:08:00,1,37.68,45.29,52.7
XAUUSD,TRANSITION,2026-01-22 08:09:00,2026-01-22 08:09:00,1,37.98,40.52,54.46
XAUUSD,WIDE_RANGE,2026-01-22 08:10:00,2026-01-22 08:16:00,7,31.62,48.91,48.69
XAUUSD,TRANSITION,2026-01-22 08:17:00,2026-01-22 08:29:00,13,43.63,31.25,59.95
XAUUSD,WIDE_RANGE,2026-01-22 08:30:00,2026-01-22 08:35:00,6,23.58,43.25,45.83
XAUUSD,TRANSITION,2026-01-22 08:36:00,2026-01-22 08:49:00,14,47.04,31.65,60.54
XAUUSD,WIDE_RANGE,2026-01-22 08:50:00,2026-01-22 09:00:00,11,27.93,44.97,48.28
XAUUSD,TRANSITION,2026-01-22 09:01:00,2026-01-22 09:32:00,32,34.26,34.14,55.0
XAUUSD,STRONG_TREND_UP,2026-01-22 09:33:00,2026-01-22 09:33:00,1,71.37,19.79,76.97
XAUUSD,TRANSITION,2026-01-22 09:34:00,2026-01-22 09:48:00,15,42.31,31.01,59.53
XAUUSD,WIDE_RANGE,2026-01-22 09:49:00,2026-01-22 09:54:00,6,28.49,44.89,48.06
XAUUSD,TRANSITION,2026-01-22 09:55:00,2026-01-22 09:56:00,2,31.94,35.38,53.0
XAUUSD,WIDE_RANGE,2026-01-22 09:57:00,2026-01-22 09:57:00,1,22.03,43.87,45.48
XAUUSD,TRANSITION,2026-01-22 09:58:00,2026-01-22 10:01:00,4,29.49,34.04,51.86
XAUUSD,WIDE_RANGE,2026-01-22 10:02:00,2026-01-22 10:03:00,2,28.82,44.94,47.0
XAUUSD,TRANSITION,2026-01-22 10:04:00,2026-01-22 10:04:00,1,35.5,35.0,53.27
XAUUSD,WIDE_RANGE,2026-01-22 10:05:00,2026-01-22 10:06:00,2,33.03,43.66,49.12
XAUUSD,TRANSITION,2026-01-22 10:07:00,2026-01-22 12:17:00,131,32.65,34.68,54.33
XAUUSD,WIDE_RANGE,2026-01-22 12:18:00,2026-01-22 12:18:00,1,25.39,46.8,46.35
XAUUSD,TRANSITION,2026-01-22 12:19:00,2026-01-22 12:22:00,4,28.2,44.04,48.38
XAUUSD,WIDE_RANGE,2026-01-22 12:23:00,2026-01-22 12:27:00,5,29.95,46.39,48.02
XAUUSD,TRANSITION,2026-01-22 12:28:00,2026-01-22 15:07:00,160,34.86,32.37,56.11
XAUUSD,STRONG_TREND_UP,2026-01-22 15:08:00,2026-01-22 15:08:00,1,68.15,15.77,76.84
XAUUSD,TRANSITION,2026-01-22 15:09:00,2026-01-22 15:15:00,7,61.34,19.66,72.11
XAUUSD,STRONG_TREND_UP,2026-01-22 15:16:00,2026-01-22 15:19:00,4,67.83,19.48,74.98
XAUUSD,TRANSITION,2026-01-22 15:20:00,2026-01-22 16:26:00,67,29.71,37.26,51.43
XAUUSD,TIGHT_RANGE,2026-01-22 16:27:00,2026-01-22 16:28:00,2,25.42,39.56,48.97
XAUUSD,LOW_LIQUIDITY,2026-01-22 16:29:00,2026-01-22 16:29:00,1,41.03,23.48,61.41
XAUUSD,TRANSITION,2026-01-22 16:30:00,2026-01-22 16:42:00,13,53.33,25.75,64.75
XAUUSD,STRONG_TREND_UP,2026-01-22 16:43:00,2026-01-22 16:43:00,1,65.83,20.58,71.01
XAUUSD,TRANSITION,2026-01-22 16:44:00,2026-01-22 18:13:00,30,40.82,40.51,50.24
XAUUSD,WHIPSAW,2026-01-22 18:14:00,2026-01-22 18:22:00,9,22.67,75.42,22.84
XAUUSD,WIDE_RANGE,2026-01-22 18:23:00,2026-01-22 18:23:00,1,24.56,65.68,31.92
XAUUSD,TRANSITION,2026-01-22 18:24:00,2026-01-22 20:02:00,99,33.7,34.63,54.94
XAUUSD,WIDE_RANGE,2026-01-22 20:03:00,2026-01-22 20:06:00,4,23.77,46.44,46.99
XAUUSD,TRANSITION,2026-01-22 20:07:00,2026-01-22 20:07:00,1,36.2,44.35,52.68
XAUUSD,WIDE_RANGE,2026-01-22 20:08:00,2026-01-22 20:17:00,10,36.2,51.04,48.65
XAUUSD,TRANSITION,2026-01-22 20:18:00,2026-01-22 20:20:00,3,40.12,39.43,52.36
XAUUSD,WIDE_RANGE,2026-01-22 20:21:00,2026-01-22 20:23:00,3,28.7,47.24,44.35
XAUUSD,TRANSITION,2026-01-22 20:24:00,2026-01-22 21:40:00,77,28.76,41.46,49.2
XAUUSD,TIGHT_RANGE,2026-01-22 21:41:00,2026-01-22 21:42:00,2,20.98,45.18,45.36
XAUUSD,LOW_LIQUIDITY,2026-01-22 21:43:00,2026-01-22 21:54:00,12,40.14,26.13,61.67
XAUUSD,TIGHT_RANGE,2026-01-22 21:55:00,2026-01-22 21:55:00,1,22.56,34.82,51.9
XAUUSD,LOW_LIQUIDITY,2026-01-22 21:56:00,2026-01-22 21:56:00,1,23.75,32.51,53.46
XAUUSD,TIGHT_RANGE,2026-01-22 21:57:00,2026-01-22 22:06:00,10,19.49,39.79,49.2
XAUUSD,LOW_LIQUIDITY,2026-01-22 22:07:00,2026-01-22 22:07:00,1,26.77,34.67,54.28
XAUUSD,TRANSITION,2026-01-22 22:08:00,2026-01-22 22:32:00,25,35.31,29.57,59.01
XAUUSD,WIDE_RANGE,2026-01-22 22:33:00,2026-01-22 22:35:00,3,28.26,47.37,48.09
XAUUSD,TRANSITION,2026-01-22 22:36:00,2026-01-22 23:04:00,29,27.95,35.83,51.61
XAUUSD,TIGHT_RANGE,2026-01-22 23:05:00,2026-01-22 23:34:00,30,19.04,39.61,46.63
XAUUSD,LOW_LIQUIDITY,2026-01-22 23:35:00,2026-01-22 23:37:00,3,35.46,28.58,57.78
XAUUSD,TIGHT_RANGE,2026-01-22 23:38:00,2026-01-22 23:38:00,1,26.23,38.27,50.27
XAUUSD,LOW_LIQUIDITY,2026-01-22 23:39:00,2026-01-22 23:39:00,1,36.22,31.18,57.27
XAUUSD,TRANSITION,2026-01-22 23:40:00,2026-01-23 00:01:00,22,32.72,34.35,54.24
XAUUSD,TIGHT_RANGE,2026-01-23 00:02:00,2026-01-23 00:02:00,1,22.11,43.55,46.33
XAUUSD,TRANSITION,2026-01-23 00:03:00,2026-01-23 00:03:00,1,15.41,55.08,39.5
XAUUSD,TIGHT_RANGE,2026-01-23 00:04:00,2026-01-23 00:10:00,7,19.3,45.74,44.8
XAUUSD,LOW_LIQUIDITY,2026-01-23 00:11:00,2026-01-23 00:11:00,1,24.53,28.59,53.2
XAUUSD,TIGHT_RANGE,2026-01-23 00:12:00,2026-01-23 00:19:00,8,22.92,36.8,49.72
XAUUSD,LOW_LIQUIDITY,2026-01-23 00:20:00,2026-01-23 00:20:00,1,34.92,22.44,60.0
XAUUSD,TIGHT_RANGE,2026-01-23 00:21:00,2026-01-23 00:21:00,1,28.94,33.63,53.41
XAUUSD,LOW_LIQUIDITY,2026-01-23 00:22:00,2026-01-23 00:23:00,2,32.3,30.91,55.86
XAUUSD,TRANSITION,2026-01-23 00:24:00,2026-01-23 00:58:00,35,35.76,32.6,56.86
XAUUSD,WIDE_RANGE,2026-01-23 00:59:00,2026-01-23 01:06:00,8,27.98,45.24,49.12
XAUUSD,TRANSITION,2026-01-23 01:07:00,2026-01-23 01:19:00,13,50.03,36.52,61.65
XAUUSD,WIDE_RANGE,2026-01-23 01:20:00,2026-01-23 01:38:00,19,28.08,57.33,44.23
XAUUSD,TRANSITION,2026-01-23 01:39:00,2026-01-23 01:39:00,1,21.52,62.52,39.22
XAUUSD,WIDE_RANGE,2026-01-23 01:40:00,2026-01-23 01:43:00,4,27.81,51.65,45.75
XAUUSD,TRANSITION,2026-01-23 01:44:00,2026-01-23 03:39:00,116,31.04,37.92,51.91
XAUUSD,WIDE_RANGE,2026-01-23 03:40:00,2026-01-23 03:46:00,7,30.52,55.0,42.8
XAUUSD,TRANSITION,2026-01-23 03:47:00,2026-01-23 04:01:00,15,30.54,43.72,45.65
XAUUSD,WIDE_RANGE,2026-01-23 04:02:00,2026-01-23 04:03:00,2,34.49,46.44,46.7
XAUUSD,TRANSITION,2026-01-23 04:04:00,2026-01-23 04:05:00,2,32.45,40.1,48.0
XAUUSD,WIDE_RANGE,2026-01-23 04:06:00,2026-01-23 04:07:00,2,28.16,41.59,45.66
XAUUSD,TRANSITION,2026-01-23 04:08:00,2026-01-23 05:00:00,53,27.5,43.14,46.59
XAUUSD,LOW_LIQUIDITY,2026-01-23 05:01:00,2026-01-23 05:03:00,3,36.45,24.85,58.72
XAUUSD,TIGHT_RANGE,2026-01-23 05:04:00,2026-01-23 05:07:00,4,17.34,43.23,43.79
XAUUSD,TRANSITION,2026-01-23 05:08:00,2026-01-23 05:08:00,1,26.3,28.64,52.76
XAUUSD,TIGHT_RANGE,2026-01-23 05:09:00,2026-01-23 05:14:00,6,22.92,41.32,46.78
XAUUSD,LOW_LIQUIDITY,2026-01-23 05:15:00,2026-01-23 05:15:00,1,31.28,31.01,54.21
XAUUSD,TIGHT_RANGE,2026-01-23 05:16:00,2026-01-23 05:16:00,1,27.2,35.8,50.75
XAUUSD,LOW_LIQUIDITY,2026-01-23 05:17:00,2026-01-23 05:19:00,3,32.29,30.7,54.93
XAUUSD,TIGHT_RANGE,2026-01-23 05:20:00,2026-01-23 05:22:00,3,25.39,43.88,47.28
XAUUSD,LOW_LIQUIDITY,2026-01-23 05:23:00,2026-01-23 05:29:00,7,46.34,33.04,60.58
XAUUSD,TRANSITION,2026-01-23 05:30:00,2026-01-23 05:30:00,1,37.64,33.18,56.66
XAUUSD,LOW_LIQUIDITY,2026-01-23 05:31:00,2026-01-23 05:31:00,1,35.47,32.85,55.77
XAUUSD,TRANSITION,2026-01-23 05:32:00,2026-01-23 05:49:00,18,25.43,40.19,48.5
XAUUSD,TIGHT_RANGE,2026-01-23 05:50:00,2026-01-23 05:53:00,4,22.62,44.63,45.55
XAUUSD,TRANSITION,2026-01-23 05:54:00,2026-01-23 05:56:00,3,19.48,44.27,44.23
XAUUSD,TIGHT_RANGE,2026-01-23 05:57:00,2026-01-23 05:58:00,2,19.29,39.64,45.73
XAUUSD,TRANSITION,2026-01-23 05:59:00,2026-01-23 08:08:00,130,33.08,34.1,54.42
XAUUSD,WIDE_RANGE,2026-01-23 08:09:00,2026-01-23 08:21:00,13,25.68,45.12,47.03
XAUUSD,TRANSITION,2026-01-23 08:22:00,2026-01-23 08:29:00,8,44.42,31.65,59.93
XAUUSD,WIDE_RANGE,2026-01-23 08:30:00,2026-01-23 08:35:00,6,29.69,51.7,46.61
XAUUSD,TRANSITION,2026-01-23 08:36:00,2026-01-23 08:36:00,1,36.05,34.07,55.87
XAUUSD,WIDE_RANGE,2026-01-23 08:37:00,2026-01-23 08:50:00,14,28.96,45.19,49.75
XAUUSD,TRANSITION,2026-01-23 08:51:00,2026-01-23 13:10:00,260,29.3,40.45,50.91
XAUUSD,WIDE_RANGE,2026-01-23 13:11:00,2026-01-23 13:13:00,3,26.47,50.0,45.77
XAUUSD,TRANSITION,2026-01-23 13:14:00,2026-01-23 14:28:00,75,33.46,33.68,54.56
XAUUSD,TIGHT_RANGE,2026-01-23 14:29:00,2026-01-23 14:29:00,1,22.77,43.68,46.49
XAUUSD,LOW_LIQUIDITY,2026-01-23 14:30:00,2026-01-23 14:30:00,1,32.29,32.31,54.74
XAUUSD,TRANSITION,2026-01-23 14:31:00,2026-01-23 14:31:00,1,39.79,28.9,59.35
XAUUSD,LOW_LIQUIDITY,2026-01-23 14:32:00,2026-01-23 14:32:00,1,38.65,28.55,58.95
XAUUSD,TRANSITION,2026-01-23 14:33:00,2026-01-23 16:22:00,110,25.57,39.24,50.12
XAUUSD,LOW_LIQUIDITY,2026-01-23 16:23:00,2026-01-23 16:23:00,1,26.06,40.13,50.6
XAUUSD,TIGHT_RANGE,2026-01-23 16:24:00,2026-01-23 16:25:00,2,26.55,44.41,49.36
XAUUSD,LOW_LIQUIDITY,2026-01-23 16:26:00,2026-01-23 16:26:00,1,29.01,38.37,52.5
XAUUSD,TIGHT_RANGE,2026-01-23 16:27:00,2026-01-23 16:38:00,12,16.81,44.06,45.04
XAUUSD,LOW_LIQUIDITY,2026-01-23 16:39:00,2026-01-23 16:40:00,2,30.57,23.7,57.72
XAUUSD,TIGHT_RANGE,2026-01-23 16:41:00,2026-01-23 16:51:00,11,19.04,37.01,46.48
XAUUSD,LOW_LIQUIDITY,2026-01-23 16:52:00,2026-01-23 16:58:00,7,51.12,31.2,57.88
XAUUSD,TRANSITION,2026-01-23 16:59:00,2026-01-23 16:59:00,1,18.55,52.79,33.12
XAUUSD,STRONG_TREND_UP,2026-01-25 18:00:00,2026-01-25 18:03:00,4,71.76,41.0,56.31
XAUUSD,TRANSITION,2026-01-25 18:04:00,2026-01-25 18:20:00,17,45.99,57.54,35.59
XAUUSD,WHIPSAW,2026-01-25 18:21:00,2026-01-25 18:24:00,4,28.78,75.13,22.15
XAUUSD,TRANSITION,2026-01-25 18:25:00,2026-01-25 18:25:00,1,39.51,58.47,35.52
XAUUSD,WIDE_RANGE,2026-01-25 18:26:00,2026-01-25 18:45:00,20,25.98,58.64,36.45
XAUUSD,TRANSITION,2026-01-25 18:46:00,2026-01-25 19:38:00,53,33.31,36.59,55.21
XAUUSD,LOW_LIQUIDITY,2026-01-25 19:39:00,2026-01-25 19:50:00,12,47.65,24.34,67.64
XAUUSD,TIGHT_RANGE,2026-01-25 19:51:00,2026-01-25 19:57:00,7,20.13,43.68,48.41
XAUUSD,LOW_LIQUIDITY,2026-01-25 19:58:00,2026-01-25 20:00:00,3,31.3,33.77,56.92
XAUUSD,TRANSITION,2026-01-25 20:01:00,2026-01-25 20:10:00,10,31.12,41.62,54.16
XAUUSD,WIDE_RANGE,2026-01-25 20:11:00,2026-01-25 20:13:00,3,34.13,43.95,54.72
XAUUSD,TRANSITION,2026-01-25 20:14:00,2026-01-25 20:20:00,7,43.66,36.34,61.11
XAUUSD,STRONG_TREND_UP,2026-01-25 20:21:00,2026-01-25 20:24:00,4,67.25,20.13,76.94
XAUUSD,TRANSITION,2026-01-25 20:25:00,2026-01-25 20:27:00,3,61.03,21.75,73.82
XAUUSD,STRONG_TREND_UP,2026-01-25 20:28:00,2026-01-25 20:28:00,1,69.25,19.33,78.28
XAUUSD,TRANSITION,2026-01-25 20:29:00,2026-01-25 20:46:00,18,47.45,31.75,63.3
XAUUSD,WIDE_RANGE,2026-01-25 20:47:00,2026-01-25 21:02:00,16,24.18,47.62,45.79
XAUUSD,TRANSITION,2026-01-25 21:03:00,2026-01-25 21:03:00,1,32.89,24.74,57.02
XAUUSD,WIDE_RANGE,2026-01-25 21:04:00,2026-01-25 21:11:00,8,23.51,43.97,46.66
XAUUSD,TRANSITION,2026-01-25 21:12:00,2026-01-25 22:41:00,90,25.87,41.0,49.56
XAUUSD,LOW_LIQUIDITY,2026-01-25 22:42:00,2026-01-25 22:42:00,1,24.07,29.05,52.12
XAUUSD,TRANSITION,2026-01-25 22:43:00,2026-01-25 22:44:00,2,25.06,27.92,53.1
XAUUSD,TIGHT_RANGE,2026-01-25 22:45:00,2026-01-25 22:45:00,1,23.8,30.51,51.69
XAUUSD,TRANSITION,2026-01-25 22:46:00,2026-01-25 23:14:00,29,26.74,40.07,50.08
XAUUSD,TIGHT_RANGE,2026-01-25 23:15:00,2026-01-25 23:16:00,2,22.55,39.7,48.47
XAUUSD,TRANSITION,2026-01-25 23:17:00,2026-01-25 23:18:00,2,16.2,50.83,41.92
XAUUSD,TIGHT_RANGE,2026-01-25 23:19:00,2026-01-25 23:19:00,1,17.47,47.9,43.49
XAUUSD,TRANSITION,2026-01-25 23:20:00,2026-01-25 23:26:00,7,17.62,40.15,46.09
XAUUSD,TIGHT_RANGE,2026-01-25 23:27:00,2026-01-25 23:27:00,1,22.36,40.96,47.95
XAUUSD,LOW_LIQUIDITY,2026-01-25 23:28:00,2026-01-25 23:29:00,2,29.69,26.88,56.03
XAUUSD,TIGHT_RANGE,2026-01-25 23:30:00,2026-01-25 23:31:00,2,24.54,37.96,49.81
XAUUSD,TRANSITION,2026-01-25 23:32:00,2026-01-26 00:22:00,51,28.89,32.12,53.49
XAUUSD,WIDE_RANGE,2026-01-26 00:23:00,2026-01-26 00:26:00,4,28.22,43.73,48.71
XAUUSD,TRANSITION,2026-01-26 00:27:00,2026-01-26 00:30:00,4,27.11,42.44,48.51
XAUUSD,WIDE_RANGE,2026-01-26 00:31:00,2026-01-26 00:50:00,20,27.41,51.57,44.43
XAUUSD,TRANSITION,2026-01-26 00:51:00,2026-01-26 00:54:00,4,45.8,28.85,60.25
XAUUSD,WIDE_RANGE,2026-01-26 00:55:00,2026-01-26 00:56:00,2,34.02,34.81,53.25
XAUUSD,TRANSITION,2026-01-26 00:57:00,2026-01-26 01:00:00,4,51.59,19.52,66.92
XAUUSD,STRONG_TREND_UP,2026-01-26 01:01:00,2026-01-26 01:01:00,1,69.71,16.64,76.37
XAUUSD,TRANSITION,2026-01-26 01:02:00,2026-01-26 01:46:00,45,34.86,35.9,54.64
XAUUSD,STRONG_TREND_UP,2026-01-26 01:47:00,2026-01-26 01:48:00,2,67.78,23.71,73.78
XAUUSD,TRANSITION,2026-01-26 01:49:00,2026-01-26 01:57:00,9,40.96,34.95,56.17
XAUUSD,WIDE_RANGE,2026-01-26 01:58:00,2026-01-26 02:04:00,7,24.24,43.73,43.97
XAUUSD,TRANSITION,2026-01-26 02:05:00,2026-01-26 02:27:00,23,41.14,35.95,56.09
XAUUSD,LOW_LIQUIDITY,2026-01-26 02:28:00,2026-01-26 02:29:00,2,40.16,26.96,61.53
XAUUSD,TRANSITION,2026-01-26 02:30:00,2026-01-26 02:31:00,2,26.61,35.15,52.86
XAUUSD,TIGHT_RANGE,2026-01-26 02:32:00,2026-01-26 02:37:00,6,19.97,37.73,49.33
XAUUSD,LOW_LIQUIDITY,2026-01-26 02:38:00,2026-01-26 02:38:00,1,26.24,29.63,55.0
XAUUSD,TIGHT_RANGE,2026-01-26 02:39:00,2026-01-26 02:39:00,1,18.84,40.1,47.94
XAUUSD,LOW_LIQUIDITY,2026-01-26 02:40:00,2026-01-26 02:40:00,1,24.83,28.32,54.7
XAUUSD,TIGHT_RANGE,2026-01-26 02:41:00,2026-01-26 02:41:00,1,22.54,38.92,50.06
XAUUSD,LOW_LIQUIDITY,2026-01-26 02:42:00,2026-01-26 02:43:00,2,24.87,32.66,53.18
XAUUSD,TIGHT_RANGE,2026-01-26 02:44:00,2026-01-26 02:45:00,2,21.59,40.37,48.97
XAUUSD,LOW_LIQUIDITY,2026-01-26 02:46:00,2026-01-26 02:48:00,3,31.6,33.58,55.84
XAUUSD,TIGHT_RANGE,2026-01-26 02:49:00,2026-01-26 03:00:00,12,19.86,44.03,46.47
XAUUSD,TRANSITION,2026-01-26 03:01:00,2026-01-26 03:22:00,22,26.97,37.53,51.93
XAUUSD,TIGHT_RANGE,2026-01-26 03:23:00,2026-01-26 03:24:00,2,23.05,39.8,49.72
XAUUSD,LOW_LIQUIDITY,2026-01-26 03:25:00,2026-01-26 03:33:00,9,38.05,23.02,62.56
XAUUSD,TIGHT_RANGE,2026-01-26 03:34:00,2026-01-26 03:41:00,8,19.44,42.29,47.43
XAUUSD,LOW_LIQUIDITY,2026-01-26 03:42:00,2026-01-26 03:45:00,4,26.8,31.88,54.2
XAUUSD,TRANSITION,2026-01-26 03:46:00,2026-01-26 04:01:00,16,42.54,33.98,59.9
XAUUSD,WIDE_RANGE,2026-01-26 04:02:00,2026-01-26 04:10:00,9,26.88,60.84,42.48
XAUUSD,TRANSITION,2026-01-26 04:11:00,2026-01-26 04:11:00,1,34.23,43.05,51.73
XAUUSD,WIDE_RANGE,2026-01-26 04:12:00,2026-01-26 04:12:00,1,28.05,46.16,47.83
XAUUSD,TRANSITION,2026-01-26 04:13:00,2026-01-26 04:59:00,47,32.79,36.12,53.45
XAUUSD,WIDE_RANGE,2026-01-26 05:00:00,2026-01-26 05:02:00,3,29.16,45.67,48.79
XAUUSD,TRANSITION,2026-01-26 05:03:00,2026-01-26 05:04:00,2,33.0,36.95,53.52
XAUUSD,WIDE_RANGE,2026-01-26 05:05:00,2026-01-26 05:06:00,2,30.38,38.91,51.61
XAUUSD,TRANSITION,2026-01-26 05:07:00,2026-01-26 05:08:00,2,32.13,34.55,53.91
XAUUSD,WIDE_RANGE,2026-01-26 05:09:00,2026-01-26 05:10:00,2,22.92,46.86,45.46
XAUUSD,TRANSITION,2026-01-26 05:11:00,2026-01-26 05:56:00,46,29.36,32.62,53.37
XAUUSD,TIGHT_RANGE,2026-01-26 05:57:00,2026-01-26 05:58:00,2,20.29,49.2,43.66
XAUUSD,LOW_LIQUIDITY,2026-01-26 05:59:00,2026-01-26 06:02:00,4,29.16,31.65,53.67
XAUUSD,TIGHT_RANGE,2026-01-26 06:03:00,2026-01-26 06:03:00,1,24.72,45.51,46.82
XAUUSD,TRANSITION,2026-01-26 06:04:00,2026-01-26 06:04:00,1,21.08,51.78,43.0
XAUUSD,TIGHT_RANGE,2026-01-26 06:05:00,2026-01-26 06:05:00,1,24.06,47.32,45.9
XAUUSD,TRANSITION,2026-01-26 06:06:00,2026-01-26 06:11:00,6,23.04,38.64,48.41
XAUUSD,TIGHT_RANGE,2026-01-26 06:12:00,2026-01-26 06:12:00,1,23.12,32.33,50.58
XAUUSD,LOW_LIQUIDITY,2026-01-26 06:13:00,2026-01-26 06:14:00,2,29.77,21.41,57.33
XAUUSD,TRANSITION,2026-01-26 06:15:00,2026-01-26 07:57:00,103,29.55,37.67,51.56
XAUUSD,WIDE_RANGE,2026-01-26 07:58:00,2026-01-26 07:58:00,1,28.53,42.47,49.34
XAUUSD,TRANSITION,2026-01-26 07:59:00,2026-01-26 08:04:00,6,33.6,37.78,53.18
XAUUSD,WIDE_RANGE,2026-01-26 08:05:00,2026-01-26 08:05:00,1,32.39,48.3,48.8
XAUUSD,TRANSITION,2026-01-26 08:06:00,2026-01-26 08:07:00,2,38.03,45.34,52.32
XAUUSD,WIDE_RANGE,2026-01-26 08:08:00,2026-01-26 08:27:00,20,27.19,52.06,44.89
XAUUSD,TRANSITION,2026-01-26 08:28:00,2026-01-26 08:39:00,12,39.64,40.28,54.33
XAUUSD,WIDE_RANGE,2026-01-26 08:40:00,2026-01-26 08:49:00,10,26.1,53.02,43.58
XAUUSD,TRANSITION,2026-01-26 08:50:00,2026-01-26 11:40:00,171,32.46,36.58,52.95
XAUUSD,WIDE_RANGE,2026-01-26 11:41:00,2026-01-26 11:41:00,1,31.22,53.7,43.58
XAUUSD,TRANSITION,2026-01-26 11:42:00,2026-01-26 11:45:00,4,35.3,49.1,46.67
XAUUSD,WIDE_RANGE,2026-01-26 11:46:00,2026-01-26 11:48:00,3,27.63,52.67,41.64
XAUUSD,TRANSITION,2026-01-26 11:49:00,2026-01-26 12:04:00,16,40.98,34.26,56.61
XAUUSD,STRONG_TREND_UP,2026-01-26 12:05:00,2026-01-26 12:05:00,1,65.23,19.23,74.23
XAUUSD,TRANSITION,2026-01-26 12:06:00,2026-01-26 13:48:00,103,31.32,36.1,53.62
XAUUSD,WIDE_RANGE,2026-01-26 13:49:00,2026-01-26 13:55:00,7,27.68,49.2,44.19
XAUUSD,TRANSITION,2026-01-26 13:56:00,2026-01-26 14:06:00,11,23.58,47.33,43.62
XAUUSD,WIDE_RANGE,2026-01-26 14:07:00,2026-01-26 14:07:00,1,31.6,47.24,47.04
XAUUSD,TRANSITION,2026-01-26 14:08:00,2026-01-26 14:30:00,23,37.83,36.57,52.03
XAUUSD,WIDE_RANGE,2026-01-26 14:31:00,2026-01-26 14:31:00,1,32.39,44.53,45.46
XAUUSD,TRANSITION,2026-01-26 14:32:00,2026-01-26 14:36:00,5,36.29,39.23,49.08
XAUUSD,WIDE_RANGE,2026-01-26 14:37:00,2026-01-26 14:41:00,5,21.1,52.83,37.79
XAUUSD,TRANSITION,2026-01-26 14:42:00,2026-01-26 18:25:00,164,30.82,37.87,49.11
XAUUSD,LOW_LIQUIDITY,2026-01-26 18:26:00,2026-01-26 18:33:00,8,28.83,32.76,51.37
XAUUSD,TIGHT_RANGE,2026-01-26 18:34:00,2026-01-26 18:40:00,7,24.93,40.94,48.22
XAUUSD,LOW_LIQUIDITY,2026-01-26 18:41:00,2026-01-26 18:50:00,10,35.24,36.14,55.65
XAUUSD,TRANSITION,2026-01-26 18:51:00,2026-01-26 18:52:00,2,26.8,37.16,51.84
XAUUSD,TIGHT_RANGE,2026-01-26 18:53:00,2026-01-26 18:58:00,6,17.6,41.66,46.0
XAUUSD,LOW_LIQUIDITY,2026-01-26 18:59:00,2026-01-26 19:00:00,2,27.16,30.09,54.3
XAUUSD,TRANSITION,2026-01-26 19:01:00,2026-01-26 19:18:00,18,26.55,33.55,53.91
XAUUSD,LOW_LIQUIDITY,2026-01-26 19:19:00,2026-01-26 19:19:00,1,29.67,29.64,57.57
XAUUSD,TIGHT_RANGE,2026-01-26 19:20:00,2026-01-26 19:24:00,5,15.57,41.39,47.09
XAUUSD,LOW_LIQUIDITY,2026-01-26 19:25:00,2026-01-26 19:25:00,1,26.91,22.79,58.63
XAUUSD,TIGHT_RANGE,2026-01-26 19:26:00,2026-01-26 19:27:00,2,23.1,32.89,53.44
XAUUSD,LOW_LIQUIDITY,2026-01-26 19:28:00,2026-01-26 19:28:00,1,23.75,30.33,54.61
XAUUSD,TIGHT_RANGE,2026-01-26 19:29:00,2026-01-26 19:31:00,3,18.54,41.01,48.58
XAUUSD,LOW_LIQUIDITY,2026-01-26 19:32:00,2026-01-26 19:32:00,1,27.23,27.76,57.09
XAUUSD,TIGHT_RANGE,2026-01-26 19:33:00,2026-01-26 19:33:00,1,28.36,31.01,56.5
XAUUSD,LOW_LIQUIDITY,2026-01-26 19:34:00,2026-01-26 19:34:00,1,30.47,24.21,59.79
XAUUSD,TRANSITION,2026-01-26 19:35:00,2026-01-26 19:59:00,25,40.66,23.69,64.65
XAUUSD,WIDE_RANGE,2026-01-26 20:00:00,2026-01-26 20:00:00,1,34.53,34.6,57.82
XAUUSD,TRANSITION,2026-01-26 20:01:00,2026-01-26 20:01:00,1,40.31,21.88,64.41
XAUUSD,WIDE_RANGE,2026-01-26 20:02:00,2026-01-26 20:05:00,4,31.24,40.1,53.19
XAUUSD,TRANSITION,2026-01-26 20:06:00,2026-01-26 20:06:00,1,47.3,36.37,61.18
XAUUSD,WIDE_RANGE,2026-01-26 20:07:00,2026-01-26 20:07:00,1,41.57,42.04,56.31
XAUUSD,TRANSITION,2026-01-26 20:08:00,2026-01-26 21:23:00,76,32.92,39.27,53.04
XAUUSD,LOW_LIQUIDITY,2026-01-26 21:24:00,2026-01-26 21:25:00,2,35.46,14.29,65.14
XAUUSD,TIGHT_RANGE,2026-01-26 21:26:00,2026-01-26 21:30:00,5,23.03,28.16,54.68
XAUUSD,TRANSITION,2026-01-26 21:31:00,2026-01-26 21:34:00,4,28.82,25.14,58.08
XAUUSD,TIGHT_RANGE,2026-01-26 21:35:00,2026-01-26 21:35:00,1,19.19,39.48,48.81
XAUUSD,TRANSITION,2026-01-26 21:36:00,2026-01-26 21:37:00,2,28.94,31.84,56.01
XAUUSD,LOW_LIQUIDITY,2026-01-26 21:38:00,2026-01-26 21:38:00,1,33.8,28.57,59.39
XAUUSD,TRANSITION,2026-01-26 21:39:00,2026-01-26 21:40:00,2,37.91,26.15,62.23
XAUUSD,LOW_LIQUIDITY,2026-01-26 21:41:00,2026-01-26 21:50:00,10,35.21,28.28,60.35
XAUUSD,TIGHT_RANGE,2026-01-26 21:51:00,2026-01-26 21:54:00,4,17.7,39.13,48.83
XAUUSD,TRANSITION,2026-01-26 21:55:00,2026-01-26 21:57:00,3,16.88,40.98,47.75
XAUUSD,TIGHT_RANGE,2026-01-26 21:58:00,2026-01-26 22:00:00,3,22.98,38.55,51.42
XAUUSD,TRANSITION,2026-01-26 22:01:00,2026-01-27 02:18:00,258,28.2,38.96,50.34
XAUUSD,WIDE_RANGE,2026-01-27 02:19:00,2026-01-27 02:19:00,1,19.34,63.28,38.17
XAUUSD,TRANSITION,2026-01-27 02:20:00,2026-01-27 02:24:00,5,22.06,52.58,43.14
XAUUSD,WIDE_RANGE,2026-01-27 02:25:00,2026-01-27 02:25:00,1,23.28,47.4,45.51
XAUUSD,TRANSITION,2026-01-27 02:26:00,2026-01-27 02:30:00,5,23.75,46.79,45.67
XAUUSD,WIDE_RANGE,2026-01-27 02:31:00,2026-01-27 02:32:00,2,29.73,42.34,49.72
XAUUSD,TRANSITION,2026-01-27 02:33:00,2026-01-27 07:00:00,268,28.31,38.01,51.51
XAUUSD,WIDE_RANGE,2026-01-27 07:01:00,2026-01-27 07:01:00,1,33.73,44.48,50.76
XAUUSD,TRANSITION,2026-01-27 07:02:00,2026-01-27 07:04:00,3,36.22,42.05,52.71
XAUUSD,WIDE_RANGE,2026-01-27 07:05:00,2026-01-27 07:09:00,5,30.7,47.47,48.17
XAUUSD,TRANSITION,2026-01-27 07:10:00,2026-01-27 08:10:00,61,33.1,39.52,51.45
XAUUSD,WIDE_RANGE,2026-01-27 08:11:00,2026-01-27 08:29:00,19,26.19,51.18,45.2
XAUUSD,TRANSITION,2026-01-27 08:30:00,2026-01-27 08:44:00,15,35.24,35.49,54.71
XAUUSD,WIDE_RANGE,2026-01-27 08:45:00,2026-01-27 08:48:00,4,28.83,43.36,49.12
XAUUSD,TRANSITION,2026-01-27 08:49:00,2026-01-27 08:49:00,1,27.41,44.57,48.07
XAUUSD,WIDE_RANGE,2026-01-27 08:50:00,2026-01-27 08:54:00,5,27.77,46.77,47.57
XAUUSD,TRANSITION,2026-01-27 08:55:00,2026-01-27 09:19:00,25,29.07,44.43,48.76
XAUUSD,WIDE_RANGE,2026-01-27 09:20:00,2026-01-27 09:20:00,1,34.11,46.72,48.88
XAUUSD,TRANSITION,2026-01-27 09:21:00,2026-01-27 09:21:00,1,40.5,41.88,53.31
XAUUSD,WIDE_RANGE,2026-01-27 09:22:00,2026-01-27 09:35:00,14,30.34,56.96,42.62
XAUUSD,TRANSITION,2026-01-27 09:36:00,2026-01-27 09:38:00,3,42.83,44.77,52.19
XAUUSD,WIDE_RANGE,2026-01-27 09:39:00,2026-01-27 09:40:00,2,33.16,49.64,46.52
XAUUSD,TRANSITION,2026-01-27 09:41:00,2026-01-27 09:44:00,4,37.5,41.3,51.78
XAUUSD,WIDE_RANGE,2026-01-27 09:45:00,2026-01-27 09:52:00,8,23.44,50.76,42.38
XAUUSD,TRANSITION,2026-01-27 09:53:00,2026-01-27 10:02:00,10,31.09,41.65,48.8
XAUUSD,WIDE_RANGE,2026-01-27 10:03:00,2026-01-27 10:03:00,1,33.69,45.39,47.25
XAUUSD,TRANSITION,2026-01-27 10:04:00,2026-01-27 10:04:00,1,35.47,42.63,48.89
XAUUSD,WIDE_RANGE,2026-01-27 10:05:00,2026-01-27 10:08:00,4,27.39,50.51,42.23
XAUUSD,TRANSITION,2026-01-27 10:09:00,2026-01-27 10:49:00,41,32.43,37.59,50.75
XAUUSD,LOW_LIQUIDITY,2026-01-27 10:50:00,2026-01-27 10:54:00,5,31.68,23.84,58.55
XAUUSD,TIGHT_RANGE,2026-01-27 10:55:00,2026-01-27 10:55:00,1,26.14,27.17,54.94
XAUUSD,LOW_LIQUIDITY,2026-01-27 10:56:00,2026-01-27 10:56:00,1,27.76,24.94,56.47
XAUUSD,TIGHT_RANGE,2026-01-27 10:57:00,2026-01-27 10:59:00,3,21.4,42.12,47.73
XAUUSD,LOW_LIQUIDITY,2026-01-27 11:00:00,2026-01-27 11:03:00,4,34.3,26.34,59.08
XAUUSD,TIGHT_RANGE,2026-01-27 11:04:00,2026-01-27 11:06:00,3,20.04,37.51,48.75
XAUUSD,TRANSITION,2026-01-27 11:07:00,2026-01-27 11:08:00,2,25.68,30.47,53.76
XAUUSD,TIGHT_RANGE,2026-01-27 11:09:00,2026-01-27 11:10:00,2,29.31,32.75,54.69
XAUUSD,TRANSITION,2026-01-27 11:11:00,2026-01-27 11:18:00,8,37.41,22.83,61.82
XAUUSD,LOW_LIQUIDITY,2026-01-27 11:19:00,2026-01-27 11:20:00,2,39.75,23.14,62.73
XAUUSD,TRANSITION,2026-01-27 11:21:00,2026-01-27 11:26:00,6,29.49,28.72,56.09
XAUUSD,LOW_LIQUIDITY,2026-01-27 11:27:00,2026-01-27 11:27:00,1,27.58,29.5,54.97
XAUUSD,TIGHT_RANGE,2026-01-27 11:28:00,2026-01-27 11:28:00,1,26.24,28.53,54.66
XAUUSD,LOW_LIQUIDITY,2026-01-27 11:29:00,2026-01-27 11:29:00,1,33.66,22.25,60.21
XAUUSD,TRANSITION,2026-01-27 11:30:00,2026-01-27 13:52:00,143,25.32,38.84,49.45
XAUUSD,LOW_LIQUIDITY,2026-01-27 13:53:00,2026-01-27 13:53:00,1,41.63,26.82,60.76
XAUUSD,TRANSITION,2026-01-27 13:54:00,2026-01-27 13:54:00,1,26.17,39.9,49.21
XAUUSD,TIGHT_RANGE,2026-01-27 13:55:00,2026-01-27 13:55:00,1,16.18,48.3,41.76
XAUUSD,TRANSITION,2026-01-27 13:56:00,2026-01-27 14:31:00,36,25.43,41.46,48.32
XAUUSD,LOW_LIQUIDITY,2026-01-27 14:32:00,2026-01-27 14:32:00,1,29.02,33.41,52.81
XAUUSD,TIGHT_RANGE,2026-01-27 14:33:00,2026-01-27 14:35:00,3,24.09,39.18,48.6
XAUUSD,LOW_LIQUIDITY,2026-01-27 14:36:00,2026-01-27 14:36:00,1,26.63,30.65,52.67
XAUUSD,TIGHT_RANGE,2026-01-27 14:37:00,2026-01-27 14:37:00,1,24.95,34.21,50.69
XAUUSD,LOW_LIQUIDITY,2026-01-27 14:38:00,2026-01-27 14:38:00,1,34.48,23.16,58.83
XAUUSD,TIGHT_RANGE,2026-01-27 14:39:00,2026-01-27 14:40:00,2,25.27,32.92,51.27
XAUUSD,LOW_LIQUIDITY,2026-01-27 14:41:00,2026-01-27 14:49:00,9,32.17,35.68,53.47
XAUUSD,TIGHT_RANGE,2026-01-27 14:50:00,2026-01-27 14:50:00,1,24.61,44.7,46.91
XAUUSD,LOW_LIQUIDITY,2026-01-27 14:51:00,2026-01-27 14:54:00,4,37.61,31.76,57.32
XAUUSD,TRANSITION,2026-01-27 14:55:00,2026-01-27 15:02:00,8,55.35,20.01,69.53
XAUUSD,STRONG_TREND_UP,2026-01-27 15:03:00,2026-01-27 15:07:00,5,74.05,18.74,78.17
XAUUSD,TRANSITION,2026-01-27 15:08:00,2026-01-27 15:09:00,2,61.91,25.61,69.57
XAUUSD,STRONG_TREND_UP,2026-01-27 15:10:00,2026-01-27 15:14:00,5,70.29,31.72,71.08
XAUUSD,TRANSITION,2026-01-27 15:15:00,2026-01-27 15:29:00,15,49.88,46.16,56.52
XAUUSD,WIDE_RANGE,2026-01-27 15:30:00,2026-01-27 15:45:00,16,28.81,54.91,43.77
XAUUSD,TRANSITION,2026-01-27 15:46:00,2026-01-27 15:49:00,4,43.92,42.02,55.39
XAUUSD,WIDE_RANGE,2026-01-27 15:50:00,2026-01-27 15:50:00,1,32.1,54.3,45.63
XAUUSD,TRANSITION,2026-01-27 15:51:00,2026-01-27 16:07:00,17,45.45,40.76,55.73
XAUUSD,WIDE_RANGE,2026-01-27 16:08:00,2026-01-27 16:08:00,1,28.93,48.57,43.42
XAUUSD,TRANSITION,2026-01-27 16:09:00,2026-01-27 16:11:00,3,36.14,38.02,50.01
XAUUSD,WIDE_RANGE,2026-01-27 16:12:00,2026-01-27 16:15:00,4,21.34,59.78,35.26
XAUUSD,TRANSITION,2026-01-27 16:16:00,2026-01-27 16:32:00,17,21.74,46.15,41.16
XAUUSD,TIGHT_RANGE,2026-01-27 16:33:00,2026-01-27 16:40:00,8,22.56,41.64,45.83
XAUUSD,LOW_LIQUIDITY,2026-01-27 16:41:00,2026-01-27 16:45:00,5,36.99,25.81,57.99
XAUUSD,TIGHT_RANGE,2026-01-27 16:46:00,2026-01-27 16:46:00,1,26.5,35.39,50.13
XAUUSD,LOW_LIQUIDITY,2026-01-27 16:47:00,2026-01-27 16:50:00,4,39.21,24.32,59.61
XAUUSD,TIGHT_RANGE,2026-01-27 16:51:00,2026-01-27 16:52:00,2,15.12,38.15,43.62
XAUUSD,TRANSITION,2026-01-27 16:53:00,2026-01-27 18:25:00,33,22.39,48.12,33.36
XAUUSD,LOW_LIQUIDITY,2026-01-27 18:26:00,2026-01-27 18:27:00,2,33.25,34.17,50.66
XAUUSD,TIGHT_RANGE,2026-01-27 18:28:00,2026-01-27 18:28:00,1,32.54,35.22,52.01
XAUUSD,TRANSITION,2026-01-27 18:29:00,2026-01-27 18:29:00,1,32.65,34.03,53.06
XAUUSD,TIGHT_RANGE,2026-01-27 18:30:00,2026-01-27 18:30:00,1,26.72,40.19,48.46
XAUUSD,TRANSITION,2026-01-27 18:31:00,2026-01-27 18:32:00,2,24.3,38.44,48.19
XAUUSD,TIGHT_RANGE,2026-01-27 18:33:00,2026-01-27 18:42:00,10,19.71,45.16,45.36
XAUUSD,LOW_LIQUIDITY,2026-01-27 18:43:00,2026-01-27 18:43:00,1,31.25,32.67,56.85
XAUUSD,TIGHT_RANGE,2026-01-27 18:44:00,2026-01-27 18:53:00,10,20.35,44.34,48.28
XAUUSD,LOW_LIQUIDITY,2026-01-27 18:54:00,2026-01-27 18:58:00,5,34.14,22.98,61.89
XAUUSD,TRANSITION,2026-01-27 18:59:00,2026-01-27 19:39:00,41,25.3,34.59,53.88
XAUUSD,LOW_LIQUIDITY,2026-01-27 19:40:00,2026-01-27 19:45:00,6,33.29,26.97,60.14
XAUUSD,TRANSITION,2026-01-27 19:46:00,2026-01-27 20:10:00,25,45.18,22.14,67.17
XAUUSD,WIDE_RANGE,2026-01-27 20:11:00,2026-01-27 20:30:00,20,29.88,49.97,46.7
XAUUSD,TRANSITION,2026-01-27 20:31:00,2026-01-27 20:31:00,1,37.44,34.21,53.24
XAUUSD,WIDE_RANGE,2026-01-27 20:32:00,2026-01-27 20:36:00,5,26.77,44.22,44.93
XAUUSD,TRANSITION,2026-01-27 20:37:00,2026-01-27 23:18:00,162,33.03,31.83,55.28
XAUUSD,TIGHT_RANGE,2026-01-27 23:19:00,2026-01-27 23:20:00,2,18.93,46.95,44.08
XAUUSD,TRANSITION,2026-01-27 23:21:00,2026-01-27 23:21:00,1,23.47,45.39,46.71
XAUUSD,TIGHT_RANGE,2026-01-27 23:22:00,2026-01-27 23:27:00,6,24.51,44.84,47.43
XAUUSD,TRANSITION,2026-01-27 23:28:00,2026-01-28 00:35:00,68,30.52,37.83,52.48
XAUUSD,WIDE_RANGE,2026-01-28 00:36:00,2026-01-28 00:40:00,5,26.67,44.48,47.52
XAUUSD,TRANSITION,2026-01-28 00:41:00,2026-01-28 00:42:00,2,38.58,38.27,54.8
XAUUSD,WIDE_RANGE,2026-01-28 00:43:00,2026-01-28 00:43:00,1,32.99,47.97,48.84
XAUUSD,TRANSITION,2026-01-28 00:44:00,2026-01-28 05:05:00,262,29.82,37.8,51.03
XAUUSD,TIGHT_RANGE,2026-01-28 05:06:00,2026-01-28 05:07:00,2,21.85,32.67,50.4
XAUUSD,LOW_LIQUIDITY,2026-01-28 05:08:00,2026-01-28 05:08:00,1,28.9,26.2,55.96
XAUUSD,TRANSITION,2026-01-28 05:09:00,2026-01-28 06:19:00,71,28.79,37.21,52.37
XAUUSD,WIDE_RANGE,2026-01-28 06:20:00,2026-01-28 06:20:00,1,30.83,58.79,42.25
XAUUSD,TRANSITION,2026-01-28 06:21:00,2026-01-28 06:24:00,4,36.14,49.57,47.16
XAUUSD,WIDE_RANGE,2026-01-28 06:25:00,2026-01-28 06:26:00,2,32.23,46.16,46.22
XAUUSD,TRANSITION,2026-01-28 06:27:00,2026-01-28 08:21:00,115,31.31,37.87,52.56
XAUUSD,WIDE_RANGE,2026-01-28 08:22:00,2026-01-28 08:22:00,1,26.19,48.51,46.72
XAUUSD,TRANSITION,2026-01-28 08:23:00,2026-01-28 09:40:00,78,28.77,42.75,49.43
XAUUSD,WIDE_RANGE,2026-01-28 09:41:00,2026-01-28 09:41:00,1,30.09,43.39,48.96
XAUUSD,TRANSITION,2026-01-28 09:42:00,2026-01-28 09:42:00,1,34.25,40.57,51.82
XAUUSD,WIDE_RANGE,2026-01-28 09:43:00,2026-01-28 09:43:00,1,31.34,45.03,48.88
XAUUSD,TRANSITION,2026-01-28 09:44:00,2026-01-28 09:44:00,1,32.27,42.45,50.14
XAUUSD,WIDE_RANGE,2026-01-28 09:45:00,2026-01-28 09:46:00,2,27.43,49.83,45.37
XAUUSD,TRANSITION,2026-01-28 09:47:00,2026-01-28 09:53:00,7,38.96,43.95,52.35
XAUUSD,WIDE_RANGE,2026-01-28 09:54:00,2026-01-28 09:54:00,1,29.01,45.57,47.24
XAUUSD,TRANSITION,2026-01-28 09:55:00,2026-01-28 10:11:00,17,35.83,39.72,52.63
XAUUSD,WIDE_RANGE,2026-01-28 10:12:00,2026-01-28 10:15:00,4,31.27,53.12,43.19
XAUUSD,TRANSITION,2026-01-28 10:16:00,2026-01-28 10:22:00,7,37.67,55.13,42.62
XAUUSD,WIDE_RANGE,2026-01-28 10:23:00,2026-01-28 10:24:00,2,35.36,63.95,36.12
XAUUSD,TRANSITION,2026-01-28 10:25:00,2026-01-28 10:26:00,2,35.5,60.14,36.49
XAUUSD,WHIPSAW,2026-01-28 10:27:00,2026-01-28 10:27:00,1,21.94,72.18,25.82
XAUUSD,WIDE_RANGE,2026-01-28 10:28:00,2026-01-28 10:28:00,1,24.81,63.49,30.38
XAUUSD,TRANSITION,2026-01-28 10:29:00,2026-01-28 10:31:00,3,38.52,42.51,44.26
XAUUSD,WIDE_RANGE,2026-01-28 10:32:00,2026-01-28 10:33:00,2,32.91,49.12,40.28
XAUUSD,TRANSITION,2026-01-28 10:34:00,2026-01-28 12:05:00,92,29.72,37.69,52.98
XAUUSD,TIGHT_RANGE,2026-01-28 12:06:00,2026-01-28 12:06:00,1,19.92,31.45,52.43
XAUUSD,TRANSITION,2026-01-28 12:07:00,2026-01-28 13:30:00,84,28.63,34.87,53.01
XAUUSD,WIDE_RANGE,2026-01-28 13:31:00,2026-01-28 13:31:00,1,19.46,38.56,46.59
XAUUSD,TRANSITION,2026-01-28 13:32:00,2026-01-28 13:32:00,1,22.74,35.34,49.13
XAUUSD,WIDE_RANGE,2026-01-28 13:33:00,2026-01-28 13:34:00,2,22.3,43.66,45.94
XAUUSD,TRANSITION,2026-01-28 13:35:00,2026-01-28 13:49:00,15,43.49,39.3,55.5
XAUUSD,WIDE_RANGE,2026-01-28 13:50:00,2026-01-28 13:57:00,8,27.0,50.89,42.36
XAUUSD,TRANSITION,2026-01-28 13:58:00,2026-01-28 14:00:00,3,29.16,45.4,45.08
XAUUSD,WIDE_RANGE,2026-01-28 14:01:00,2026-01-28 14:13:00,13,25.04,54.87,38.03
XAUUSD,TRANSITION,2026-01-28 14:14:00,2026-01-28 14:18:00,5,37.63,37.93,48.22
XAUUSD,WIDE_RANGE,2026-01-28 14:19:00,2026-01-28 14:20:00,2,30.05,47.29,42.17
XAUUSD,TRANSITION,2026-01-28 14:21:00,2026-01-28 15:39:00,79,36.28,36.81,53.98
XAUUSD,STRONG_TREND_UP,2026-01-28 15:40:00,2026-01-28 15:42:00,3,69.75,18.84,78.65
XAUUSD,TRANSITION,2026-01-28 15:43:00,2026-01-28 16:37:00,55,26.71,41.94,49.66
XAUUSD,TIGHT_RANGE,2026-01-28 16:38:00,2026-01-28 16:47:00,10,18.54,42.66,45.57
XAUUSD,LOW_LIQUIDITY,2026-01-28 16:48:00,2026-01-28 16:49:00,2,39.28,28.62,60.03
XAUUSD,TRANSITION,2026-01-28 16:50:00,2026-01-28 18:00:00,11,43.24,31.14,60.31
XAUUSD,STRONG_TREND_UP,2026-01-28 18:01:00,2026-01-28 18:01:00,1,65.35,30.22,68.11
XAUUSD,TRANSITION,2026-01-28 18:02:00,2026-01-28 18:37:00,36,50.15,35.36,54.73
XAUUSD,STRONG_TREND_UP,2026-01-28 18:38:00,2026-01-28 18:39:00,2,70.0,33.15,68.06
XAUUSD,TRANSITION,2026-01-28 18:40:00,2026-01-28 18:45:00,6,44.65,45.66,49.91
XAUUSD,WIDE_RANGE,2026-01-28 18:46:00,2026-01-28 18:52:00,7,23.09,60.74,30.28
XAUUSD,WHIPSAW,2026-01-28 18:53:00,2026-01-28 18:53:00,1,20.23,71.86,22.82
XAUUSD,WIDE_RANGE,2026-01-28 18:54:00,2026-01-28 18:54:00,1,25.13,68.8,25.51
XAUUSD,WHIPSAW,2026-01-28 18:55:00,2026-01-28 18:57:00,3,26.99,72.28,24.05
XAUUSD,TRANSITION,2026-01-28 18:58:00,2026-01-28 19:04:00,7,40.45,54.03,36.93
XAUUSD,WIDE_RANGE,2026-01-28 19:05:00,2026-01-28 19:15:00,11,24.28,62.19,29.66
XAUUSD,TRANSITION,2026-01-28 19:16:00,2026-01-28 20:34:00,79,29.1,39.56,51.32
XAUUSD,LOW_LIQUIDITY,2026-01-28 20:35:00,2026-01-28 20:37:00,3,39.24,30.32,61.74
XAUUSD,TRANSITION,2026-01-28 20:38:00,2026-01-28 21:28:00,51,30.06,33.8,55.24
XAUUSD,TIGHT_RANGE,2026-01-28 21:29:00,2026-01-28 21:29:00,1,29.72,33.47,55.19
XAUUSD,TRANSITION,2026-01-28 21:30:00,2026-01-28 21:30:00,1,35.97,32.24,58.7
XAUUSD,TIGHT_RANGE,2026-01-28 21:31:00,2026-01-28 21:32:00,2,27.56,43.98,50.99
XAUUSD,LOW_LIQUIDITY,2026-01-28 21:33:00,2026-01-28 21:33:00,1,37.98,35.85,58.83
XAUUSD,TIGHT_RANGE,2026-01-28 21:34:00,2026-01-28 21:34:00,1,30.45,40.53,53.98
XAUUSD,LOW_LIQUIDITY,2026-01-28 21:35:00,2026-01-28 21:36:00,2,44.77,28.61,64.83
XAUUSD,TRANSITION,2026-01-28 21:37:00,2026-01-28 21:37:00,1,45.91,28.06,65.58
XAUUSD,LOW_LIQUIDITY,2026-01-28 21:38:00,2026-01-28 21:38:00,1,40.86,30.21,62.52
XAUUSD,TRANSITION,2026-01-28 21:39:00,2026-01-28 22:57:00,79,24.67,35.15,52.96
XAUUSD,LOW_LIQUIDITY,2026-01-28 22:58:00,2026-01-28 23:01:00,4,47.22,17.98,69.6
XAUUSD,TRANSITION,2026-01-28 23:02:00,2026-01-28 23:30:00,29,25.33,31.87,54.26
XAUUSD,TIGHT_RANGE,2026-01-28 23:31:00,2026-01-28 23:31:00,1,20.8,32.2,52.36
XAUUSD,LOW_LIQUIDITY,2026-01-28 23:32:00,2026-01-28 23:32:00,1,27.34,23.9,58.28
XAUUSD,TRANSITION,2026-01-28 23:33:00,2026-01-29 00:29:00,57,29.61,35.16,52.12
XAUUSD,WIDE_RANGE,2026-01-29 00:30:00,2026-01-29 00:40:00,11,28.3,47.15,43.71
XAUUSD,TRANSITION,2026-01-29 00:41:00,2026-01-29 03:19:00,159,30.31,34.33,53.13
XAUUSD,WIDE_RANGE,2026-01-29 03:20:00,2026-01-29 03:21:00,2,27.37,39.36,50.26
XAUUSD,TRANSITION,2026-01-29 03:22:00,2026-01-29 03:22:00,1,24.73,50.47,45.0
XAUUSD,WIDE_RANGE,2026-01-29 03:23:00,2026-01-29 03:23:00,1,28.37,39.18,50.39
XAUUSD,TRANSITION,2026-01-29 03:24:00,2026-01-29 03:47:00,24,29.74,36.36,52.36
XAUUSD,WIDE_RANGE,2026-01-29 03:48:00,2026-01-29 03:48:00,1,34.41,54.81,46.71
XAUUSD,TRANSITION,2026-01-29 03:49:00,2026-01-29 03:49:00,1,36.98,52.31,48.4
XAUUSD,WIDE_RANGE,2026-01-29 03:50:00,2026-01-29 04:02:00,13,25.67,54.88,41.44
XAUUSD,TRANSITION,2026-01-29 04:03:00,2026-01-29 04:40:00,38,29.65,35.97,52.23
XAUUSD,LOW_LIQUIDITY,2026-01-29 04:41:00,2026-01-29 04:44:00,4,39.54,17.92,64.99
XAUUSD,TIGHT_RANGE,2026-01-29 04:45:00,2026-01-29 04:45:00,1,24.44,29.09,54.81
XAUUSD,TRANSITION,2026-01-29 04:46:00,2026-01-29 04:58:00,13,20.19,33.23,51.41
XAUUSD,LOW_LIQUIDITY,2026-01-29 04:59:00,2026-01-29 05:00:00,2,34.3,26.88,59.91
XAUUSD,TRANSITION,2026-01-29 05:01:00,2026-01-29 06:11:00,71,29.32,36.8,53.16
XAUUSD,WIDE_RANGE,2026-01-29 06:12:00,2026-01-29 06:15:00,4,25.32,44.24,46.27
XAUUSD,TRANSITION,2026-01-29 06:16:00,2026-01-29 08:06:00,111,32.44,33.82,54.81
XAUUSD,WIDE_RANGE,2026-01-29 08:07:00,2026-01-29 08:10:00,4,23.5,57.99,38.38
XAUUSD,TRANSITION,2026-01-29 08:11:00,2026-01-29 08:25:00,15,39.17,43.55,50.02
XAUUSD,WIDE_RANGE,2026-01-29 08:26:00,2026-01-29 08:26:00,1,36.11,48.71,47.24
XAUUSD,TRANSITION,2026-01-29 08:27:00,2026-01-29 08:30:00,4,35.61,38.88,50.94
XAUUSD,WIDE_RANGE,2026-01-29 08:31:00,2026-01-29 08:34:00,4,22.91,50.84,40.51
XAUUSD,TRANSITION,2026-01-29 08:35:00,2026-01-29 08:35:00,1,31.73,40.41,47.7
XAUUSD,WIDE_RANGE,2026-01-29 08:36:00,2026-01-29 08:36:00,1,27.07,49.14,42.35
XAUUSD,TRANSITION,2026-01-29 08:37:00,2026-01-29 08:37:00,1,33.19,39.54,48.19
XAUUSD,WIDE_RANGE,2026-01-29 08:38:00,2026-01-29 08:53:00,16,24.18,52.29,40.09
XAUUSD,TRANSITION,2026-01-29 08:54:00,2026-01-29 09:33:00,40,30.82,40.64,50.57
XAUUSD,WIDE_RANGE,2026-01-29 09:34:00,2026-01-29 09:45:00,12,22.61,47.65,43.78
XAUUSD,TRANSITION,2026-01-29 09:46:00,2026-01-29 09:53:00,8,36.29,36.78,51.93
XAUUSD,WIDE_RANGE,2026-01-29 09:54:00,2026-01-29 09:58:00,5,27.66,50.76,41.96
XAUUSD,TRANSITION,2026-01-29 09:59:00,2026-01-29 10:36:00,38,44.08,49.67,41.7
XAUUSD,WIDE_RANGE,2026-01-29 10:37:00,2026-01-29 10:37:00,1,32.21,67.43,25.89
XAUUSD,TRANSITION,2026-01-29 10:38:00,2026-01-29 10:45:00,8,35.52,57.23,30.88
XAUUSD,WIDE_RANGE,2026-01-29 10:46:00,2026-01-29 10:46:00,1,28.11,61.72,25.95
XAUUSD,WHIPSAW,2026-01-29 10:47:00,2026-01-29 10:49:00,3,22.99,76.17,19.09
XAUUSD,WIDE_RANGE,2026-01-29 10:50:00,2026-01-29 10:50:00,1,24.99,67.82,24.93
XAUUSD,WHIPSAW,2026-01-29 10:51:00,2026-01-29 10:51:00,1,21.97,70.29,23.36
XAUUSD,WIDE_RANGE,2026-01-29 10:52:00,2026-01-29 10:57:00,6,25.46,56.24,33.21
XAUUSD,TRANSITION,2026-01-29 10:58:00,2026-01-29 11:21:00,24,34.21,34.5,51.48
XAUUSD,TIGHT_RANGE,2026-01-29 11:22:00,2026-01-29 11:22:00,1,25.23,31.17,50.74
XAUUSD,TRANSITION,2026-01-29 11:23:00,2026-01-29 11:24:00,2,27.11,26.34,53.45
XAUUSD,TIGHT_RANGE,2026-01-29 11:25:00,2026-01-29 11:25:00,1,26.02,32.3,51.05
XAUUSD,LOW_LIQUIDITY,2026-01-29 11:26:00,2026-01-29 11:33:00,8,37.74,19.91,61.65
XAUUSD,TIGHT_RANGE,2026-01-29 11:34:00,2026-01-29 11:49:00,16,22.39,38.34,49.94
XAUUSD,LOW_LIQUIDITY,2026-01-29 11:50:00,2026-01-29 11:54:00,5,34.16,26.4,60.59
XAUUSD,TIGHT_RANGE,2026-01-29 11:55:00,2026-01-29 12:04:00,10,25.56,41.42,51.67
XAUUSD,LOW_LIQUIDITY,2026-01-29 12:05:00,2026-01-29 12:05:00,1,34.39,28.76,60.04
XAUUSD,TIGHT_RANGE,2026-01-29 12:06:00,2026-01-29 12:09:00,4,28.07,33.89,55.39
XAUUSD,LOW_LIQUIDITY,2026-01-29 12:10:00,2026-01-29 12:31:00,22,45.17,22.91,66.9
XAUUSD,TRANSITION,2026-01-29 12:32:00,2026-01-29 15:50:00,199,29.24,33.95,54.28
XAUUSD,STRONG_TREND_UP,2026-01-29 15:51:00,2026-01-29 15:53:00,3,66.38,21.63,76.21
XAUUSD,TRANSITION,2026-01-29 15:54:00,2026-01-29 18:16:00,83,31.91,39.39,49.05
XAUUSD,WIDE_RANGE,2026-01-29 18:17:00,2026-01-29 18:23:00,7,21.27,53.96,31.94
XAUUSD,TRANSITION,2026-01-29 18:24:00,2026-01-29 18:47:00,24,35.01,35.03,52.8
XAUUSD,LOW_LIQUIDITY,2026-01-29 18:48:00,2026-01-29 18:50:00,3,50.98,13.53,72.58
XAUUSD,TRANSITION,2026-01-29 18:51:00,2026-01-29 18:51:00,1,32.02,21.34,61.47
XAUUSD,LOW_LIQUIDITY,2026-01-29 18:52:00,2026-01-29 18:53:00,2,32.27,20.61,61.84
XAUUSD,TIGHT_RANGE,2026-01-29 18:54:00,2026-01-29 18:54:00,1,24.6,30.57,54.92
XAUUSD,TRANSITION,2026-01-29 18:55:00,2026-01-29 20:24:00,90,30.95,36.71,53.57
XAUUSD,WIDE_RANGE,2026-01-29 20:25:00,2026-01-29 20:32:00,8,30.08,60.31,36.84
XAUUSD,TRANSITION,2026-01-29 20:33:00,2026-01-29 21:05:00,33,33.72,35.12,51.41
XAUUSD,WIDE_RANGE,2026-01-29 21:06:00,2026-01-29 21:06:00,1,30.31,39.65,47.81
XAUUSD,TRANSITION,2026-01-29 21:07:00,2026-01-29 21:34:00,28,49.45,39.41,53.39
XAUUSD,WIDE_RANGE,2026-01-29 21:35:00,2026-01-29 21:38:00,4,27.89,59.22,35.36
XAUUSD,TRANSITION,2026-01-29 21:39:00,2026-01-29 23:07:00,89,31.81,37.59,51.89
XAUUSD,LOW_LIQUIDITY,2026-01-29 23:08:00,2026-01-29 23:08:00,1,43.86,23.58,64.37
XAUUSD,TRANSITION,2026-01-29 23:09:00,2026-01-29 23:09:00,1,34.78,28.49,58.69
XAUUSD,LOW_LIQUIDITY,2026-01-29 23:10:00,2026-01-29 23:19:00,10,39.36,21.76,63.51
XAUUSD,TIGHT_RANGE,2026-01-29 23:20:00,2026-01-29 23:22:00,3,19.67,36.71,49.64
XAUUSD,TRANSITION,2026-01-29 23:23:00,2026-01-29 23:34:00,12,22.15,38.0,50.35
XAUUSD,TIGHT_RANGE,2026-01-29 23:35:00,2026-01-29 23:35:00,1,23.76,35.99,51.52
XAUUSD,TRANSITION,2026-01-29 23:36:00,2026-01-29 23:49:00,14,19.68,40.63,48.15
XAUUSD,TIGHT_RANGE,2026-01-29 23:50:00,2026-01-29 23:50:00,1,27.67,27.16,57.04
XAUUSD,TRANSITION,2026-01-29 23:51:00,2026-01-29 23:51:00,1,23.72,28.85,54.75
XAUUSD,LOW_LIQUIDITY,2026-01-29 23:52:00,2026-01-29 23:53:00,2,24.71,26.75,56.12
XAUUSD,TIGHT_RANGE,2026-01-29 23:54:00,2026-01-29 23:54:00,1,20.22,38.73,50.13
XAUUSD,TRANSITION,2026-01-29 23:55:00,2026-01-29 23:55:00,1,19.84,42.66,48.62
XAUUSD,TIGHT_RANGE,2026-01-29 23:56:00,2026-01-30 00:10:00,15,21.94,36.08,51.82
XAUUSD,TRANSITION,2026-01-30 00:11:00,2026-01-30 01:17:00,67,30.78,31.51,54.74
XAUUSD,WIDE_RANGE,2026-01-30 01:18:00,2026-01-30 01:26:00,9,26.13,46.23,44.26
XAUUSD,TRANSITION,2026-01-30 01:27:00,2026-01-30 01:31:00,5,27.91,40.9,46.61
XAUUSD,WIDE_RANGE,2026-01-30 01:32:00,2026-01-30 01:32:00,1,27.18,42.6,45.15
XAUUSD,TRANSITION,2026-01-30 01:33:00,2026-01-30 01:34:00,2,33.39,38.38,49.27
XAUUSD,WIDE_RANGE,2026-01-30 01:35:00,2026-01-30 01:38:00,4,25.51,56.06,39.69
XAUUSD,TRANSITION,2026-01-30 01:39:00,2026-01-30 01:41:00,3,25.25,55.15,40.16
XAUUSD,WIDE_RANGE,2026-01-30 01:42:00,2026-01-30 01:42:00,1,27.71,45.45,44.58
XAUUSD,TRANSITION,2026-01-30 01:43:00,2026-01-30 03:47:00,125,30.05,36.45,52.13
XAUUSD,WIDE_RANGE,2026-01-30 03:48:00,2026-01-30 03:52:00,5,28.29,53.32,40.44
XAUUSD,TRANSITION,2026-01-30 03:53:00,2026-01-30 04:30:00,38,35.32,32.75,53.9
XAUUSD,WIDE_RANGE,2026-01-30 04:31:00,2026-01-30 04:31:00,1,22.09,59.77,36.04
XAUUSD,TRANSITION,2026-01-30 04:32:00,2026-01-30 04:56:00,25,33.99,36.11,48.84
XAUUSD,WIDE_RANGE,2026-01-30 04:57:00,2026-01-30 05:01:00,5,26.94,57.75,35.22
XAUUSD,TRANSITION,2026-01-30 05:02:00,2026-01-30 05:06:00,5,34.03,50.66,40.67
XAUUSD,WIDE_RANGE,2026-01-30 05:07:00,2026-01-30 05:07:00,1,20.69,60.66,32.45
XAUUSD,TRANSITION,2026-01-30 05:08:00,2026-01-30 06:03:00,56,31.5,32.48,55.17
XAUUSD,TIGHT_RANGE,2026-01-30 06:04:00,2026-01-30 06:04:00,1,19.93,35.93,50.56
XAUUSD,TRANSITION,2026-01-30 06:05:00,2026-01-30 06:05:00,1,28.81,29.46,56.93
XAUUSD,TIGHT_RANGE,2026-01-30 06:06:00,2026-01-30 06:06:00,1,27.41,30.44,56.04
XAUUSD,LOW_LIQUIDITY,2026-01-30 06:07:00,2026-01-30 06:07:00,1,29.68,28.5,57.85
XAUUSD,TRANSITION,2026-01-30 06:08:00,2026-01-30 06:15:00,8,34.09,23.26,61.77
XAUUSD,LOW_LIQUIDITY,2026-01-30 06:16:00,2026-01-30 06:16:00,1,31.29,27.37,59.09
XAUUSD,TIGHT_RANGE,2026-01-30 06:17:00,2026-01-30 06:20:00,4,22.62,36.99,51.83
XAUUSD,LOW_LIQUIDITY,2026-01-30 06:21:00,2026-01-30 06:25:00,5,35.65,27.44,61.07
XAUUSD,TIGHT_RANGE,2026-01-30 06:26:00,2026-01-30 06:47:00,22,20.82,43.72,48.71
XAUUSD,TRANSITION,2026-01-30 06:48:00,2026-01-30 07:55:00,68,27.72,34.08,53.48
XAUUSD,WIDE_RANGE,2026-01-30 07:56:00,2026-01-30 07:57:00,2,32.62,43.19,46.96
XAUUSD,TRANSITION,2026-01-30 07:58:00,2026-01-30 08:01:00,4,37.97,30.4,52.95
XAUUSD,WIDE_RANGE,2026-01-30 08:02:00,2026-01-30 08:02:00,1,31.3,46.16,43.28
XAUUSD,TRANSITION,2026-01-30 08:03:00,2026-01-30 08:03:00,1,34.97,44.94,45.01
XAUUSD,WIDE_RANGE,2026-01-30 08:04:00,2026-01-30 08:21:00,18,24.42,55.36,36.76
XAUUSD,TRANSITION,2026-01-30 08:22:00,2026-01-30 10:12:00,111,33.71,35.75,52.81
XAUUSD,WIDE_RANGE,2026-01-30 10:13:00,2026-01-30 10:16:00,4,28.44,50.3,45.64
XAUUSD,TRANSITION,2026-01-30 10:17:00,2026-01-30 12:24:00,128,30.96,34.1,53.83
XAUUSD,WIDE_RANGE,2026-01-30 12:25:00,2026-01-30 12:31:00,7,25.81,47.75,41.1
XAUUSD,TRANSITION,2026-01-30 12:32:00,2026-01-30 12:58:00,27,32.85,38.99,48.43
XAUUSD,WIDE_RANGE,2026-01-30 12:59:00,2026-01-30 13:16:00,18,23.7,49.19,39.3
XAUUSD,TRANSITION,2026-01-30 13:17:00,2026-01-30 13:30:00,14,41.29,38.33,49.58
XAUUSD,WIDE_RANGE,2026-01-30 13:31:00,2026-01-30 13:35:00,5,29.19,50.24,39.8
XAUUSD,TRANSITION,2026-01-30 13:36:00,2026-01-30 13:37:00,2,28.94,40.61,43.23
XAUUSD,WIDE_RANGE,2026-01-30 13:38:00,2026-01-30 13:46:00,9,27.37,44.68,41.43
XAUUSD,TRANSITION,2026-01-30 13:47:00,2026-01-30 13:58:00,12,47.36,27.48,57.8
XAUUSD,STRONG_TREND_UP,2026-01-30 13:59:00,2026-01-30 14:01:00,3,67.0,17.94,71.83
XAUUSD,TRANSITION,2026-01-30 14:02:00,2026-01-30 14:41:00,40,29.1,36.67,52.45
XAUUSD,LOW_LIQUIDITY,2026-01-30 14:42:00,2026-01-30 14:48:00,7,36.63,23.45,62.54
XAUUSD,TIGHT_RANGE,2026-01-30 14:49:00,2026-01-30 14:50:00,2,25.02,29.41,55.49
XAUUSD,LOW_LIQUIDITY,2026-01-30 14:51:00,2026-01-30 14:52:00,2,33.37,17.59,63.37
XAUUSD,TIGHT_RANGE,2026-01-30 14:53:00,2026-01-30 14:53:00,1,30.25,26.41,58.93
XAUUSD,LOW_LIQUIDITY,2026-01-30 14:54:00,2026-01-30 14:58:00,5,36.62,23.32,62.92
XAUUSD,TIGHT_RANGE,2026-01-30 14:59:00,2026-01-30 15:03:00,5,17.77,40.37,48.45
XAUUSD,TRANSITION,2026-01-30 15:04:00,2026-01-30 15:29:00,26,27.32,34.7,54.19
XAUUSD,TIGHT_RANGE,2026-01-30 15:30:00,2026-01-30 15:31:00,2,15.87,38.7,48.14
XAUUSD,TRANSITION,2026-01-30 15:32:00,2026-01-30 16:59:00,88,27.89,35.5,52.81
GBPJPY,TRANSITION,2026-01-01 17:24:00,2026-01-01 17:31:00,8,32.18,33.57,55.62
GBPJPY,LOW_LIQUIDITY,2026-01-01 17:32:00,2026-01-01 17:32:00,1,30.31,29.94,56.72
GBPJPY,TIGHT_RANGE,2026-01-01 17:33:00,2026-01-01 17:37:00,5,21.12,43.04,47.69
GBPJPY,TRANSITION,2026-01-01 17:38:00,2026-01-01 18:26:00,49,32.59,34.7,56.98
GBPJPY,TIGHT_RANGE,2026-01-01 18:27:00,2026-01-01 18:31:00,5,29.88,40.47,53.98
GBPJPY,LOW_LIQUIDITY,2026-01-01 18:32:00,2026-01-01 18:35:00,4,33.71,30.65,59.08
GBPJPY,TIGHT_RANGE,2026-01-01 18:36:00,2026-01-01 18:36:00,1,22.86,49.02,47.85
GBPJPY,LOW_LIQUIDITY,2026-01-01 18:37:00,2026-01-01 18:38:00,2,38.03,34.06,59.91
GBPJPY,TIGHT_RANGE,2026-01-01 18:39:00,2026-01-01 18:42:00,4,30.51,44.11,53.04
GBPJPY,TRANSITION,2026-01-01 18:43:00,2026-01-01 20:08:00,86,29.42,34.13,55.87
GBPJPY,WIDE_RANGE,2026-01-01 20:09:00,2026-01-01 20:13:00,5,28.24,48.18,48.22
GBPJPY,TRANSITION,2026-01-01 20:14:00,2026-01-01 21:36:00,83,34.13,29.52,57.08
GBPJPY,LOW_LIQUIDITY,2026-01-01 21:37:00,2026-01-01 21:38:00,2,37.4,17.55,64.58
GBPJPY,TRANSITION,2026-01-01 21:39:00,2026-01-01 21:39:00,1,35.95,17.47,64.01
GBPJPY,LOW_LIQUIDITY,2026-01-01 21:40:00,2026-01-01 21:40:00,1,34.95,21.04,62.34
GBPJPY,TRANSITION,2026-01-01 21:41:00,2026-01-01 21:41:00,1,34.94,22.37,61.89
GBPJPY,LOW_LIQUIDITY,2026-01-01 21:42:00,2026-01-01 21:43:00,2,34.59,26.29,60.36
GBPJPY,TRANSITION,2026-01-01 21:44:00,2026-01-01 21:44:00,1,33.16,30.35,58.3
GBPJPY,TIGHT_RANGE,2026-01-01 21:45:00,2026-01-01 21:49:00,5,23.84,39.04,50.99
GBPJPY,LOW_LIQUIDITY,2026-01-01 21:50:00,2026-01-01 21:50:00,1,30.6,31.44,56.67
GBPJPY,TRANSITION,2026-01-01 21:51:00,2026-01-02 01:01:00,191,32.02,33.94,53.5
GBPJPY,WIDE_RANGE,2026-01-02 01:02:00,2026-01-02 01:04:00,3,27.08,40.41,47.12
GBPJPY,TRANSITION,2026-01-02 01:05:00,2026-01-02 01:05:00,1,29.91,35.88,50.06
GBPJPY,WIDE_RANGE,2026-01-02 01:06:00,2026-01-02 01:16:00,11,27.52,48.13,46.3
GBPJPY,TRANSITION,2026-01-02 01:17:00,2026-01-02 01:18:00,2,38.17,36.02,56.66
GBPJPY,WIDE_RANGE,2026-01-02 01:19:00,2026-01-02 01:19:00,1,32.71,45.19,51.17
GBPJPY,TRANSITION,2026-01-02 01:20:00,2026-01-02 01:21:00,2,34.7,42.04,53.2
GBPJPY,WIDE_RANGE,2026-01-02 01:22:00,2026-01-02 01:33:00,12,26.07,52.87,44.57
GBPJPY,TRANSITION,2026-01-02 01:34:00,2026-01-02 02:08:00,35,36.92,31.85,56.01
GBPJPY,WIDE_RANGE,2026-01-02 02:09:00,2026-01-02 02:09:00,1,28.59,49.76,47.7
GBPJPY,TRANSITION,2026-01-02 02:10:00,2026-01-02 02:25:00,16,40.21,30.5,60.58
GBPJPY,WIDE_RANGE,2026-01-02 02:26:00,2026-01-02 02:26:00,1,35.29,39.14,55.29
GBPJPY,TRANSITION,2026-01-02 02:27:00,2026-01-02 02:50:00,24,44.48,32.81,60.79
GBPJPY,WIDE_RANGE,2026-01-02 02:51:00,2026-01-02 02:51:00,1,24.89,47.98,46.9
GBPJPY,TRANSITION,2026-01-02 02:52:00,2026-01-02 02:56:00,5,28.06,50.55,47.53
GBPJPY,WIDE_RANGE,2026-01-02 02:57:00,2026-01-02 03:01:00,5,30.16,46.12,50.45
GBPJPY,TRANSITION,2026-01-02 03:02:00,2026-01-02 03:05:00,4,40.27,39.44,57.59
GBPJPY,WIDE_RANGE,2026-01-02 03:06:00,2026-01-02 03:06:00,1,36.94,44.86,54.17
GBPJPY,TRANSITION,2026-01-02 03:07:00,2026-01-02 03:14:00,8,46.31,28.76,63.53
GBPJPY,WIDE_RANGE,2026-01-02 03:15:00,2026-01-02 03:30:00,16,26.45,45.72,49.1
GBPJPY,TRANSITION,2026-01-02 03:31:00,2026-01-02 04:52:00,82,28.86,37.65,51.17
GBPJPY,TIGHT_RANGE,2026-01-02 04:53:00,2026-01-02 04:54:00,2,21.95,38.34,48.74
GBPJPY,TRANSITION,2026-01-02 04:55:00,2026-01-02 09:37:00,283,30.58,36.26,52.31
GBPJPY,WIDE_RANGE,2026-01-02 09:38:00,2026-01-02 09:52:00,15,27.14,55.7,41.81
GBPJPY,TRANSITION,2026-01-02 09:53:00,2026-01-02 10:05:00,13,31.88,36.62,50.94
GBPJPY,WIDE_RANGE,2026-01-02 10:06:00,2026-01-02 10:20:00,15,24.73,53.27,44.15
GBPJPY,TRANSITION,2026-01-02 10:21:00,2026-01-02 10:23:00,3,30.25,31.69,54.52
GBPJPY,WIDE_RANGE,2026-01-02 10:24:00,2026-01-02 10:24:00,1,19.24,53.07,42.2
GBPJPY,TRANSITION,2026-01-02 10:25:00,2026-01-02 11:56:00,92,28.04,36.67,53.02
GBPJPY,LOW_LIQUIDITY,2026-01-02 11:57:00,2026-01-02 11:57:00,1,34.05,34.63,55.29
GBPJPY,TRANSITION,2026-01-02 11:58:00,2026-01-02 12:14:00,17,28.14,33.14,53.82
GBPJPY,TIGHT_RANGE,2026-01-02 12:15:00,2026-01-02 12:15:00,1,25.95,41.05,50.44
GBPJPY,LOW_LIQUIDITY,2026-01-02 12:16:00,2026-01-02 12:16:00,1,28.31,37.38,52.68
GBPJPY,TRANSITION,2026-01-02 12:17:00,2026-01-02 12:17:00,1,27.48,30.14,54.71
GBPJPY,TIGHT_RANGE,2026-01-02 12:18:00,2026-01-02 12:19:00,2,17.84,40.84,46.5
GBPJPY,TRANSITION,2026-01-02 12:20:00,2026-01-02 12:20:00,1,18.9,45.53,45.06
GBPJPY,LOW_LIQUIDITY,2026-01-02 12:21:00,2026-01-02 12:22:00,2,30.79,32.37,54.51
GBPJPY,TIGHT_RANGE,2026-01-02 12:23:00,2026-01-02 12:24:00,2,24.98,36.34,49.86
GBPJPY,TRANSITION,2026-01-02 12:25:00,2026-01-02 16:20:00,236,28.91,35.97,50.84
GBPJPY,TIGHT_RANGE,2026-01-02 16:21:00,2026-01-02 16:25:00,5,21.2,48.5,38.66
GBPJPY,LOW_LIQUIDITY,2026-01-02 16:26:00,2026-01-02 16:26:00,1,34.98,32.08,51.1
GBPJPY,TIGHT_RANGE,2026-01-02 16:27:00,2026-01-02 16:33:00,7,17.9,49.1,38.25
GBPJPY,LOW_LIQUIDITY,2026-01-02 16:34:00,2026-01-02 16:34:00,1,34.41,34.99,51.16
GBPJPY,TRANSITION,2026-01-02 16:35:00,2026-01-02 16:57:00,23,27.5,38.91,45.44
GBPJPY,WIDE_RANGE,2026-01-02 16:58:00,2026-01-02 16:58:00,1,27.03,51.62,31.78
GBPJPY,TRANSITION,2026-01-02 16:59:00,2026-01-04 17:10:00,8,35.76,56.21,31.5
GBPJPY,WIDE_RANGE,2026-01-04 17:11:00,2026-01-04 17:14:00,4,30.4,66.55,25.36
GBPJPY,TRANSITION,2026-01-04 17:15:00,2026-01-04 17:19:00,5,32.87,62.04,28.03
GBPJPY,WIDE_RANGE,2026-01-04 17:20:00,2026-01-04 17:22:00,3,24.46,65.03,23.14
GBPJPY,WHIPSAW,2026-01-04 17:23:00,2026-01-04 17:23:00,1,19.07,70.18,18.91
GBPJPY,TRANSITION,2026-01-04 17:24:00,2026-01-04 17:25:00,2,21.09,62.66,22.4
GBPJPY,WHIPSAW,2026-01-04 17:26:00,2026-01-04 17:26:00,1,12.31,71.29,15.43
GBPJPY,TRANSITION,2026-01-04 17:27:00,2026-01-04 17:30:00,4,16.36,63.84,19.82
GBPJPY,WHIPSAW,2026-01-04 17:31:00,2026-01-04 17:32:00,2,14.46,72.5,16.0
GBPJPY,TRANSITION,2026-01-04 17:33:00,2026-01-04 17:33:00,1,19.8,64.87,21.05
GBPJPY,WIDE_RANGE,2026-01-04 17:34:00,2026-01-04 17:34:00,1,22.09,56.87,24.83
GBPJPY,TRANSITION,2026-01-04 17:35:00,2026-01-04 17:50:00,16,37.64,40.22,48.18
GBPJPY,LOW_LIQUIDITY,2026-01-04 17:51:00,2026-01-04 17:53:00,3,52.85,27.04,69.12
GBPJPY,TIGHT_RANGE,2026-01-04 17:54:00,2026-01-04 17:54:00,1,25.74,52.44,48.01
GBPJPY,TRANSITION,2026-01-04 17:55:00,2026-01-04 17:58:00,4,27.73,48.1,49.07
GBPJPY,WIDE_RANGE,2026-01-04 17:59:00,2026-01-04 18:15:00,17,26.85,59.9,41.26
GBPJPY,TRANSITION,2026-01-04 18:16:00,2026-01-04 18:16:00,1,35.11,34.35,58.18
GBPJPY,WIDE_RANGE,2026-01-04 18:17:00,2026-01-04 18:19:00,3,22.09,51.67,46.59
GBPJPY,TRANSITION,2026-01-04 18:20:00,2026-01-04 18:59:00,40,27.18,41.29,52.46
GBPJPY,WIDE_RANGE,2026-01-04 19:00:00,2026-01-04 19:00:00,1,29.7,50.25,50.58
GBPJPY,TRANSITION,2026-01-04 19:01:00,2026-01-04 19:17:00,17,58.75,26.02,72.18
GBPJPY,STRONG_TREND_UP,2026-01-04 19:18:00,2026-01-04 19:19:00,2,69.23,20.31,78.94
GBPJPY,TRANSITION,2026-01-04 19:20:00,2026-01-05 01:13:00,354,32.22,34.88,54.27
GBPJPY,WIDE_RANGE,2026-01-05 01:14:00,2026-01-05 01:14:00,1,32.85,42.09,47.58
GBPJPY,TRANSITION,2026-01-05 01:15:00,2026-01-05 01:16:00,2,30.2,45.06,45.34
GBPJPY,WIDE_RANGE,2026-01-05 01:17:00,2026-01-05 01:22:00,6,28.93,45.84,44.83
GBPJPY,TRANSITION,2026-01-05 01:23:00,2026-01-05 03:13:00,111,29.97,39.46,51.64
GBPJPY,WIDE_RANGE,2026-01-05 03:14:00,2026-01-05 03:27:00,14,28.58,47.63,45.77
GBPJPY,TRANSITION,2026-01-05 03:28:00,2026-01-05 03:29:00,2,33.68,39.33,50.24
GBPJPY,WIDE_RANGE,2026-01-05 03:30:00,2026-01-05 03:30:00,1,33.39,44.6,48.13
GBPJPY,TRANSITION,2026-01-05 03:31:00,2026-01-05 03:35:00,5,40.35,38.75,53.13
GBPJPY,WIDE_RANGE,2026-01-05 03:36:00,2026-01-05 03:39:00,4,27.97,54.01,43.11
GBPJPY,TRANSITION,2026-01-05 03:40:00,2026-01-05 05:59:00,140,30.92,37.74,52.26
GBPJPY,WIDE_RANGE,2026-01-05 06:00:00,2026-01-05 06:00:00,1,25.63,47.8,43.58
GBPJPY,TRANSITION,2026-01-05 06:01:00,2026-01-05 09:48:00,228,29.52,40.87,50.2
GBPJPY,WIDE_RANGE,2026-01-05 09:49:00,2026-01-05 09:50:00,2,30.31,43.88,52.49
GBPJPY,TRANSITION,2026-01-05 09:51:00,2026-01-05 12:53:00,183,29.17,37.51,52.09
GBPJPY,TIGHT_RANGE,2026-01-05 12:54:00,2026-01-05 13:02:00,9,18.27,48.16,41.84
GBPJPY,TRANSITION,2026-01-05 13:03:00,2026-01-05 13:04:00,2,19.52,37.61,44.99
GBPJPY,LOW_LIQUIDITY,2026-01-05 13:05:00,2026-01-05 13:06:00,2,24.35,29.68,50.2
GBPJPY,TRANSITION,2026-01-05 13:07:00,2026-01-05 13:08:00,2,22.75,40.2,46.31
GBPJPY,TIGHT_RANGE,2026-01-05 13:09:00,2026-01-05 13:09:00,1,25.39,39.97,47.18
GBPJPY,TRANSITION,2026-01-05 13:10:00,2026-01-05 13:10:00,1,25.09,38.86,47.15
GBPJPY,TIGHT_RANGE,2026-01-05 13:11:00,2026-01-05 13:13:00,3,22.48,37.53,46.02
GBPJPY,LOW_LIQUIDITY,2026-01-05 13:14:00,2026-01-05 13:16:00,3,28.29,28.73,51.78
GBPJPY,TIGHT_RANGE,2026-01-05 13:17:00,2026-01-05 13:21:00,5,24.16,45.31,44.06
GBPJPY,TRANSITION,2026-01-05 13:22:00,2026-01-05 13:22:00,1,15.1,55.84,36.24
GBPJPY,TIGHT_RANGE,2026-01-05 13:23:00,2026-01-05 13:23:00,1,25.05,47.01,43.85
GBPJPY,TRANSITION,2026-01-05 13:24:00,2026-01-05 17:15:00,228,32.04,34.84,52.05
GBPJPY,WHIPSAW,2026-01-05 17:16:00,2026-01-05 17:21:00,6,17.82,72.2,17.65
GBPJPY,TRANSITION,2026-01-05 17:22:00,2026-01-05 17:22:00,1,19.69,65.26,20.87
GBPJPY,WHIPSAW,2026-01-05 17:23:00,2026-01-05 17:23:00,1,16.91,70.01,17.98
GBPJPY,TRANSITION,2026-01-05 17:24:00,2026-01-05 17:25:00,2,24.06,58.38,25.21
GBPJPY,WHIPSAW,2026-01-05 17:26:00,2026-01-05 17:26:00,1,15.04,75.08,15.39
GBPJPY,TRANSITION,2026-01-05 17:27:00,2026-01-05 17:33:00,7,31.96,53.73,30.44
GBPJPY,STRONG_TREND_UP,2026-01-05 17:34:00,2026-01-05 17:34:00,1,67.85,33.41,53.85
GBPJPY,TRANSITION,2026-01-05 17:35:00,2026-01-05 17:35:00,1,54.59,38.45,46.04
GBPJPY,LOW_LIQUIDITY,2026-01-05 17:36:00,2026-01-05 17:36:00,1,51.42,39.3,44.29
GBPJPY,TRANSITION,2026-01-05 17:37:00,2026-01-05 17:37:00,1,59.05,33.41,49.8
GBPJPY,LOW_LIQUIDITY,2026-01-05 17:38:00,2026-01-05 17:41:00,4,49.96,39.75,43.72
GBPJPY,TRANSITION,2026-01-05 17:42:00,2026-01-05 18:05:00,24,44.25,40.49,47.13
GBPJPY,WIDE_RANGE,2026-01-05 18:06:00,2026-01-05 18:07:00,2,26.59,55.64,41.47
GBPJPY,TRANSITION,2026-01-05 18:08:00,2026-01-05 18:08:00,1,30.46,45.79,47.81
GBPJPY,WIDE_RANGE,2026-01-05 18:09:00,2026-01-05 18:18:00,10,27.04,57.16,46.03
GBPJPY,TRANSITION,2026-01-05 18:19:00,2026-01-05 19:19:00,61,41.44,34.48,61.34
GBPJPY,WIDE_RANGE,2026-01-05 19:20:00,2026-01-05 19:20:00,1,33.01,44.83,53.94
GBPJPY,TRANSITION,2026-01-05 19:21:00,2026-01-05 19:59:00,39,29.26,43.71,52.56
GBPJPY,WIDE_RANGE,2026-01-05 20:00:00,2026-01-05 20:07:00,8,36.32,54.42,50.93
GBPJPY,TRANSITION,2026-01-05 20:08:00,2026-01-05 20:11:00,4,38.64,47.59,54.54
GBPJPY,WIDE_RANGE,2026-01-05 20:12:00,2026-01-05 20:15:00,4,27.87,51.76,48.28
GBPJPY,TRANSITION,2026-01-05 20:16:00,2026-01-05 21:22:00,67,27.78,37.31,51.24
GBPJPY,TIGHT_RANGE,2026-01-05 21:23:00,2026-01-05 21:23:00,1,30.54,36.71,51.18
GBPJPY,TRANSITION,2026-01-05 21:24:00,2026-01-05 21:24:00,1,32.87,30.0,54.8
GBPJPY,TIGHT_RANGE,2026-01-05 21:25:00,2026-01-05 21:28:00,4,26.82,37.98,50.05
GBPJPY,LOW_LIQUIDITY,2026-01-05 21:29:00,2026-01-05 21:29:00,1,31.42,32.03,54.73
GBPJPY,TRANSITION,2026-01-05 21:30:00,2026-01-05 21:33:00,4,27.64,31.6,53.72
GBPJPY,TIGHT_RANGE,2026-01-05 21:34:00,2026-01-05 21:35:00,2,23.25,37.3,50.5
GBPJPY,LOW_LIQUIDITY,2026-01-05 21:36:00,2026-01-05 21:38:00,3,34.06,25.25,59.93
GBPJPY,TRANSITION,2026-01-05 21:39:00,2026-01-06 01:32:00,234,30.38,36.31,52.25
GBPJPY,WIDE_RANGE,2026-01-06 01:33:00,2026-01-06 01:39:00,7,26.83,55.68,43.25
GBPJPY,TRANSITION,2026-01-06 01:40:00,2026-01-06 01:40:00,1,37.51,40.35,54.01
GBPJPY,WIDE_RANGE,2026-01-06 01:41:00,2026-01-06 01:50:00,10,26.94,55.4,44.46
GBPJPY,TRANSITION,2026-01-06 01:51:00,2026-01-06 02:15:00,25,29.04,41.31,51.49
GBPJPY,WIDE_RANGE,2026-01-06 02:16:00,2026-01-06 02:18:00,3,25.64,44.02,49.7
GBPJPY,TRANSITION,2026-01-06 02:19:00,2026-01-06 03:05:00,47,27.2,39.73,52.3
GBPJPY,WIDE_RANGE,2026-01-06 03:06:00,2026-01-06 03:27:00,22,26.76,44.65,50.02
GBPJPY,TRANSITION,2026-01-06 03:28:00,2026-01-06 08:05:00,278,29.97,34.48,52.25
GBPJPY,WIDE_RANGE,2026-01-06 08:06:00,2026-01-06 08:15:00,10,22.34,55.88,42.85
GBPJPY,TRANSITION,2026-01-06 08:16:00,2026-01-06 08:18:00,3,31.67,43.69,49.37
GBPJPY,WIDE_RANGE,2026-01-06 08:19:00,2026-01-06 08:20:00,2,33.8,46.55,48.71
GBPJPY,TRANSITION,2026-01-06 08:21:00,2026-01-06 08:21:00,1,38.88,41.08,52.3
GBPJPY,WIDE_RANGE,2026-01-06 08:22:00,2026-01-06 08:25:00,4,30.22,49.73,44.72
GBPJPY,TRANSITION,2026-01-06 08:26:00,2026-01-06 14:48:00,383,29.2,35.49,52.01
GBPJPY,LOW_LIQUIDITY,2026-01-06 14:49:00,2026-01-06 14:49:00,1,40.31,26.83,57.83
GBPJPY,TRANSITION,2026-01-06 14:50:00,2026-01-06 14:53:00,4,33.44,26.61,54.91
GBPJPY,LOW_LIQUIDITY,2026-01-06 14:54:00,2026-01-06 14:55:00,2,39.72,23.22,59.13
GBPJPY,TRANSITION,2026-01-06 14:56:00,2026-01-06 16:04:00,69,27.9,39.03,50.34
GBPJPY,WIDE_RANGE,2026-01-06 16:05:00,2026-01-06 16:07:00,3,28.74,51.67,45.23
GBPJPY,TRANSITION,2026-01-06 16:08:00,2026-01-06 17:21:00,71,26.35,47.57,39.45
GBPJPY,WIDE_RANGE,2026-01-06 17:22:00,2026-01-06 17:24:00,3,26.68,56.3,27.13
GBPJPY,TRANSITION,2026-01-06 17:25:00,2026-01-06 17:29:00,5,39.07,43.8,37.08
GBPJPY,WIDE_RANGE,2026-01-06 17:30:00,2026-01-06 17:34:00,5,28.2,58.32,27.14
GBPJPY,TRANSITION,2026-01-06 17:35:00,2026-01-06 17:48:00,14,37.27,40.46,43.34
GBPJPY,LOW_LIQUIDITY,2026-01-06 17:49:00,2026-01-06 17:49:00,1,30.23,38.26,50.14
GBPJPY,TIGHT_RANGE,2026-01-06 17:50:00,2026-01-06 17:51:00,2,15.86,49.41,40.03
GBPJPY,LOW_LIQUIDITY,2026-01-06 17:52:00,2026-01-06 17:52:00,1,25.68,38.22,48.54
GBPJPY,TIGHT_RANGE,2026-01-06 17:53:00,2026-01-06 17:53:00,1,20.08,43.09,44.71
GBPJPY,LOW_LIQUIDITY,2026-01-06 17:54:00,2026-01-06 17:54:00,1,22.55,39.4,47.38
GBPJPY,TIGHT_RANGE,2026-01-06 17:55:00,2026-01-06 18:01:00,7,18.24,51.5,41.77
GBPJPY,TRANSITION,2026-01-06 18:02:00,2026-01-06 18:54:00,53,30.25,36.06,55.59
GBPJPY,WIDE_RANGE,2026-01-06 18:55:00,2026-01-06 18:56:00,2,23.59,54.14,46.45
GBPJPY,TRANSITION,2026-01-06 18:57:00,2026-01-06 18:57:00,1,25.98,47.83,49.69
GBPJPY,WIDE_RANGE,2026-01-06 18:58:00,2026-01-06 18:58:00,1,27.2,37.87,53.63
GBPJPY,TRANSITION,2026-01-06 18:59:00,2026-01-06 18:59:00,1,31.28,25.61,59.68
GBPJPY,WIDE_RANGE,2026-01-06 19:00:00,2026-01-06 19:03:00,4,34.75,45.77,54.42
GBPJPY,TRANSITION,2026-01-06 19:04:00,2026-01-06 19:15:00,12,47.28,38.25,62.74
GBPJPY,WIDE_RANGE,2026-01-06 19:16:00,2026-01-06 19:29:00,14,29.56,47.94,51.3
GBPJPY,TRANSITION,2026-01-06 19:30:00,2026-01-06 19:35:00,6,38.77,30.3,61.53
GBPJPY,WIDE_RANGE,2026-01-06 19:36:00,2026-01-06 19:37:00,2,30.4,42.05,53.69
GBPJPY,TRANSITION,2026-01-06 19:38:00,2026-01-06 19:50:00,13,47.36,29.04,65.85
GBPJPY,WIDE_RANGE,2026-01-06 19:51:00,2026-01-06 19:51:00,1,37.27,33.08,58.71
GBPJPY,TRANSITION,2026-01-06 19:52:00,2026-01-06 19:52:00,1,39.7,26.01,61.71
GBPJPY,WIDE_RANGE,2026-01-06 19:53:00,2026-01-06 19:58:00,6,33.35,40.56,52.46
GBPJPY,TRANSITION,2026-01-06 19:59:00,2026-01-06 20:00:00,2,44.41,29.34,59.69
GBPJPY,WIDE_RANGE,2026-01-06 20:01:00,2026-01-06 20:06:00,6,30.06,41.69,48.52
GBPJPY,TRANSITION,2026-01-06 20:07:00,2026-01-07 00:07:00,241,29.79,37.02,51.99
GBPJPY,WIDE_RANGE,2026-01-07 00:08:00,2026-01-07 00:08:00,1,31.73,45.4,49.26
GBPJPY,TRANSITION,2026-01-07 00:09:00,2026-01-07 00:10:00,2,38.2,38.78,54.48
GBPJPY,WIDE_RANGE,2026-01-07 00:11:00,2026-01-07 00:12:00,2,32.19,45.25,49.35
GBPJPY,TRANSITION,2026-01-07 00:13:00,2026-01-07 00:13:00,1,30.15,42.43,49.12
GBPJPY,WIDE_RANGE,2026-01-07 00:14:00,2026-01-07 00:21:00,8,27.67,45.61,46.5
GBPJPY,TRANSITION,2026-01-07 00:22:00,2026-01-07 00:22:00,1,26.31,34.22,49.52
GBPJPY,WIDE_RANGE,2026-01-07 00:23:00,2026-01-07 00:24:00,2,25.1,33.24,49.53
GBPJPY,TRANSITION,2026-01-07 00:25:00,2026-01-07 02:02:00,98,29.25,38.98,50.97
GBPJPY,WIDE_RANGE,2026-01-07 02:03:00,2026-01-07 02:06:00,4,31.31,38.01,51.54
GBPJPY,TRANSITION,2026-01-07 02:07:00,2026-01-07 02:51:00,45,30.57,35.25,52.85
GBPJPY,WIDE_RANGE,2026-01-07 02:52:00,2026-01-07 02:52:00,1,28.7,47.37,49.12
GBPJPY,TRANSITION,2026-01-07 02:53:00,2026-01-07 03:00:00,8,26.1,46.68,47.89
GBPJPY,WIDE_RANGE,2026-01-07 03:01:00,2026-01-07 03:02:00,2,24.29,43.02,47.4
GBPJPY,TRANSITION,2026-01-07 03:03:00,2026-01-07 03:05:00,3,23.68,49.7,44.32
GBPJPY,WIDE_RANGE,2026-01-07 03:06:00,2026-01-07 03:06:00,1,25.11,41.31,47.9
GBPJPY,TRANSITION,2026-01-07 03:07:00,2026-01-07 03:08:00,2,21.57,49.76,43.66
GBPJPY,WIDE_RANGE,2026-01-07 03:09:00,2026-01-07 03:10:00,2,23.5,50.59,44.59
GBPJPY,TRANSITION,2026-01-07 03:11:00,2026-01-07 03:12:00,2,28.1,48.38,47.37
GBPJPY,WIDE_RANGE,2026-01-07 03:13:00,2026-01-07 03:13:00,1,30.54,39.37,51.83
GBPJPY,TRANSITION,2026-01-07 03:14:00,2026-01-07 08:22:00,309,28.99,35.54,52.02
GBPJPY,WIDE_RANGE,2026-01-07 08:23:00,2026-01-07 08:26:00,4,31.87,44.45,51.06
GBPJPY,TRANSITION,2026-01-07 08:27:00,2026-01-07 08:27:00,1,39.75,33.84,58.61
GBPJPY,WIDE_RANGE,2026-01-07 08:28:00,2026-01-07 08:33:00,6,24.17,43.87,48.61
GBPJPY,TRANSITION,2026-01-07 08:34:00,2026-01-07 08:34:00,1,31.57,32.12,57.0
GBPJPY,WIDE_RANGE,2026-01-07 08:35:00,2026-01-07 08:43:00,9,26.55,47.05,50.19
GBPJPY,TRANSITION,2026-01-07 08:44:00,2026-01-07 08:46:00,3,28.74,43.94,51.65
GBPJPY,WIDE_RANGE,2026-01-07 08:47:00,2026-01-07 08:47:00,1,29.7,39.4,53.19
GBPJPY,TRANSITION,2026-01-07 08:48:00,2026-01-07 10:01:00,74,28.15,37.7,51.45
GBPJPY,WIDE_RANGE,2026-01-07 10:02:00,2026-01-07 10:06:00,5,26.21,53.06,41.49
GBPJPY,TRANSITION,2026-01-07 10:07:00,2026-01-07 10:07:00,1,27.21,48.35,42.76
GBPJPY,WIDE_RANGE,2026-01-07 10:08:00,2026-01-07 10:10:00,3,25.45,54.45,39.73
GBPJPY,TRANSITION,2026-01-07 10:11:00,2026-01-07 10:11:00,1,32.34,49.52,44.21
GBPJPY,WIDE_RANGE,2026-01-07 10:12:00,2026-01-07 10:12:00,1,30.0,51.07,42.47
GBPJPY,TRANSITION,2026-01-07 10:13:00,2026-01-07 10:15:00,3,30.95,51.82,42.55
GBPJPY,WIDE_RANGE,2026-01-07 10:16:00,2026-01-07 10:19:00,4,23.46,57.0,37.77
GBPJPY,TRANSITION,2026-01-07 10:20:00,2026-01-07 11:48:00,89,27.51,41.57,49.06
GBPJPY,LOW_LIQUIDITY,2026-01-07 11:49:00,2026-01-07 11:49:00,1,32.99,34.47,56.57
GBPJPY,TIGHT_RANGE,2026-01-07 11:50:00,2026-01-07 11:50:00,1,25.16,38.4,51.52
GBPJPY,LOW_LIQUIDITY,2026-01-07 11:51:00,2026-01-07 11:51:00,1,26.19,31.62,54.28
GBPJPY,TIGHT_RANGE,2026-01-07 11:52:00,2026-01-07 11:56:00,5,22.37,38.63,49.87
GBPJPY,LOW_LIQUIDITY,2026-01-07 11:57:00,2026-01-07 11:57:00,1,32.84,33.13,56.71
GBPJPY,TIGHT_RANGE,2026-01-07 11:58:00,2026-01-07 11:58:00,1,24.16,41.23,50.03
GBPJPY,LOW_LIQUIDITY,2026-01-07 11:59:00,2026-01-07 12:00:00,2,27.59,33.15,54.19
GBPJPY,TRANSITION,2026-01-07 12:01:00,2026-01-07 16:18:00,258,27.12,37.09,50.0
GBPJPY,TIGHT_RANGE,2026-01-07 16:19:00,2026-01-07 16:27:00,9,16.02,49.35,37.21
GBPJPY,LOW_LIQUIDITY,2026-01-07 16:28:00,2026-01-07 16:31:00,4,30.55,28.98,52.28
GBPJPY,TRANSITION,2026-01-07 16:32:00,2026-01-07 17:12:00,37,29.31,38.05,46.36
GBPJPY,WHIPSAW,2026-01-07 17:13:00,2026-01-07 17:15:00,3,16.7,74.4,16.39
GBPJPY,TRANSITION,2026-01-07 17:16:00,2026-01-07 17:17:00,2,18.14,68.44,19.07
GBPJPY,WHIPSAW,2026-01-07 17:18:00,2026-01-07 17:18:00,1,14.75,75.87,14.99
GBPJPY,TRANSITION,2026-01-07 17:19:00,2026-01-07 17:19:00,1,15.7,68.95,17.78
GBPJPY,WHIPSAW,2026-01-07 17:20:00,2026-01-07 17:21:00,2,16.76,73.54,16.7
GBPJPY,TRANSITION,2026-01-07 17:22:00,2026-01-07 17:41:00,20,25.11,57.77,26.46
GBPJPY,WIDE_RANGE,2026-01-07 17:42:00,2026-01-07 17:43:00,2,24.27,61.08,29.4
GBPJPY,TRANSITION,2026-01-07 17:44:00,2026-01-07 18:59:00,76,38.13,34.47,57.27
GBPJPY,WIDE_RANGE,2026-01-07 19:00:00,2026-01-07 19:00:00,1,36.27,38.86,57.47
GBPJPY,TRANSITION,2026-01-07 19:01:00,2026-01-07 19:01:00,1,42.37,34.58,61.73
GBPJPY,WIDE_RANGE,2026-01-07 19:02:00,2026-01-07 19:07:00,6,36.27,45.68,55.16
GBPJPY,TRANSITION,2026-01-07 19:08:00,2026-01-07 19:08:00,1,41.92,36.95,60.72
GBPJPY,WIDE_RANGE,2026-01-07 19:09:00,2026-01-07 19:09:00,1,39.61,39.73,58.72
GBPJPY,TRANSITION,2026-01-07 19:10:00,2026-01-07 19:10:00,1,47.0,32.43,64.59
GBPJPY,WIDE_RANGE,2026-01-07 19:11:00,2026-01-07 19:17:00,7,33.44,46.58,53.55
GBPJPY,TRANSITION,2026-01-07 19:18:00,2026-01-07 19:19:00,2,42.94,35.92,61.53
GBPJPY,WIDE_RANGE,2026-01-07 19:20:00,2026-01-07 19:24:00,5,26.73,44.78,51.07
GBPJPY,TRANSITION,2026-01-07 19:25:00,2026-01-07 22:32:00,188,31.25,38.44,52.48
GBPJPY,WIDE_RANGE,2026-01-07 22:33:00,2026-01-07 22:37:00,5,26.13,49.87,47.46
GBPJPY,TRANSITION,2026-01-07 22:38:00,2026-01-08 01:29:00,172,31.55,35.04,53.56
GBPJPY,WIDE_RANGE,2026-01-08 01:30:00,2026-01-08 01:36:00,7,30.77,52.43,47.58
GBPJPY,TRANSITION,2026-01-08 01:37:00,2026-01-08 02:35:00,59,30.37,38.66,52.13
GBPJPY,WIDE_RANGE,2026-01-08 02:36:00,2026-01-08 02:38:00,3,25.54,42.14,47.91
GBPJPY,TRANSITION,2026-01-08 02:39:00,2026-01-08 03:14:00,36,34.8,38.89,53.98
GBPJPY,WIDE_RANGE,2026-01-08 03:15:00,2026-01-08 03:15:00,1,31.39,55.26,45.97
GBPJPY,TRANSITION,2026-01-08 03:16:00,2026-01-08 03:16:00,1,28.81,56.7,44.6
GBPJPY,WIDE_RANGE,2026-01-08 03:17:00,2026-01-08 03:18:00,2,25.35,62.04,41.7
GBPJPY,TRANSITION,2026-01-08 03:19:00,2026-01-08 08:48:00,330,29.45,37.26,51.68
GBPJPY,WIDE_RANGE,2026-01-08 08:49:00,2026-01-08 08:50:00,2,27.1,47.39,44.84
GBPJPY,TRANSITION,2026-01-08 08:51:00,2026-01-08 08:52:00,2,39.26,29.82,57.2
GBPJPY,WIDE_RANGE,2026-01-08 08:53:00,2026-01-08 09:06:00,14,29.54,53.95,44.06
GBPJPY,TRANSITION,2026-01-08 09:07:00,2026-01-08 10:03:00,57,34.77,41.07,51.72
GBPJPY,WIDE_RANGE,2026-01-08 10:04:00,2026-01-08 10:07:00,4,23.31,47.46,45.95
GBPJPY,TRANSITION,2026-01-08 10:08:00,2026-01-08 13:41:00,214,27.08,35.23,52.01
GBPJPY,TIGHT_RANGE,2026-01-08 13:42:00,2026-01-08 13:42:00,1,20.78,38.24,49.5
GBPJPY,TRANSITION,2026-01-08 13:43:00,2026-01-08 14:35:00,53,34.45,31.71,55.15
GBPJPY,STRONG_TREND_UP,2026-01-08 14:36:00,2026-01-08 14:36:00,1,66.38,19.03,72.45
GBPJPY,TRANSITION,2026-01-08 14:37:00,2026-01-08 14:58:00,22,44.22,27.52,59.81
GBPJPY,STRONG_TREND_UP,2026-01-08 14:59:00,2026-01-08 14:59:00,1,67.46,20.1,74.99
GBPJPY,TRANSITION,2026-01-08 15:00:00,2026-01-08 15:00:00,1,61.74,21.54,72.09
GBPJPY,STRONG_TREND_UP,2026-01-08 15:01:00,2026-01-08 15:01:00,1,68.13,20.04,75.38
GBPJPY,TRANSITION,2026-01-08 15:02:00,2026-01-08 16:43:00,102,34.32,36.58,52.45
GBPJPY,WIDE_RANGE,2026-01-08 16:44:00,2026-01-08 16:59:00,16,25.37,53.75,39.52
GBPJPY,TRANSITION,2026-01-08 17:04:00,2026-01-08 17:13:00,10,41.59,54.02,34.77
GBPJPY,WIDE_RANGE,2026-01-08 17:14:00,2026-01-08 17:16:00,3,28.18,62.95,25.56
GBPJPY,TRANSITION,2026-01-08 17:17:00,2026-01-08 17:17:00,1,30.51,58.64,28.1
GBPJPY,WIDE_RANGE,2026-01-08 17:18:00,2026-01-08 17:19:00,2,22.84,68.67,21.16
GBPJPY,WHIPSAW,2026-01-08 17:20:00,2026-01-08 17:21:00,2,19.91,70.93,19.05
GBPJPY,WIDE_RANGE,2026-01-08 17:22:00,2026-01-08 17:22:00,1,21.75,68.85,20.6
GBPJPY,WHIPSAW,2026-01-08 17:23:00,2026-01-08 17:23:00,1,16.66,70.65,17.65
GBPJPY,WIDE_RANGE,2026-01-08 17:24:00,2026-01-08 17:26:00,3,22.31,64.3,22.4
GBPJPY,TRANSITION,2026-01-08 17:27:00,2026-01-08 17:28:00,2,33.17,51.56,31.73
GBPJPY,WHIPSAW,2026-01-08 17:29:00,2026-01-08 17:30:00,2,13.12,71.8,15.62
GBPJPY,WIDE_RANGE,2026-01-08 17:31:00,2026-01-08 17:31:00,1,18.75,66.62,19.98
GBPJPY,WHIPSAW,2026-01-08 17:32:00,2026-01-08 17:33:00,2,16.02,71.73,17.68
GBPJPY,WIDE_RANGE,2026-01-08 17:34:00,2026-01-08 17:34:00,1,26.3,60.08,29.13
GBPJPY,TRANSITION,2026-01-08 17:35:00,2026-01-08 17:51:00,17,34.89,40.87,46.7
GBPJPY,LOW_LIQUIDITY,2026-01-08 17:52:00,2026-01-08 17:54:00,3,32.14,26.59,55.28
GBPJPY,TIGHT_RANGE,2026-01-08 17:55:00,2026-01-08 17:56:00,2,22.12,42.27,45.73
GBPJPY,LOW_LIQUIDITY,2026-01-08 17:57:00,2026-01-08 17:58:00,2,33.84,26.8,56.38
GBPJPY,TRANSITION,2026-01-08 17:59:00,2026-01-08 18:21:00,23,33.32,27.2,58.85
GBPJPY,TIGHT_RANGE,2026-01-08 18:22:00,2026-01-08 18:26:00,5,19.51,35.0,51.08
GBPJPY,LOW_LIQUIDITY,2026-01-08 18:27:00,2026-01-08 18:29:00,3,29.99,25.29,59.2
GBPJPY,TIGHT_RANGE,2026-01-08 18:30:00,2026-01-08 18:30:00,1,19.85,35.13,51.19
GBPJPY,LOW_LIQUIDITY,2026-01-08 18:31:00,2026-01-08 18:31:00,1,23.74,26.33,55.97
GBPJPY,TIGHT_RANGE,2026-01-08 18:32:00,2026-01-08 18:33:00,2,19.07,35.12,50.84
GBPJPY,LOW_LIQUIDITY,2026-01-08 18:34:00,2026-01-08 18:35:00,2,24.94,28.38,55.83
GBPJPY,TIGHT_RANGE,2026-01-08 18:36:00,2026-01-08 18:52:00,17,18.08,39.7,48.82
GBPJPY,LOW_LIQUIDITY,2026-01-08 18:53:00,2026-01-08 18:53:00,1,23.58,25.14,56.3
GBPJPY,TIGHT_RANGE,2026-01-08 18:54:00,2026-01-08 18:58:00,5,21.26,37.82,50.92
GBPJPY,TRANSITION,2026-01-08 18:59:00,2026-01-08 19:11:00,13,27.62,35.55,54.62
GBPJPY,WIDE_RANGE,2026-01-08 19:12:00,2026-01-08 19:17:00,6,32.16,46.77,52.9
GBPJPY,TRANSITION,2026-01-08 19:18:00,2026-01-08 19:19:00,2,46.0,35.72,63.02
GBPJPY,WIDE_RANGE,2026-01-08 19:20:00,2026-01-08 19:20:00,1,27.35,54.2,48.15
GBPJPY,TRANSITION,2026-01-08 19:21:00,2026-01-08 19:54:00,34,37.86,29.79,61.29
GBPJPY,WIDE_RANGE,2026-01-08 19:55:00,2026-01-08 20:05:00,11,29.2,54.44,47.02
GBPJPY,TRANSITION,2026-01-08 20:06:00,2026-01-08 20:06:00,1,45.0,45.63,55.55
GBPJPY,WIDE_RANGE,2026-01-08 20:07:00,2026-01-08 20:08:00,2,39.4,49.83,51.55
GBPJPY,TRANSITION,2026-01-08 20:09:00,2026-01-08 20:10:00,2,40.05,47.86,52.39
GBPJPY,WIDE_RANGE,2026-01-08 20:11:00,2026-01-08 20:14:00,4,27.43,54.99,44.08
GBPJPY,TRANSITION,2026-01-08 20:15:00,2026-01-08 22:41:00,147,32.07,36.12,53.41
GBPJPY,LOW_LIQUIDITY,2026-01-08 22:42:00,2026-01-08 22:47:00,6,33.49,28.05,57.8
GBPJPY,TIGHT_RANGE,2026-01-08 22:48:00,2026-01-08 22:49:00,2,22.68,31.25,51.77
GBPJPY,LOW_LIQUIDITY,2026-01-08 22:50:00,2026-01-08 23:00:00,11,44.97,16.63,67.35
GBPJPY,TRANSITION,2026-01-08 23:01:00,2026-01-09 00:20:00,80,33.08,37.48,53.16
GBPJPY,WIDE_RANGE,2026-01-09 00:21:00,2026-01-09 00:21:00,1,22.15,47.65,43.9
GBPJPY,TRANSITION,2026-01-09 00:22:00,2026-01-09 01:11:00,50,27.92,39.87,48.37
GBPJPY,WIDE_RANGE,2026-01-09 01:12:00,2026-01-09 01:12:00,1,23.29,55.98,38.79
GBPJPY,TRANSITION,2026-01-09 01:13:00,2026-01-09 01:13:00,1,25.33,53.59,40.48
GBPJPY,WIDE_RANGE,2026-01-09 01:14:00,2026-01-09 01:25:00,12,26.09,49.81,42.74
GBPJPY,TRANSITION,2026-01-09 01:26:00,2026-01-09 01:26:00,1,30.82,27.37,54.34
GBPJPY,WIDE_RANGE,2026-01-09 01:27:00,2026-01-09 01:41:00,15,24.07,42.22,48.57
GBPJPY,TRANSITION,2026-01-09 01:42:00,2026-01-09 02:41:00,60,28.7,41.71,50.73
GBPJPY,STRONG_TREND_UP,2026-01-09 02:42:00,2026-01-09 02:42:00,1,67.45,21.04,76.84
GBPJPY,TRANSITION,2026-01-09 02:43:00,2026-01-09 02:43:00,1,59.16,25.72,70.98
GBPJPY,STRONG_TREND_UP,2026-01-09 02:44:00,2026-01-09 02:49:00,6,69.76,22.37,76.11
GBPJPY,TRANSITION,2026-01-09 02:50:00,2026-01-09 03:06:00,17,45.52,28.14,62.5
GBPJPY,WIDE_RANGE,2026-01-09 03:07:00,2026-01-09 03:07:00,1,32.2,45.18,51.05
GBPJPY,TRANSITION,2026-01-09 03:08:00,2026-01-09 07:31:00,264,29.56,32.98,53.22
GBPJPY,STRONG_TREND_UP,2026-01-09 07:32:00,2026-01-09 07:32:00,1,65.8,15.89,74.98
GBPJPY,TRANSITION,2026-01-09 07:33:00,2026-01-09 07:34:00,2,59.24,20.53,69.98
GBPJPY,STRONG_TREND_UP,2026-01-09 07:35:00,2026-01-09 07:35:00,1,65.31,20.93,72.17
GBPJPY,TRANSITION,2026-01-09 07:36:00,2026-01-09 08:04:00,29,32.94,38.06,52.07
GBPJPY,WIDE_RANGE,2026-01-09 08:05:00,2026-01-09 08:05:00,1,18.11,53.72,42.17
GBPJPY,TRANSITION,2026-01-09 08:06:00,2026-01-09 08:08:00,3,33.9,29.89,57.55
GBPJPY,WIDE_RANGE,2026-01-09 08:09:00,2026-01-09 08:09:00,1,30.45,41.85,52.29
GBPJPY,TRANSITION,2026-01-09 08:10:00,2026-01-09 08:13:00,4,34.16,36.65,56.05
GBPJPY,WIDE_RANGE,2026-01-09 08:14:00,2026-01-09 08:24:00,11,25.05,55.48,45.28
GBPJPY,TRANSITION,2026-01-09 08:25:00,2026-01-09 08:25:00,1,18.72,54.9,42.41
GBPJPY,WIDE_RANGE,2026-01-09 08:26:00,2026-01-09 08:27:00,2,25.24,50.35,46.8
GBPJPY,TRANSITION,2026-01-09 08:28:00,2026-01-09 08:29:00,2,26.55,48.11,47.54
GBPJPY,WIDE_RANGE,2026-01-09 08:30:00,2026-01-09 08:30:00,1,28.21,50.55,44.92
GBPJPY,TRANSITION,2026-01-09 08:31:00,2026-01-09 08:47:00,17,46.7,44.01,52.97
GBPJPY,WIDE_RANGE,2026-01-09 08:48:00,2026-01-09 08:54:00,7,29.52,53.21,43.57
GBPJPY,TRANSITION,2026-01-09 08:55:00,2026-01-09 08:58:00,4,39.62,34.33,55.96
GBPJPY,WIDE_RANGE,2026-01-09 08:59:00,2026-01-09 09:02:00,4,36.67,38.92,52.66
GBPJPY,TRANSITION,2026-01-09 09:03:00,2026-01-09 09:03:00,1,37.0,33.87,54.56
GBPJPY,WIDE_RANGE,2026-01-09 09:04:00,2026-01-09 09:04:00,1,31.84,34.36,52.03
GBPJPY,TRANSITION,2026-01-09 09:05:00,2026-01-09 09:31:00,27,42.49,43.56,54.39
GBPJPY,WIDE_RANGE,2026-01-09 09:32:00,2026-01-09 09:34:00,3,27.9,51.3,46.43
GBPJPY,TRANSITION,2026-01-09 09:35:00,2026-01-09 12:54:00,200,27.9,35.26,51.62
GBPJPY,TIGHT_RANGE,2026-01-09 12:55:00,2026-01-09 12:55:00,1,29.62,36.24,48.6
GBPJPY,TRANSITION,2026-01-09 12:56:00,2026-01-09 14:51:00,116,24.15,41.1,48.37
GBPJPY,LOW_LIQUIDITY,2026-01-09 14:52:00,2026-01-09 14:53:00,2,35.17,33.05,58.3
GBPJPY,TRANSITION,2026-01-09 14:54:00,2026-01-09 16:56:00,123,24.06,44.57,45.23
GBPJPY,WIDE_RANGE,2026-01-09 16:57:00,2026-01-09 16:57:00,1,19.53,66.63,30.75
GBPJPY,WHIPSAW,2026-01-09 16:58:00,2026-01-09 16:58:00,1,20.7,72.69,26.09
GBPJPY,WIDE_RANGE,2026-01-09 16:59:00,2026-01-09 16:59:00,1,24.18,66.39,27.18
GBPJPY,TRANSITION,2026-01-11 17:04:00,2026-01-11 17:06:00,3,53.14,62.56,37.17
GBPJPY,WHIPSAW,2026-01-11 17:07:00,2026-01-11 17:07:00,1,39.2,70.51,28.06
GBPJPY,TRANSITION,2026-01-11 17:08:00,2026-01-11 17:09:00,2,38.34,66.03,29.18
GBPJPY,WHIPSAW,2026-01-11 17:10:00,2026-01-11 17:12:00,3,24.23,71.8,20.73
GBPJPY,WIDE_RANGE,2026-01-11 17:13:00,2026-01-11 17:13:00,1,26.07,68.73,22.62
GBPJPY,WHIPSAW,2026-01-11 17:14:00,2026-01-11 17:15:00,2,22.55,73.41,19.41
GBPJPY,WIDE_RANGE,2026-01-11 17:16:00,2026-01-11 17:18:00,3,26.27,67.91,23.0
GBPJPY,TRANSITION,2026-01-11 17:19:00,2026-01-11 17:23:00,5,31.53,59.8,28.17
GBPJPY,WHIPSAW,2026-01-11 17:24:00,2026-01-11 17:24:00,1,19.75,73.02,18.26
GBPJPY,TRANSITION,2026-01-11 17:25:00,2026-01-11 17:25:00,1,26.37,66.15,23.64
GBPJPY,WIDE_RANGE,2026-01-11 17:26:00,2026-01-11 17:26:00,1,24.32,66.54,22.56
GBPJPY,WHIPSAW,2026-01-11 17:27:00,2026-01-11 17:29:00,2,18.69,71.34,18.34
GBPJPY,TRANSITION,2026-01-11 17:30:00,2026-01-11 17:41:00,12,28.53,57.02,27.74
GBPJPY,WHIPSAW,2026-01-11 17:42:00,2026-01-11 17:42:00,1,14.58,72.32,16.12
GBPJPY,TRANSITION,2026-01-11 17:43:00,2026-01-11 17:44:00,2,17.86,64.67,20.29
GBPJPY,TIGHT_RANGE,2026-01-11 17:45:00,2026-01-11 17:46:00,2,19.23,59.41,23.93
GBPJPY,LOW_LIQUIDITY,2026-01-11 17:47:00,2026-01-11 17:47:00,1,23.47,45.9,31.23
GBPJPY,TIGHT_RANGE,2026-01-11 17:48:00,2026-01-11 17:48:00,1,19.12,47.27,29.38
GBPJPY,LOW_LIQUIDITY,2026-01-11 17:49:00,2026-01-11 17:50:00,2,24.23,39.88,34.86
GBPJPY,TIGHT_RANGE,2026-01-11 17:51:00,2026-01-11 17:54:00,4,15.54,61.84,24.55
GBPJPY,TRANSITION,2026-01-11 17:55:00,2026-01-11 18:08:00,14,34.49,40.64,43.86
GBPJPY,WIDE_RANGE,2026-01-11 18:09:00,2026-01-11 18:19:00,11,28.95,45.42,49.24
GBPJPY,TRANSITION,2026-01-11 18:20:00,2026-01-11 19:08:00,49,28.99,38.37,54.29
GBPJPY,WIDE_RANGE,2026-01-11 19:09:00,2026-01-11 19:09:00,1,28.8,43.54,52.45
GBPJPY,TRANSITION,2026-01-11 19:10:00,2026-01-11 19:10:00,1,25.46,52.67,47.8
GBPJPY,WIDE_RANGE,2026-01-11 19:11:00,2026-01-11 19:15:00,5,29.86,49.45,50.92
GBPJPY,TRANSITION,2026-01-11 19:16:00,2026-01-11 19:19:00,4,44.24,31.93,63.49
GBPJPY,WIDE_RANGE,2026-01-11 19:20:00,2026-01-11 19:24:00,5,26.54,50.01,49.21
GBPJPY,TRANSITION,2026-01-11 19:25:00,2026-01-11 19:25:00,1,33.66,36.47,57.08
GBPJPY,WIDE_RANGE,2026-01-11 19:26:00,2026-01-11 19:28:00,3,31.13,44.52,53.18
GBPJPY,TRANSITION,2026-01-11 19:29:00,2026-01-11 19:30:00,2,38.66,34.52,60.05
GBPJPY,WIDE_RANGE,2026-01-11 19:31:00,2026-01-11 19:37:00,7,35.12,41.3,56.11
GBPJPY,TRANSITION,2026-01-11 19:38:00,2026-01-11 19:43:00,6,38.65,29.87,61.62
GBPJPY,WIDE_RANGE,2026-01-11 19:44:00,2026-01-11 19:46:00,3,33.7,37.87,56.62
GBPJPY,TRANSITION,2026-01-11 19:47:00,2026-01-11 19:47:00,1,35.36,40.66,56.44
GBPJPY,WIDE_RANGE,2026-01-11 19:48:00,2026-01-11 19:51:00,4,29.79,52.92,49.71
GBPJPY,TRANSITION,2026-01-11 19:52:00,2026-01-11 21:33:00,102,30.94,37.04,52.95
GBPJPY,STRONG_TREND_UP,2026-01-11 21:34:00,2026-01-11 21:38:00,5,68.54,18.9,76.14
GBPJPY,TRANSITION,2026-01-11 21:39:00,2026-01-11 21:43:00,5,58.68,23.48,69.89
GBPJPY,STRONG_TREND_UP,2026-01-11 21:44:00,2026-01-11 21:44:00,1,65.84,19.4,74.28
GBPJPY,TRANSITION,2026-01-11 21:45:00,2026-01-11 23:31:00,107,29.9,35.37,53.12
GBPJPY,LOW_LIQUIDITY,2026-01-11 23:32:00,2026-01-11 23:37:00,6,33.83,26.34,59.18
GBPJPY,TRANSITION,2026-01-11 23:38:00,2026-01-11 23:38:00,1,43.17,19.32,64.86
GBPJPY,LOW_LIQUIDITY,2026-01-11 23:39:00,2026-01-11 23:46:00,8,39.98,23.74,61.25
GBPJPY,TRANSITION,2026-01-11 23:47:00,2026-01-11 23:47:00,1,33.78,30.84,55.6
GBPJPY,TIGHT_RANGE,2026-01-11 23:48:00,2026-01-11 23:48:00,1,24.92,33.8,50.65
GBPJPY,LOW_LIQUIDITY,2026-01-11 23:49:00,2026-01-11 23:50:00,2,27.55,31.14,52.48
GBPJPY,TIGHT_RANGE,2026-01-11 23:51:00,2026-01-11 23:55:00,5,23.04,44.74,45.62
GBPJPY,TRANSITION,2026-01-11 23:56:00,2026-01-12 02:07:00,132,32.8,36.98,52.96
GBPJPY,WIDE_RANGE,2026-01-12 02:08:00,2026-01-12 02:13:00,6,28.05,37.14,50.59
GBPJPY,TRANSITION,2026-01-12 02:14:00,2026-01-12 02:18:00,5,36.34,29.8,56.9
GBPJPY,WIDE_RANGE,2026-01-12 02:19:00,2026-01-12 02:24:00,6,29.69,48.15,47.8
GBPJPY,TRANSITION,2026-01-12 02:25:00,2026-01-12 02:30:00,6,37.24,35.5,56.82
GBPJPY,WIDE_RANGE,2026-01-12 02:31:00,2026-01-12 02:31:00,1,28.23,39.15,52.64
GBPJPY,TRANSITION,2026-01-12 02:32:00,2026-01-12 13:27:00,656,30.64,36.85,52.31
GBPJPY,TIGHT_RANGE,2026-01-12 13:28:00,2026-01-12 13:31:00,4,19.87,38.18,48.82
GBPJPY,LOW_LIQUIDITY,2026-01-12 13:32:00,2026-01-12 13:34:00,3,33.27,28.27,59.31
GBPJPY,TRANSITION,2026-01-12 13:35:00,2026-01-12 13:37:00,3,26.49,29.36,56.2
GBPJPY,TIGHT_RANGE,2026-01-12 13:38:00,2026-01-12 13:45:00,8,15.58,42.48,46.72
GBPJPY,LOW_LIQUIDITY,2026-01-12 13:46:00,2026-01-12 13:49:00,4,28.4,24.84,58.62
GBPJPY,TIGHT_RANGE,2026-01-12 13:50:00,2026-01-12 13:52:00,3,20.04,37.85,50.25
GBPJPY,LOW_LIQUIDITY,2026-01-12 13:53:00,2026-01-12 13:54:00,2,30.4,30.26,57.31
GBPJPY,TIGHT_RANGE,2026-01-12 13:55:00,2026-01-12 13:58:00,4,19.55,30.98,51.38
GBPJPY,LOW_LIQUIDITY,2026-01-12 13:59:00,2026-01-12 14:01:00,3,29.07,24.07,57.3
GBPJPY,TIGHT_RANGE,2026-01-12 14:02:00,2026-01-12 14:05:00,4,20.32,37.48,47.96
GBPJPY,TRANSITION,2026-01-12 14:06:00,2026-01-12 14:57:00,52,28.48,37.09,51.01
GBPJPY,STRONG_TREND_UP,2026-01-12 14:58:00,2026-01-12 14:58:00,1,66.31,23.84,73.91
GBPJPY,TRANSITION,2026-01-12 14:59:00,2026-01-12 15:55:00,57,34.33,36.4,53.13
GBPJPY,WIDE_RANGE,2026-01-12 15:56:00,2026-01-12 16:09:00,14,29.95,54.18,42.85
GBPJPY,TRANSITION,2026-01-12 16:10:00,2026-01-12 17:23:00,69,27.54,44.58,42.83
GBPJPY,WIDE_RANGE,2026-01-12 17:24:00,2026-01-12 17:26:00,3,24.72,68.91,21.94
GBPJPY,WHIPSAW,2026-01-12 17:27:00,2026-01-12 17:28:00,2,21.63,72.2,19.41
GBPJPY,TRANSITION,2026-01-12 17:29:00,2026-01-12 17:35:00,7,34.74,57.25,30.51
GBPJPY,WHIPSAW,2026-01-12 17:36:00,2026-01-12 17:36:00,1,20.71,76.94,17.36
GBPJPY,TRANSITION,2026-01-12 17:37:00,2026-01-12 17:48:00,12,41.21,44.67,43.84
GBPJPY,WIDE_RANGE,2026-01-12 17:49:00,2026-01-12 17:49:00,1,33.73,42.89,49.62
GBPJPY,TRANSITION,2026-01-12 17:50:00,2026-01-12 17:59:00,10,30.45,42.17,51.71
GBPJPY,WIDE_RANGE,2026-01-12 18:00:00,2026-01-12 18:10:00,11,29.47,51.12,47.95
GBPJPY,TRANSITION,2026-01-12 18:11:00,2026-01-12 18:11:00,1,37.5,35.67,57.59
GBPJPY,WIDE_RANGE,2026-01-12 18:12:00,2026-01-12 18:13:00,2,33.66,39.86,54.87
GBPJPY,TRANSITION,2026-01-12 18:14:00,2026-01-12 18:15:00,2,33.79,37.6,56.23
GBPJPY,WIDE_RANGE,2026-01-12 18:16:00,2026-01-12 18:18:00,3,23.48,46.07,49.13
GBPJPY,TRANSITION,2026-01-12 18:19:00,2026-01-12 18:26:00,8,33.82,38.81,56.36
GBPJPY,WIDE_RANGE,2026-01-12 18:27:00,2026-01-12 18:28:00,2,36.44,49.87,53.8
GBPJPY,TRANSITION,2026-01-12 18:29:00,2026-01-12 18:39:00,11,37.92,43.79,56.55
GBPJPY,WIDE_RANGE,2026-01-12 18:40:00,2026-01-12 18:41:00,2,29.06,45.3,51.97
GBPJPY,TRANSITION,2026-01-12 18:42:00,2026-01-12 18:45:00,4,23.04,43.84,49.69
GBPJPY,WIDE_RANGE,2026-01-12 18:46:00,2026-01-12 18:46:00,1,25.19,41.27,51.56
GBPJPY,TRANSITION,2026-01-12 18:47:00,2026-01-12 18:48:00,2,28.68,39.3,53.84
GBPJPY,WIDE_RANGE,2026-01-12 18:49:00,2026-01-12 18:50:00,2,28.38,41.34,53.0
GBPJPY,TRANSITION,2026-01-12 18:51:00,2026-01-12 18:58:00,8,30.13,35.38,55.83
GBPJPY,WIDE_RANGE,2026-01-12 18:59:00,2026-01-12 19:10:00,12,25.54,49.82,48.81
GBPJPY,TRANSITION,2026-01-12 19:11:00,2026-01-12 21:44:00,154,39.59,29.5,60.28
GBPJPY,STRONG_TREND_UP,2026-01-12 21:45:00,2026-01-12 21:46:00,2,69.22,20.43,74.75
GBPJPY,TRANSITION,2026-01-12 21:47:00,2026-01-12 22:41:00,55,35.4,29.36,57.04
GBPJPY,LOW_LIQUIDITY,2026-01-12 22:42:00,2026-01-12 22:43:00,2,40.06,31.88,60.22
GBPJPY,TRANSITION,2026-01-12 22:44:00,2026-01-12 23:20:00,37,29.06,35.68,52.99
GBPJPY,WIDE_RANGE,2026-01-12 23:21:00,2026-01-12 23:21:00,1,23.73,59.53,40.88
GBPJPY,TRANSITION,2026-01-12 23:22:00,2026-01-12 23:22:00,1,30.23,51.68,46.43
GBPJPY,WIDE_RANGE,2026-01-12 23:23:00,2026-01-12 23:25:00,3,30.24,55.43,44.88
GBPJPY,TRANSITION,2026-01-12 23:26:00,2026-01-12 23:28:00,3,37.54,54.05,48.17
GBPJPY,WIDE_RANGE,2026-01-12 23:29:00,2026-01-12 23:29:00,1,35.17,60.15,44.96
GBPJPY,TRANSITION,2026-01-12 23:30:00,2026-01-12 23:32:00,3,40.83,53.49,49.7
GBPJPY,WIDE_RANGE,2026-01-12 23:33:00,2026-01-12 23:36:00,4,35.72,58.11,45.72
GBPJPY,TRANSITION,2026-01-12 23:37:00,2026-01-12 23:38:00,2,40.02,49.13,51.05
GBPJPY,WIDE_RANGE,2026-01-12 23:39:00,2026-01-12 23:43:00,5,29.53,48.38,47.02
GBPJPY,TRANSITION,2026-01-12 23:44:00,2026-01-13 00:07:00,24,27.32,40.49,49.23
GBPJPY,WIDE_RANGE,2026-01-13 00:08:00,2026-01-13 00:12:00,5,22.87,48.21,43.2
GBPJPY,TRANSITION,2026-01-13 00:13:00,2026-01-13 00:42:00,30,24.38,47.2,44.87
GBPJPY,TIGHT_RANGE,2026-01-13 00:43:00,2026-01-13 00:43:00,1,28.88,41.25,48.72
GBPJPY,TRANSITION,2026-01-13 00:44:00,2026-01-13 00:44:00,1,31.1,35.89,51.52
GBPJPY,TIGHT_RANGE,2026-01-13 00:45:00,2026-01-13 00:45:00,1,27.17,39.39,48.59
GBPJPY,TRANSITION,2026-01-13 00:46:00,2026-01-13 00:51:00,6,19.52,48.55,42.42
GBPJPY,TIGHT_RANGE,2026-01-13 00:52:00,2026-01-13 00:52:00,1,27.46,43.18,48.02
GBPJPY,LOW_LIQUIDITY,2026-01-13 00:53:00,2026-01-13 00:53:00,1,28.12,37.67,50.08
GBPJPY,TIGHT_RANGE,2026-01-13 00:54:00,2026-01-13 00:57:00,4,20.42,41.49,45.43
GBPJPY,TRANSITION,2026-01-13 00:58:00,2026-01-13 03:15:00,138,30.85,34.78,53.88
GBPJPY,WIDE_RANGE,2026-01-13 03:16:00,2026-01-13 03:22:00,7,23.06,48.14,45.32
GBPJPY,TRANSITION,2026-01-13 03:23:00,2026-01-13 08:29:00,307,29.81,35.69,52.54
GBPJPY,STRONG_TREND_UP,2026-01-13 08:30:00,2026-01-13 08:30:00,1,66.61,35.26,65.15
GBPJPY,WIDE_RANGE,2026-01-13 08:31:00,2026-01-13 08:31:00,1,38.83,54.06,45.44
GBPJPY,TRANSITION,2026-01-13 08:32:00,2026-01-13 08:33:00,2,54.98,46.44,55.25
GBPJPY,WIDE_RANGE,2026-01-13 08:34:00,2026-01-13 08:36:00,3,37.04,60.22,41.67
GBPJPY,TRANSITION,2026-01-13 08:37:00,2026-01-13 08:38:00,2,39.38,56.69,43.47
GBPJPY,WIDE_RANGE,2026-01-13 08:39:00,2026-01-13 08:40:00,2,38.12,60.85,40.73
GBPJPY,TRANSITION,2026-01-13 08:41:00,2026-01-13 08:41:00,1,39.9,57.42,42.14
GBPJPY,WIDE_RANGE,2026-01-13 08:42:00,2026-01-13 08:47:00,6,35.17,63.58,36.97
GBPJPY,TRANSITION,2026-01-13 08:48:00,2026-01-13 08:48:00,1,41.07,55.61,41.21
GBPJPY,WIDE_RANGE,2026-01-13 08:49:00,2026-01-13 08:49:00,1,39.12,55.8,41.82
GBPJPY,WHIPSAW,2026-01-13 08:50:00,2026-01-13 08:50:00,1,27.66,74.47,31.84
GBPJPY,WIDE_RANGE,2026-01-13 08:51:00,2026-01-13 08:53:00,3,32.68,58.75,39.76
GBPJPY,TRANSITION,2026-01-13 08:54:00,2026-01-13 11:37:00,164,29.47,33.65,53.58
GBPJPY,LOW_LIQUIDITY,2026-01-13 11:38:00,2026-01-13 11:40:00,3,36.24,18.85,60.78
GBPJPY,TIGHT_RANGE,2026-01-13 11:41:00,2026-01-13 11:44:00,4,20.71,31.17,50.48
GBPJPY,TRANSITION,2026-01-13 11:45:00,2026-01-13 11:49:00,5,15.08,33.51,47.23
GBPJPY,TIGHT_RANGE,2026-01-13 11:50:00,2026-01-13 11:50:00,1,22.23,27.81,52.64
GBPJPY,LOW_LIQUIDITY,2026-01-13 11:51:00,2026-01-13 11:53:00,3,27.26,21.32,57.5
GBPJPY,TRANSITION,2026-01-13 11:54:00,2026-01-13 16:36:00,283,29.57,35.91,51.33
GBPJPY,TIGHT_RANGE,2026-01-13 16:37:00,2026-01-13 16:49:00,13,18.21,43.91,44.89
GBPJPY,LOW_LIQUIDITY,2026-01-13 16:50:00,2026-01-13 16:51:00,2,23.83,38.07,46.89
GBPJPY,TRANSITION,2026-01-13 16:52:00,2026-01-13 17:05:00,11,21.94,47.02,38.04
GBPJPY,WIDE_RANGE,2026-01-13 17:06:00,2026-01-13 17:07:00,2,21.16,69.52,20.09
GBPJPY,WHIPSAW,2026-01-13 17:08:00,2026-01-13 17:10:00,3,20.25,72.3,18.73
GBPJPY,WIDE_RANGE,2026-01-13 17:11:00,2026-01-13 17:12:00,2,20.92,65.44,21.37
GBPJPY,WHIPSAW,2026-01-13 17:13:00,2026-01-13 17:14:00,2,18.43,72.43,17.86
GBPJPY,WIDE_RANGE,2026-01-13 17:15:00,2026-01-13 17:19:00,5,21.66,61.37,23.1
GBPJPY,WHIPSAW,2026-01-13 17:20:00,2026-01-13 17:21:00,2,16.02,72.86,16.59
GBPJPY,WIDE_RANGE,2026-01-13 17:22:00,2026-01-13 17:24:00,3,23.1,58.62,24.69
GBPJPY,TRANSITION,2026-01-13 17:25:00,2026-01-13 18:00:00,36,31.61,45.64,39.43
GBPJPY,WIDE_RANGE,2026-01-13 18:01:00,2026-01-13 18:05:00,5,29.93,58.6,40.15
GBPJPY,TRANSITION,2026-01-13 18:06:00,2026-01-13 18:07:00,2,40.94,44.48,51.47
GBPJPY,WIDE_RANGE,2026-01-13 18:08:00,2026-01-13 18:19:00,12,30.93,57.47,46.31
GBPJPY,TRANSITION,2026-01-13 18:20:00,2026-01-13 19:05:00,45,30.29,37.63,55.14
GBPJPY,WIDE_RANGE,2026-01-13 19:06:00,2026-01-13 19:06:00,1,28.83,45.82,51.68
GBPJPY,TRANSITION,2026-01-13 19:07:00,2026-01-13 19:12:00,6,42.15,29.47,63.37
GBPJPY,WIDE_RANGE,2026-01-13 19:13:00,2026-01-13 19:14:00,2,32.75,36.17,56.76
GBPJPY,TRANSITION,2026-01-13 19:15:00,2026-01-13 19:15:00,1,36.77,29.34,60.94
GBPJPY,WIDE_RANGE,2026-01-13 19:16:00,2026-01-13 19:18:00,3,23.88,42.48,50.54
GBPJPY,TRANSITION,2026-01-13 19:19:00,2026-01-13 19:26:00,8,36.17,34.03,59.06
GBPJPY,WIDE_RANGE,2026-01-13 19:27:00,2026-01-13 19:27:00,1,34.87,45.98,54.4
GBPJPY,TRANSITION,2026-01-13 19:28:00,2026-01-13 19:36:00,9,40.04,44.76,57.2
GBPJPY,WIDE_RANGE,2026-01-13 19:37:00,2026-01-13 19:45:00,9,29.15,53.62,49.18
GBPJPY,TRANSITION,2026-01-13 19:46:00,2026-01-13 19:46:00,1,29.39,47.57,51.35
GBPJPY,WIDE_RANGE,2026-01-13 19:47:00,2026-01-13 19:47:00,1,25.58,50.88,48.47
GBPJPY,TRANSITION,2026-01-13 19:48:00,2026-01-13 23:28:00,221,30.47,37.51,52.37
GBPJPY,TIGHT_RANGE,2026-01-13 23:29:00,2026-01-13 23:30:00,2,25.99,39.92,51.08
GBPJPY,TRANSITION,2026-01-13 23:31:00,2026-01-14 01:15:00,105,29.45,34.13,51.8
GBPJPY,WIDE_RANGE,2026-01-14 01:16:00,2026-01-14 01:19:00,4,31.49,48.49,49.07
GBPJPY,TRANSITION,2026-01-14 01:20:00,2026-01-14 01:20:00,1,27.87,43.45,49.41
GBPJPY,WIDE_RANGE,2026-01-14 01:21:00,2026-01-14 01:23:00,3,22.26,55.3,43.11
GBPJPY,TRANSITION,2026-01-14 01:24:00,2026-01-14 01:24:00,1,20.1,55.97,41.91
GBPJPY,WIDE_RANGE,2026-01-14 01:25:00,2026-01-14 01:26:00,2,22.52,54.34,43.0
GBPJPY,TRANSITION,2026-01-14 01:27:00,2026-01-14 01:43:00,17,30.1,38.17,51.91
GBPJPY,WIDE_RANGE,2026-01-14 01:44:00,2026-01-14 01:48:00,5,28.15,44.75,50.2
GBPJPY,TRANSITION,2026-01-14 01:49:00,2026-01-14 01:53:00,5,35.28,38.97,55.65
GBPJPY,WIDE_RANGE,2026-01-14 01:54:00,2026-01-14 02:02:00,9,27.8,49.34,47.7
GBPJPY,TRANSITION,2026-01-14 02:03:00,2026-01-14 02:03:00,1,36.46,29.49,57.81
GBPJPY,WIDE_RANGE,2026-01-14 02:04:00,2026-01-14 02:04:00,1,32.35,38.82,52.58
GBPJPY,TRANSITION,2026-01-14 02:05:00,2026-01-14 02:05:00,1,24.58,52.76,44.02
GBPJPY,WIDE_RANGE,2026-01-14 02:06:00,2026-01-14 02:06:00,1,33.06,38.9,52.41
GBPJPY,TRANSITION,2026-01-14 02:07:00,2026-01-14 02:10:00,4,29.27,40.78,49.79
GBPJPY,WIDE_RANGE,2026-01-14 02:11:00,2026-01-14 02:11:00,1,34.61,36.52,53.84
GBPJPY,TRANSITION,2026-01-14 02:12:00,2026-01-14 03:07:00,56,29.24,38.13,51.83
GBPJPY,WIDE_RANGE,2026-01-14 03:08:00,2026-01-14 03:08:00,1,34.64,48.23,49.39
GBPJPY,TRANSITION,2026-01-14 03:09:00,2026-01-14 03:09:00,1,37.04,47.66,50.66
GBPJPY,WIDE_RANGE,2026-01-14 03:10:00,2026-01-14 03:25:00,16,25.79,56.56,44.92
GBPJPY,TRANSITION,2026-01-14 03:26:00,2026-01-14 03:38:00,13,36.98,36.82,56.8
GBPJPY,WIDE_RANGE,2026-01-14 03:39:00,2026-01-14 03:39:00,1,37.99,52.67,50.48
GBPJPY,TRANSITION,2026-01-14 03:40:00,2026-01-14 03:40:00,1,38.72,51.88,50.73
GBPJPY,WIDE_RANGE,2026-01-14 03:41:00,2026-01-14 03:41:00,1,37.52,55.88,48.49
GBPJPY,TRANSITION,2026-01-14 03:42:00,2026-01-14 03:43:00,2,38.73,51.19,50.51
GBPJPY,WIDE_RANGE,2026-01-14 03:44:00,2026-01-14 03:55:00,12,27.08,62.8,40.0
GBPJPY,TRANSITION,2026-01-14 03:56:00,2026-01-14 06:39:00,164,26.83,39.47,49.8
GBPJPY,TIGHT_RANGE,2026-01-14 06:40:00,2026-01-14 06:40:00,1,22.23,36.93,46.77
GBPJPY,LOW_LIQUIDITY,2026-01-14 06:41:00,2026-01-14 06:45:00,5,31.09,25.75,55.05
GBPJPY,TRANSITION,2026-01-14 06:46:00,2026-01-14 07:08:00,23,37.29,36.05,55.86
GBPJPY,WIDE_RANGE,2026-01-14 07:09:00,2026-01-14 07:19:00,11,35.77,57.6,44.06
GBPJPY,TRANSITION,2026-01-14 07:20:00,2026-01-14 09:14:00,115,27.92,40.95,49.51
GBPJPY,WIDE_RANGE,2026-01-14 09:15:00,2026-01-14 09:17:00,3,34.32,51.52,48.31
GBPJPY,TRANSITION,2026-01-14 09:18:00,2026-01-14 09:24:00,7,40.76,39.47,55.59
GBPJPY,WIDE_RANGE,2026-01-14 09:25:00,2026-01-14 09:27:00,3,30.35,41.02,50.18
GBPJPY,TRANSITION,2026-01-14 09:28:00,2026-01-14 09:28:00,1,32.32,35.59,52.96
GBPJPY,WIDE_RANGE,2026-01-14 09:29:00,2026-01-14 09:30:00,2,26.65,45.89,46.58
GBPJPY,TRANSITION,2026-01-14 09:31:00,2026-01-14 11:00:00,90,31.13,37.51,51.26
GBPJPY,TIGHT_RANGE,2026-01-14 11:01:00,2026-01-14 11:04:00,4,21.28,41.41,48.67
GBPJPY,TRANSITION,2026-01-14 11:05:00,2026-01-14 11:23:00,19,20.68,41.08,48.33
GBPJPY,TIGHT_RANGE,2026-01-14 11:24:00,2026-01-14 11:27:00,4,23.16,37.17,49.92
GBPJPY,LOW_LIQUIDITY,2026-01-14 11:28:00,2026-01-14 11:30:00,3,27.23,28.56,54.5
GBPJPY,TIGHT_RANGE,2026-01-14 11:31:00,2026-01-14 11:32:00,2,22.09,35.7,49.77
GBPJPY,TRANSITION,2026-01-14 11:33:00,2026-01-14 11:33:00,1,11.53,51.81,39.52
GBPJPY,TIGHT_RANGE,2026-01-14 11:34:00,2026-01-14 11:35:00,2,18.98,35.97,48.64
GBPJPY,TRANSITION,2026-01-14 11:36:00,2026-01-14 12:27:00,52,35.36,29.18,58.77
GBPJPY,TIGHT_RANGE,2026-01-14 12:28:00,2026-01-14 12:29:00,2,23.59,31.66,50.09
GBPJPY,TRANSITION,2026-01-14 12:30:00,2026-01-14 13:24:00,55,24.59,39.19,49.12
GBPJPY,LOW_LIQUIDITY,2026-01-14 13:25:00,2026-01-14 13:25:00,1,29.18,27.19,55.56
GBPJPY,TRANSITION,2026-01-14 13:26:00,2026-01-14 16:59:00,214,32.16,34.31,52.9
GBPJPY,WIDE_RANGE,2026-01-14 17:04:00,2026-01-14 17:04:00,1,18.31,66.52,20.3
GBPJPY,WHIPSAW,2026-01-14 17:05:00,2026-01-14 17:05:00,1,17.56,70.16,18.23
GBPJPY,TRANSITION,2026-01-14 17:06:00,2026-01-14 17:06:00,1,27.43,57.05,27.22
GBPJPY,WIDE_RANGE,2026-01-14 17:07:00,2026-01-14 17:07:00,1,20.64,69.77,19.77
GBPJPY,WHIPSAW,2026-01-14 17:08:00,2026-01-14 17:11:00,4,22.28,71.36,19.98
GBPJPY,WIDE_RANGE,2026-01-14 17:12:00,2026-01-14 17:14:00,3,24.53,67.52,22.32
GBPJPY,WHIPSAW,2026-01-14 17:15:00,2026-01-14 17:15:00,1,21.55,70.44,19.97
GBPJPY,WIDE_RANGE,2026-01-14 17:16:00,2026-01-14 17:19:00,4,25.23,67.99,22.49
GBPJPY,WHIPSAW,2026-01-14 17:20:00,2026-01-14 17:20:00,1,21.32,70.87,19.71
GBPJPY,WIDE_RANGE,2026-01-14 17:21:00,2026-01-14 17:21:00,1,26.46,66.64,23.51
GBPJPY,TRANSITION,2026-01-14 17:22:00,2026-01-14 17:22:00,1,30.95,61.04,27.48
GBPJPY,WHIPSAW,2026-01-14 17:23:00,2026-01-14 17:24:00,2,22.77,74.03,19.31
GBPJPY,TRANSITION,2026-01-14 17:25:00,2026-01-14 17:30:00,6,29.35,59.96,27.11
GBPJPY,WHIPSAW,2026-01-14 17:31:00,2026-01-14 17:34:00,4,18.89,72.16,18.16
GBPJPY,TRANSITION,2026-01-14 17:35:00,2026-01-14 17:57:00,23,43.06,46.41,41.14
GBPJPY,WIDE_RANGE,2026-01-14 17:58:00,2026-01-14 18:06:00,9,24.54,53.98,33.56
GBPJPY,TRANSITION,2026-01-14 18:07:00,2026-01-14 18:10:00,4,24.15,43.29,41.17
GBPJPY,WIDE_RANGE,2026-01-14 18:11:00,2026-01-14 18:11:00,1,24.11,46.18,42.52
GBPJPY,TRANSITION,2026-01-14 18:12:00,2026-01-14 18:33:00,22,27.54,39.84,52.45
GBPJPY,LOW_LIQUIDITY,2026-01-14 18:34:00,2026-01-14 18:35:00,2,45.53,23.23,67.05
GBPJPY,TRANSITION,2026-01-14 18:36:00,2026-01-14 19:53:00,78,30.87,32.9,57.01
GBPJPY,WIDE_RANGE,2026-01-14 19:54:00,2026-01-14 19:56:00,3,25.97,39.88,52.39
GBPJPY,TRANSITION,2026-01-14 19:57:00,2026-01-14 23:35:00,219,32.69,33.81,54.25
GBPJPY,STRONG_TREND_UP,2026-01-14 23:36:00,2026-01-14 23:36:00,1,65.62,18.91,74.84
GBPJPY,TRANSITION,2026-01-14 23:37:00,2026-01-15 01:08:00,92,29.22,39.35,51.67
GBPJPY,WIDE_RANGE,2026-01-15 01:09:00,2026-01-15 01:10:00,2,32.95,42.7,49.71
GBPJPY,TRANSITION,2026-01-15 01:11:00,2026-01-15 01:12:00,2,29.01,49.85,45.24
GBPJPY,WIDE_RANGE,2026-01-15 01:13:00,2026-01-15 01:13:00,1,35.53,41.73,51.17
GBPJPY,TRANSITION,2026-01-15 01:14:00,2026-01-15 02:19:00,66,41.17,34.66,57.71
GBPJPY,WIDE_RANGE,2026-01-15 02:20:00,2026-01-15 02:26:00,7,22.29,53.53,42.22
GBPJPY,TRANSITION,2026-01-15 02:27:00,2026-01-15 02:30:00,4,37.6,39.38,54.7
GBPJPY,WIDE_RANGE,2026-01-15 02:31:00,2026-01-15 02:33:00,3,34.46,49.14,50.14
GBPJPY,TRANSITION,2026-01-15 02:34:00,2026-01-15 02:34:00,1,37.83,44.04,53.59
GBPJPY,WIDE_RANGE,2026-01-15 02:35:00,2026-01-15 02:35:00,1,32.25,47.75,49.63
GBPJPY,TRANSITION,2026-01-15 02:36:00,2026-01-15 02:37:00,2,32.3,45.94,50.03
GBPJPY,WIDE_RANGE,2026-01-15 02:38:00,2026-01-15 02:38:00,1,27.56,49.34,46.32
GBPJPY,TRANSITION,2026-01-15 02:39:00,2026-01-15 02:45:00,7,32.88,33.11,53.65
GBPJPY,WIDE_RANGE,2026-01-15 02:46:00,2026-01-15 02:46:00,1,24.09,50.5,43.35
GBPJPY,TRANSITION,2026-01-15 02:47:00,2026-01-15 08:17:00,331,30.09,36.39,52.43
GBPJPY,WIDE_RANGE,2026-01-15 08:18:00,2026-01-15 08:18:00,1,31.35,43.54,50.32
GBPJPY,TRANSITION,2026-01-15 08:19:00,2026-01-15 08:31:00,13,37.52,37.18,53.61
GBPJPY,WIDE_RANGE,2026-01-15 08:32:00,2026-01-15 08:46:00,15,30.3,50.93,45.78
GBPJPY,TRANSITION,2026-01-15 08:47:00,2026-01-15 08:47:00,1,39.56,36.88,56.58
GBPJPY,WIDE_RANGE,2026-01-15 08:48:00,2026-01-15 08:51:00,4,30.54,47.28,49.52
GBPJPY,TRANSITION,2026-01-15 08:52:00,2026-01-15 17:04:00,489,28.05,37.57,50.65
GBPJPY,WHIPSAW,2026-01-15 17:05:00,2026-01-15 17:07:00,3,19.01,75.39,17.11
GBPJPY,TRANSITION,2026-01-15 17:08:00,2026-01-15 17:16:00,9,25.68,65.7,23.47
GBPJPY,WHIPSAW,2026-01-15 17:17:00,2026-01-15 17:17:00,1,20.72,70.0,19.73
GBPJPY,TRANSITION,2026-01-15 17:18:00,2026-01-15 17:21:00,4,21.86,65.63,21.74
GBPJPY,WHIPSAW,2026-01-15 17:22:00,2026-01-15 17:23:00,2,15.63,70.88,17.09
GBPJPY,TRANSITION,2026-01-15 17:24:00,2026-01-15 17:24:00,1,20.4,56.64,24.13
GBPJPY,TIGHT_RANGE,2026-01-15 17:25:00,2026-01-15 17:26:00,2,14.41,69.07,17.14
GBPJPY,TRANSITION,2026-01-15 17:27:00,2026-01-15 17:30:00,4,14.38,66.34,18.06
GBPJPY,WHIPSAW,2026-01-15 17:31:00,2026-01-15 17:31:00,1,12.22,70.53,15.64
GBPJPY,TRANSITION,2026-01-15 17:32:00,2026-01-15 17:39:00,8,27.83,52.88,28.83
GBPJPY,LOW_LIQUIDITY,2026-01-15 17:40:00,2026-01-15 17:40:00,1,33.54,47.88,33.15
GBPJPY,TRANSITION,2026-01-15 17:41:00,2026-01-15 18:01:00,21,34.55,53.54,31.99
GBPJPY,WIDE_RANGE,2026-01-15 18:02:00,2026-01-15 18:03:00,2,35.05,58.61,35.32
GBPJPY,TRANSITION,2026-01-15 18:04:00,2026-01-15 18:05:00,2,46.32,42.97,48.28
GBPJPY,WIDE_RANGE,2026-01-15 18:06:00,2026-01-15 18:06:00,1,28.72,58.13,36.95
GBPJPY,TRANSITION,2026-01-15 18:07:00,2026-01-15 18:07:00,1,41.75,43.1,49.29
GBPJPY,WIDE_RANGE,2026-01-15 18:08:00,2026-01-15 18:09:00,2,30.19,60.32,40.08
GBPJPY,WHIPSAW,2026-01-15 18:10:00,2026-01-15 18:10:00,1,23.16,70.83,35.73
GBPJPY,WIDE_RANGE,2026-01-15 18:11:00,2026-01-15 18:11:00,1,28.45,66.24,41.35
GBPJPY,WHIPSAW,2026-01-15 18:12:00,2026-01-15 18:12:00,1,21.92,70.01,38.61
GBPJPY,WIDE_RANGE,2026-01-15 18:13:00,2026-01-15 18:27:00,14,29.5,55.4,48.72
GBPJPY,TRANSITION,2026-01-15 18:28:00,2026-01-15 20:00:00,93,27.52,38.52,53.55
GBPJPY,WIDE_RANGE,2026-01-15 20:01:00,2026-01-15 20:09:00,9,30.57,52.76,47.94
GBPJPY,TRANSITION,2026-01-15 20:10:00,2026-01-15 20:10:00,1,36.0,36.99,55.84
GBPJPY,WIDE_RANGE,2026-01-15 20:11:00,2026-01-15 20:13:00,3,34.47,44.13,52.71
GBPJPY,TRANSITION,2026-01-15 20:14:00,2026-01-15 20:15:00,2,38.84,37.28,57.3
GBPJPY,WIDE_RANGE,2026-01-15 20:16:00,2026-01-15 20:17:00,2,30.7,47.51,50.32
GBPJPY,TRANSITION,2026-01-15 20:18:00,2026-01-15 21:46:00,89,34.92,35.5,54.66
GBPJPY,WIDE_RANGE,2026-01-15 21:47:00,2026-01-15 21:47:00,1,40.67,52.39,48.53
GBPJPY,TRANSITION,2026-01-15 21:48:00,2026-01-15 21:50:00,3,42.53,50.14,49.93
GBPJPY,WIDE_RANGE,2026-01-15 21:51:00,2026-01-15 21:59:00,9,33.48,56.35,43.87
GBPJPY,TRANSITION,2026-01-15 22:00:00,2026-01-15 22:40:00,41,24.71,39.9,50.12
GBPJPY,TIGHT_RANGE,2026-01-15 22:41:00,2026-01-15 22:41:00,1,20.86,37.23,48.92
GBPJPY,TRANSITION,2026-01-15 22:42:00,2026-01-15 22:47:00,6,30.19,30.08,55.37
GBPJPY,LOW_LIQUIDITY,2026-01-15 22:48:00,2026-01-15 22:50:00,3,26.51,40.99,49.21
GBPJPY,TIGHT_RANGE,2026-01-15 22:51:00,2026-01-15 22:54:00,4,25.81,47.24,46.2
GBPJPY,TRANSITION,2026-01-15 22:55:00,2026-01-15 23:15:00,21,25.43,39.45,46.84
GBPJPY,LOW_LIQUIDITY,2026-01-15 23:16:00,2026-01-15 23:28:00,13,32.91,38.43,53.08
GBPJPY,TIGHT_RANGE,2026-01-15 23:29:00,2026-01-15 23:41:00,13,19.58,43.0,47.57
GBPJPY,LOW_LIQUIDITY,2026-01-15 23:42:00,2026-01-15 23:49:00,8,34.88,30.18,59.14
GBPJPY,TRANSITION,2026-01-15 23:50:00,2026-01-15 23:51:00,2,45.83,28.11,64.06
GBPJPY,LOW_LIQUIDITY,2026-01-15 23:52:00,2026-01-15 23:56:00,5,39.69,28.34,60.98
GBPJPY,TIGHT_RANGE,2026-01-15 23:57:00,2026-01-15 23:59:00,3,24.64,37.49,50.23
GBPJPY,LOW_LIQUIDITY,2026-01-16 00:00:00,2026-01-16 00:00:00,1,35.47,22.81,59.74
GBPJPY,TIGHT_RANGE,2026-01-16 00:01:00,2026-01-16 00:01:00,1,27.63,34.41,51.81
GBPJPY,TRANSITION,2026-01-16 00:02:00,2026-01-16 01:48:00,107,27.55,38.29,49.62
GBPJPY,WIDE_RANGE,2026-01-16 01:49:00,2026-01-16 01:49:00,1,25.37,50.47,45.88
GBPJPY,TRANSITION,2026-01-16 01:50:00,2026-01-16 01:57:00,8,25.21,44.23,48.1
GBPJPY,WIDE_RANGE,2026-01-16 01:58:00,2026-01-16 02:00:00,3,23.69,43.91,47.89
GBPJPY,TRANSITION,2026-01-16 02:01:00,2026-01-16 02:02:00,2,20.64,49.12,45.23
GBPJPY,WIDE_RANGE,2026-01-16 02:03:00,2026-01-16 02:08:00,6,20.18,51.2,45.04
GBPJPY,TRANSITION,2026-01-16 02:09:00,2026-01-16 02:12:00,4,31.92,37.55,54.51
GBPJPY,WIDE_RANGE,2026-01-16 02:13:00,2026-01-16 02:17:00,5,31.28,42.35,52.27
GBPJPY,TRANSITION,2026-01-16 02:18:00,2026-01-16 02:18:00,1,32.73,35.33,55.33
GBPJPY,WIDE_RANGE,2026-01-16 02:19:00,2026-01-16 02:19:00,1,32.04,40.64,53.34
GBPJPY,TRANSITION,2026-01-16 02:20:00,2026-01-16 02:20:00,1,37.99,30.81,59.7
GBPJPY,WIDE_RANGE,2026-01-16 02:21:00,2026-01-16 02:21:00,1,31.63,40.55,53.45
GBPJPY,TRANSITION,2026-01-16 02:22:00,2026-01-16 02:38:00,17,40.2,35.39,57.72
GBPJPY,WIDE_RANGE,2026-01-16 02:39:00,2026-01-16 02:40:00,2,33.3,50.61,47.65
GBPJPY,TRANSITION,2026-01-16 02:41:00,2026-01-16 02:42:00,2,37.5,37.44,53.58
GBPJPY,WIDE_RANGE,2026-01-16 02:43:00,2026-01-16 02:57:00,15,28.81,58.61,42.65
GBPJPY,TRANSITION,2026-01-16 02:58:00,2026-01-16 08:17:00,320,29.02,39.03,50.95
GBPJPY,STRONG_TREND_DOWN,2026-01-16 08:18:00,2026-01-16 08:20:00,3,67.57,11.44,79.15
GBPJPY,TRANSITION,2026-01-16 08:21:00,2026-01-16 08:24:00,4,47.52,24.19,65.69
GBPJPY,WIDE_RANGE,2026-01-16 08:25:00,2026-01-16 08:29:00,5,33.93,32.99,55.69
GBPJPY,TRANSITION,2026-01-16 08:30:00,2026-01-16 08:30:00,1,36.71,29.04,58.07
GBPJPY,WIDE_RANGE,2026-01-16 08:31:00,2026-01-16 08:34:00,4,30.72,33.53,53.53
GBPJPY,TRANSITION,2026-01-16 08:35:00,2026-01-16 10:05:00,91,29.55,35.7,51.62
GBPJPY,WIDE_RANGE,2026-01-16 10:06:00,2026-01-16 10:06:00,1,35.34,36.04,54.64
GBPJPY,TRANSITION,2026-01-16 10:07:00,2026-01-16 10:10:00,4,39.95,33.67,57.47
GBPJPY,WIDE_RANGE,2026-01-16 10:11:00,2026-01-16 10:12:00,2,31.27,41.2,50.77
GBPJPY,TRANSITION,2026-01-16 10:13:00,2026-01-16 10:22:00,10,28.23,46.23,47.21
GBPJPY,WIDE_RANGE,2026-01-16 10:23:00,2026-01-16 10:24:00,2,24.2,59.4,40.13
GBPJPY,TRANSITION,2026-01-16 10:25:00,2026-01-16 10:27:00,3,33.68,46.37,48.45
GBPJPY,WIDE_RANGE,2026-01-16 10:28:00,2026-01-16 10:30:00,3,32.48,53.51,44.98
GBPJPY,TRANSITION,2026-01-16 10:31:00,2026-01-16 10:31:00,1,42.23,44.47,52.39
GBPJPY,WIDE_RANGE,2026-01-16 10:32:00,2026-01-16 10:38:00,7,34.19,51.04,46.03
GBPJPY,TRANSITION,2026-01-16 10:39:00,2026-01-16 10:39:00,1,38.08,39.66,51.69
GBPJPY,WIDE_RANGE,2026-01-16 10:40:00,2026-01-16 10:40:00,1,33.68,45.51,48.02
GBPJPY,TRANSITION,2026-01-16 10:41:00,2026-01-16 10:41:00,1,37.76,38.06,52.59
GBPJPY,WIDE_RANGE,2026-01-16 10:42:00,2026-01-16 10:42:00,1,34.18,41.09,50.09
GBPJPY,TRANSITION,2026-01-16 10:43:00,2026-01-16 12:19:00,97,25.62,36.71,51.18
GBPJPY,LOW_LIQUIDITY,2026-01-16 12:20:00,2026-01-16 12:23:00,4,32.97,17.62,62.64
GBPJPY,TRANSITION,2026-01-16 12:24:00,2026-01-16 12:29:00,6,17.82,35.51,49.02
GBPJPY,LOW_LIQUIDITY,2026-01-16 12:30:00,2026-01-16 12:30:00,1,33.85,24.38,60.21
GBPJPY,TRANSITION,2026-01-16 12:31:00,2026-01-16 13:35:00,65,30.52,33.58,51.73
GBPJPY,LOW_LIQUIDITY,2026-01-16 13:36:00,2026-01-16 13:38:00,3,43.34,23.86,60.15
GBPJPY,TIGHT_RANGE,2026-01-16 13:39:00,2026-01-16 13:45:00,7,18.57,41.43,44.33
GBPJPY,TRANSITION,2026-01-16 13:46:00,2026-01-16 13:46:00,1,27.06,30.4,52.82
GBPJPY,TIGHT_RANGE,2026-01-16 13:47:00,2026-01-16 13:47:00,1,19.3,47.58,43.47
GBPJPY,TRANSITION,2026-01-16 13:48:00,2026-01-16 16:53:00,186,26.87,38.07,50.0
GBPJPY,WIDE_RANGE,2026-01-16 16:54:00,2026-01-16 16:55:00,2,30.92,50.55,41.73
GBPJPY,TRANSITION,2026-01-16 16:56:00,2026-01-16 16:56:00,1,45.05,41.55,50.86
GBPJPY,WIDE_RANGE,2026-01-16 16:57:00,2026-01-16 16:58:00,2,30.41,63.65,32.26
GBPJPY,WHIPSAW,2026-01-16 16:59:00,2026-01-16 16:59:00,1,28.03,72.93,23.65
GBPJPY,TRANSITION,2026-01-18 17:04:00,2026-01-18 17:23:00,20,58.43,56.82,41.56
GBPJPY,WHIPSAW,2026-01-18 17:24:00,2026-01-18 17:27:00,4,14.69,76.55,14.73
GBPJPY,TRANSITION,2026-01-18 17:28:00,2026-01-18 17:33:00,6,29.94,61.5,26.86
GBPJPY,WIDE_RANGE,2026-01-18 17:34:00,2026-01-18 17:34:00,1,24.63,62.26,24.16
GBPJPY,TRANSITION,2026-01-18 17:35:00,2026-01-18 17:36:00,2,30.49,57.25,28.57
GBPJPY,WIDE_RANGE,2026-01-18 17:37:00,2026-01-18 17:37:00,1,25.65,62.67,24.49
GBPJPY,WHIPSAW,2026-01-18 17:38:00,2026-01-18 17:39:00,2,22.72,73.75,19.38
GBPJPY,WIDE_RANGE,2026-01-18 17:40:00,2026-01-18 17:40:00,1,24.9,69.54,21.81
GBPJPY,WHIPSAW,2026-01-18 17:41:00,2026-01-18 17:41:00,1,23.52,73.89,19.69
GBPJPY,WIDE_RANGE,2026-01-18 17:42:00,2026-01-18 17:42:00,1,28.71,67.14,24.38
GBPJPY,WHIPSAW,2026-01-18 17:43:00,2026-01-18 17:44:00,2,21.95,74.72,18.7
GBPJPY,WIDE_RANGE,2026-01-18 17:45:00,2026-01-18 17:45:00,1,33.58,59.85,29.1
GBPJPY,TRANSITION,2026-01-18 17:46:00,2026-01-18 18:03:00,18,26.46,56.34,29.71
GBPJPY,WIDE_RANGE,2026-01-18 18:04:00,2026-01-18 18:04:00,1,23.68,64.32,33.33
GBPJPY,TRANSITION,2026-01-18 18:05:00,2026-01-18 18:05:00,1,47.59,54.35,48.78
GBPJPY,WIDE_RANGE,2026-01-18 18:06:00,2026-01-18 18:13:00,8,35.32,57.39,47.18
GBPJPY,TRANSITION,2026-01-18 18:14:00,2026-01-18 18:24:00,11,46.84,36.69,63.07
GBPJPY,WIDE_RANGE,2026-01-18 18:25:00,2026-01-18 18:28:00,4,26.77,47.6,50.13
GBPJPY,TRANSITION,2026-01-18 18:29:00,2026-01-18 18:43:00,15,43.93,31.18,63.61
GBPJPY,WIDE_RANGE,2026-01-18 18:44:00,2026-01-18 18:44:00,1,24.93,44.52,50.33
GBPJPY,TRANSITION,2026-01-18 18:45:00,2026-01-18 20:51:00,127,31.15,36.36,55.43
GBPJPY,STRONG_TREND_UP,2026-01-18 20:52:00,2026-01-18 20:52:00,1,65.24,21.67,74.98
GBPJPY,TRANSITION,2026-01-18 20:53:00,2026-01-19 02:12:00,320,29.04,37.29,51.36
GBPJPY,WIDE_RANGE,2026-01-19 02:13:00,2026-01-19 02:13:00,1,25.44,36.33,51.95
GBPJPY,TRANSITION,2026-01-19 02:14:00,2026-01-19 02:15:00,2,40.46,24.27,63.17
GBPJPY,WIDE_RANGE,2026-01-19 02:16:00,2026-01-19 02:23:00,8,27.48,37.4,53.6
GBPJPY,TRANSITION,2026-01-19 02:24:00,2026-01-19 02:25:00,2,37.51,27.13,62.03
GBPJPY,WIDE_RANGE,2026-01-19 02:26:00,2026-01-19 02:28:00,3,28.38,39.26,53.71
GBPJPY,TRANSITION,2026-01-19 02:29:00,2026-01-19 02:29:00,1,36.32,27.83,61.24
GBPJPY,WIDE_RANGE,2026-01-19 02:30:00,2026-01-19 02:53:00,24,24.61,46.41,48.39
GBPJPY,TRANSITION,2026-01-19 02:54:00,2026-01-19 03:05:00,12,35.93,35.05,57.79
GBPJPY,WIDE_RANGE,2026-01-19 03:06:00,2026-01-19 03:06:00,1,24.89,47.69,48.54
GBPJPY,TRANSITION,2026-01-19 03:07:00,2026-01-19 03:07:00,1,35.47,36.23,57.03
GBPJPY,WIDE_RANGE,2026-01-19 03:08:00,2026-01-19 03:08:00,1,32.92,40.07,54.28
GBPJPY,TRANSITION,2026-01-19 03:09:00,2026-01-19 03:14:00,6,37.22,38.4,55.84
GBPJPY,WIDE_RANGE,2026-01-19 03:15:00,2026-01-19 03:17:00,3,28.41,44.99,48.34
GBPJPY,TRANSITION,2026-01-19 03:18:00,2026-01-19 03:18:00,1,36.15,36.26,54.33
GBPJPY,WIDE_RANGE,2026-01-19 03:19:00,2026-01-19 03:21:00,3,32.27,43.18,50.39
GBPJPY,TRANSITION,2026-01-19 03:22:00,2026-01-19 04:09:00,48,32.06,34.09,54.26
GBPJPY,WIDE_RANGE,2026-01-19 04:10:00,2026-01-19 04:20:00,11,23.0,45.2,46.68
GBPJPY,TRANSITION,2026-01-19 04:21:00,2026-01-19 05:24:00,64,26.16,40.61,48.34
GBPJPY,TIGHT_RANGE,2026-01-19 05:25:00,2026-01-19 05:27:00,3,20.56,38.65,47.42
GBPJPY,LOW_LIQUIDITY,2026-01-19 05:28:00,2026-01-19 05:34:00,7,29.87,32.32,53.14
GBPJPY,TIGHT_RANGE,2026-01-19 05:35:00,2026-01-19 05:36:00,2,26.14,42.55,47.55
GBPJPY,LOW_LIQUIDITY,2026-01-19 05:37:00,2026-01-19 05:37:00,1,32.32,36.51,52.33
GBPJPY,TRANSITION,2026-01-19 05:38:00,2026-01-19 05:38:00,1,31.06,32.24,53.17
GBPJPY,TIGHT_RANGE,2026-01-19 05:39:00,2026-01-19 06:00:00,22,21.21,44.25,45.53
GBPJPY,TRANSITION,2026-01-19 06:01:00,2026-01-19 08:28:00,148,27.12,39.17,50.0
GBPJPY,TIGHT_RANGE,2026-01-19 08:29:00,2026-01-19 08:29:00,1,15.34,50.51,40.2
GBPJPY,TRANSITION,2026-01-19 08:30:00,2026-01-19 10:28:00,119,29.67,38.25,51.68
GBPJPY,STRONG_TREND_UP,2026-01-19 10:29:00,2026-01-19 10:30:00,2,67.27,22.7,70.37
GBPJPY,TRANSITION,2026-01-19 10:31:00,2026-01-19 12:18:00,108,37.05,30.5,56.44
GBPJPY,TIGHT_RANGE,2026-01-19 12:19:00,2026-01-19 12:27:00,9,18.37,41.75,46.22
GBPJPY,LOW_LIQUIDITY,2026-01-19 12:28:00,2026-01-19 12:28:00,1,30.48,30.03,55.22
GBPJPY,TIGHT_RANGE,2026-01-19 12:29:00,2026-01-19 12:36:00,8,19.27,43.75,44.67
GBPJPY,LOW_LIQUIDITY,2026-01-19 12:37:00,2026-01-19 12:41:00,5,24.83,39.01,48.76
GBPJPY,TIGHT_RANGE,2026-01-19 12:42:00,2026-01-19 12:42:00,1,22.34,46.95,45.72
GBPJPY,LOW_LIQUIDITY,2026-01-19 12:43:00,2026-01-19 12:43:00,1,24.21,45.81,47.28
GBPJPY,TIGHT_RANGE,2026-01-19 12:44:00,2026-01-19 12:48:00,5,24.27,46.06,47.53
GBPJPY,LOW_LIQUIDITY,2026-01-19 12:49:00,2026-01-19 12:52:00,4,26.5,26.49,55.67
GBPJPY,TRANSITION,2026-01-19 12:53:00,2026-01-19 13:08:00,16,22.02,41.64,47.69
GBPJPY,TIGHT_RANGE,2026-01-19 13:09:00,2026-01-19 13:24:00,16,24.21,46.65,43.78
GBPJPY,LOW_LIQUIDITY,2026-01-19 13:25:00,2026-01-19 13:26:00,2,32.11,34.57,52.05
GBPJPY,TIGHT_RANGE,2026-01-19 13:27:00,2026-01-19 13:29:00,3,25.47,40.49,47.72
GBPJPY,TRANSITION,2026-01-19 13:30:00,2026-01-19 13:30:00,1,27.28,39.63,49.57
GBPJPY,LOW_LIQUIDITY,2026-01-19 13:31:00,2026-01-19 13:34:00,4,44.57,24.13,63.49
GBPJPY,TIGHT_RANGE,2026-01-19 13:35:00,2026-01-19 13:36:00,2,21.84,38.73,48.5
GBPJPY,LOW_LIQUIDITY,2026-01-19 13:37:00,2026-01-19 13:40:00,4,26.54,31.67,53.56
GBPJPY,TIGHT_RANGE,2026-01-19 13:41:00,2026-01-19 13:50:00,10,16.44,44.86,45.02
GBPJPY,LOW_LIQUIDITY,2026-01-19 13:51:00,2026-01-19 13:53:00,3,28.6,28.85,55.3
GBPJPY,TRANSITION,2026-01-19 13:54:00,2026-01-19 14:34:00,41,33.35,32.72,55.38
GBPJPY,LOW_LIQUIDITY,2026-01-19 14:35:00,2026-01-19 14:58:00,24,41.63,21.99,60.55
GBPJPY,TRANSITION,2026-01-19 14:59:00,2026-01-19 15:56:00,57,35.33,31.07,55.85
GBPJPY,TIGHT_RANGE,2026-01-19 15:57:00,2026-01-19 15:57:00,1,18.72,48.55,39.79
GBPJPY,TRANSITION,2026-01-19 15:58:00,2026-01-19 16:36:00,37,33.71,37.46,50.25
GBPJPY,WIDE_RANGE,2026-01-19 16:37:00,2026-01-19 16:42:00,6,25.25,39.05,49.33
GBPJPY,TRANSITION,2026-01-19 16:43:00,2026-01-19 16:45:00,3,32.52,25.15,57.37
GBPJPY,WIDE_RANGE,2026-01-19 16:46:00,2026-01-19 16:46:00,1,28.25,38.74,50.51
GBPJPY,TRANSITION,2026-01-19 16:47:00,2026-01-19 16:56:00,10,30.05,38.01,50.35
GBPJPY,WIDE_RANGE,2026-01-19 16:57:00,2026-01-19 16:59:00,3,19.62,60.5,35.08
GBPJPY,TRANSITION,2026-01-19 17:04:00,2026-01-19 17:08:00,5,35.6,51.68,32.81
GBPJPY,WIDE_RANGE,2026-01-19 17:09:00,2026-01-19 17:11:00,3,33.83,66.21,27.05
GBPJPY,TRANSITION,2026-01-19 17:12:00,2026-01-19 17:12:00,1,40.14,57.58,32.89
GBPJPY,WIDE_RANGE,2026-01-19 17:13:00,2026-01-19 17:14:00,2,31.57,66.42,25.94
GBPJPY,WHIPSAW,2026-01-19 17:15:00,2026-01-19 17:21:00,7,23.2,77.76,18.24
GBPJPY,WIDE_RANGE,2026-01-19 17:22:00,2026-01-19 17:22:00,1,22.12,69.11,20.68
GBPJPY,WHIPSAW,2026-01-19 17:23:00,2026-01-19 17:23:00,1,15.94,76.57,15.3
GBPJPY,TRANSITION,2026-01-19 17:24:00,2026-01-19 17:24:00,1,29.33,58.06,27.75
GBPJPY,WHIPSAW,2026-01-19 17:25:00,2026-01-19 17:28:00,4,17.18,76.22,15.99
GBPJPY,TRANSITION,2026-01-19 17:29:00,2026-01-19 17:29:00,1,19.68,63.68,21.4
GBPJPY,WHIPSAW,2026-01-19 17:30:00,2026-01-19 17:41:00,12,25.49,76.33,19.96
GBPJPY,TRANSITION,2026-01-19 17:42:00,2026-01-19 17:42:00,1,37.12,64.17,32.45
GBPJPY,WHIPSAW,2026-01-19 17:43:00,2026-01-19 17:44:00,2,29.09,73.45,27.26
GBPJPY,TRANSITION,2026-01-19 17:45:00,2026-01-19 17:56:00,12,37.51,52.17,44.32
GBPJPY,WHIPSAW,2026-01-19 17:57:00,2026-01-19 17:58:00,2,27.04,74.63,32.65
GBPJPY,TRANSITION,2026-01-19 17:59:00,2026-01-19 17:59:00,1,38.72,58.32,42.32
GBPJPY,WHIPSAW,2026-01-19 18:00:00,2026-01-19 18:01:00,2,32.88,72.62,35.36
GBPJPY,TRANSITION,2026-01-19 18:02:00,2026-01-19 18:02:00,1,35.87,56.71,42.95
GBPJPY,WIDE_RANGE,2026-01-19 18:03:00,2026-01-19 18:03:00,1,34.24,58.7,41.89
GBPJPY,TRANSITION,2026-01-19 18:04:00,2026-01-19 18:04:00,1,40.66,52.69,47.22
GBPJPY,WIDE_RANGE,2026-01-19 18:05:00,2026-01-19 18:11:00,7,32.25,66.5,40.71
GBPJPY,WHIPSAW,2026-01-19 18:12:00,2026-01-19 18:12:00,1,29.54,70.65,40.51
GBPJPY,WIDE_RANGE,2026-01-19 18:13:00,2026-01-19 18:19:00,7,28.8,62.69,45.33
GBPJPY,TRANSITION,2026-01-19 18:20:00,2026-01-19 19:01:00,42,26.63,40.75,52.39
GBPJPY,WIDE_RANGE,2026-01-19 19:02:00,2026-01-19 19:13:00,12,30.56,44.63,52.89
GBPJPY,TRANSITION,2026-01-19 19:14:00,2026-01-19 19:15:00,2,47.59,30.92,65.38
GBPJPY,WIDE_RANGE,2026-01-19 19:16:00,2026-01-19 19:20:00,5,26.65,49.56,49.41
GBPJPY,TRANSITION,2026-01-19 19:21:00,2026-01-19 19:21:00,1,34.31,38.57,56.67
GBPJPY,WIDE_RANGE,2026-01-19 19:22:00,2026-01-19 19:22:00,1,30.62,44.19,53.06
GBPJPY,TRANSITION,2026-01-19 19:23:00,2026-01-19 19:36:00,14,43.59,32.54,62.99
GBPJPY,WIDE_RANGE,2026-01-19 19:37:00,2026-01-19 19:37:00,1,35.03,36.32,57.77
GBPJPY,TRANSITION,2026-01-19 19:38:00,2026-01-19 19:38:00,1,29.53,44.31,52.52
GBPJPY,WIDE_RANGE,2026-01-19 19:39:00,2026-01-19 19:39:00,1,26.87,44.48,51.23
GBPJPY,TRANSITION,2026-01-19 19:40:00,2026-01-19 20:02:00,23,42.18,32.1,62.33
GBPJPY,STRONG_TREND_DOWN,2026-01-19 20:03:00,2026-01-19 20:06:00,4,65.66,37.96,68.29
GBPJPY,TRANSITION,2026-01-19 20:07:00,2026-01-19 20:15:00,9,56.8,38.76,62.03
GBPJPY,WIDE_RANGE,2026-01-19 20:16:00,2026-01-19 20:18:00,3,36.57,47.91,49.49
GBPJPY,TRANSITION,2026-01-19 20:19:00,2026-01-19 23:41:00,203,33.47,35.34,53.82
GBPJPY,STRONG_TREND_UP,2026-01-19 23:42:00,2026-01-19 23:43:00,2,67.22,18.95,74.52
GBPJPY,TRANSITION,2026-01-19 23:44:00,2026-01-20 01:19:00,96,33.15,34.84,54.41
GBPJPY,STRONG_TREND_UP,2026-01-20 01:20:00,2026-01-20 01:27:00,8,72.03,17.27,78.91
GBPJPY,TRANSITION,2026-01-20 01:28:00,2026-01-20 01:28:00,1,64.17,19.47,74.07
GBPJPY,STRONG_TREND_UP,2026-01-20 01:29:00,2026-01-20 01:30:00,2,69.12,18.14,76.71
GBPJPY,TRANSITION,2026-01-20 01:31:00,2026-01-20 01:39:00,9,51.51,30.2,62.98
GBPJPY,WIDE_RANGE,2026-01-20 01:40:00,2026-01-20 01:43:00,4,25.16,52.95,42.87
GBPJPY,TRANSITION,2026-01-20 01:44:00,2026-01-20 01:45:00,2,29.53,47.98,46.83
GBPJPY,WIDE_RANGE,2026-01-20 01:46:00,2026-01-20 01:50:00,5,24.67,48.83,44.14
GBPJPY,TRANSITION,2026-01-20 01:51:00,2026-01-20 01:57:00,7,23.45,48.02,45.16
GBPJPY,WIDE_RANGE,2026-01-20 01:58:00,2026-01-20 01:58:00,1,22.44,42.06,48.65
GBPJPY,TRANSITION,2026-01-20 01:59:00,2026-01-20 01:59:00,1,21.73,45.05,47.76
GBPJPY,WIDE_RANGE,2026-01-20 02:00:00,2026-01-20 02:05:00,6,24.99,43.98,49.46
GBPJPY,TRANSITION,2026-01-20 02:06:00,2026-01-20 02:15:00,10,40.94,32.54,60.64
GBPJPY,WIDE_RANGE,2026-01-20 02:16:00,2026-01-20 02:16:00,1,26.26,44.85,49.49
GBPJPY,TRANSITION,2026-01-20 02:17:00,2026-01-20 02:34:00,18,43.28,28.24,63.41
GBPJPY,STRONG_TREND_UP,2026-01-20 02:35:00,2026-01-20 02:38:00,4,67.41,22.35,75.14
GBPJPY,TRANSITION,2026-01-20 02:39:00,2026-01-20 02:39:00,1,62.08,23.49,71.76
GBPJPY,STRONG_TREND_UP,2026-01-20 02:40:00,2026-01-20 02:40:00,1,66.08,24.95,72.93
GBPJPY,TRANSITION,2026-01-20 02:41:00,2026-01-20 02:54:00,14,46.55,37.68,58.3
GBPJPY,WIDE_RANGE,2026-01-20 02:55:00,2026-01-20 02:55:00,1,36.08,41.88,51.51
GBPJPY,TRANSITION,2026-01-20 02:56:00,2026-01-20 02:56:00,1,36.67,38.1,53.35
GBPJPY,WIDE_RANGE,2026-01-20 02:57:00,2026-01-20 02:59:00,3,23.44,50.59,43.47
GBPJPY,TRANSITION,2026-01-20 03:00:00,2026-01-20 08:34:00,335,32.72,32.8,54.98
GBPJPY,WIDE_RANGE,2026-01-20 08:35:00,2026-01-20 08:35:00,1,26.5,53.28,41.65
GBPJPY,TRANSITION,2026-01-20 08:37:00,2026-01-20 08:37:00,1,36.51,43.11,49.24
GBPJPY,WIDE_RANGE,2026-01-20 08:38:00,2026-01-20 08:54:00,17,27.86,53.6,39.99
GBPJPY,TRANSITION,2026-01-20 08:55:00,2026-01-20 09:10:00,16,26.55,44.42,46.99
GBPJPY,WIDE_RANGE,2026-01-20 09:11:00,2026-01-20 09:27:00,17,27.62,39.55,50.47
GBPJPY,TRANSITION,2026-01-20 09:28:00,2026-01-20 09:28:00,1,36.63,31.19,56.88
GBPJPY,WIDE_RANGE,2026-01-20 09:29:00,2026-01-20 09:30:00,2,30.05,39.55,50.94
GBPJPY,TRANSITION,2026-01-20 09:31:00,2026-01-20 16:23:00,413,29.02,38.97,50.31
GBPJPY,TIGHT_RANGE,2026-01-20 16:24:00,2026-01-20 16:24:00,1,17.02,57.47,35.95
GBPJPY,LOW_LIQUIDITY,2026-01-20 16:25:00,2026-01-20 16:25:00,1,33.62,37.12,51.16
GBPJPY,TIGHT_RANGE,2026-01-20 16:26:00,2026-01-20 16:29:00,4,18.89,45.6,43.42
GBPJPY,TRANSITION,2026-01-20 16:30:00,2026-01-20 16:48:00,19,23.74,41.69,46.21
GBPJPY,LOW_LIQUIDITY,2026-01-20 16:49:00,2026-01-20 16:49:00,1,43.04,27.49,54.81
GBPJPY,TRANSITION,2026-01-20 16:50:00,2026-01-20 17:20:00,26,22.73,51.96,30.79
GBPJPY,WHIPSAW,2026-01-20 17:21:00,2026-01-20 17:21:00,1,13.18,70.55,16.08
GBPJPY,TRANSITION,2026-01-20 17:22:00,2026-01-20 17:59:00,38,30.85,53.5,31.24
GBPJPY,WIDE_RANGE,2026-01-20 18:00:00,2026-01-20 18:01:00,2,17.5,65.89,22.71
GBPJPY,TRANSITION,2026-01-20 18:02:00,2026-01-20 18:13:00,12,48.27,41.18,51.48
GBPJPY,WIDE_RANGE,2026-01-20 18:14:00,2026-01-20 18:18:00,5,29.66,47.91,50.45
GBPJPY,TRANSITION,2026-01-20 18:19:00,2026-01-20 18:58:00,40,31.53,33.9,56.98
GBPJPY,WIDE_RANGE,2026-01-20 18:59:00,2026-01-20 19:08:00,10,28.2,48.84,50.37
GBPJPY,TRANSITION,2026-01-20 19:09:00,2026-01-20 19:16:00,8,45.98,38.39,62.1
GBPJPY,WIDE_RANGE,2026-01-20 19:17:00,2026-01-20 19:25:00,9,28.97,50.66,50.1
GBPJPY,TRANSITION,2026-01-20 19:26:00,2026-01-20 20:00:00,35,29.17,37.8,54.56
GBPJPY,WIDE_RANGE,2026-01-20 20:01:00,2026-01-20 20:04:00,4,34.01,39.01,54.97
GBPJPY,TRANSITION,2026-01-20 20:05:00,2026-01-20 20:05:00,1,39.16,31.1,58.52
GBPJPY,WIDE_RANGE,2026-01-20 20:06:00,2026-01-20 20:19:00,14,28.4,48.67,45.59
GBPJPY,TRANSITION,2026-01-20 20:20:00,2026-01-20 21:53:00,94,30.93,35.55,52.55
GBPJPY,LOW_LIQUIDITY,2026-01-20 21:54:00,2026-01-20 21:55:00,2,32.52,23.07,58.71
GBPJPY,TIGHT_RANGE,2026-01-20 21:56:00,2026-01-20 21:56:00,1,28.49,32.09,53.77
GBPJPY,LOW_LIQUIDITY,2026-01-20 21:57:00,2026-01-20 21:57:00,1,27.2,31.18,53.66
GBPJPY,TRANSITION,2026-01-20 21:58:00,2026-01-21 00:13:00,136,29.26,34.64,53.36
GBPJPY,WIDE_RANGE,2026-01-21 00:14:00,2026-01-21 00:14:00,1,25.96,45.16,45.4
GBPJPY,TRANSITION,2026-01-21 00:15:00,2026-01-21 00:15:00,1,27.91,43.4,46.91
GBPJPY,WIDE_RANGE,2026-01-21 00:16:00,2026-01-21 00:16:00,1,32.18,40.93,49.9
GBPJPY,TRANSITION,2026-01-21 00:17:00,2026-01-21 02:01:00,105,30.39,37.57,51.32
GBPJPY,WIDE_RANGE,2026-01-21 02:02:00,2026-01-21 02:06:00,5,26.17,51.07,43.76
GBPJPY,TRANSITION,2026-01-21 02:07:00,2026-01-21 02:12:00,6,34.59,35.87,53.37
GBPJPY,WIDE_RANGE,2026-01-21 02:13:00,2026-01-21 02:27:00,15,26.64,52.53,45.73
GBPJPY,TRANSITION,2026-01-21 02:28:00,2026-01-21 02:29:00,2,37.3,35.23,56.9
GBPJPY,WIDE_RANGE,2026-01-21 02:30:00,2026-01-21 02:32:00,3,21.26,46.13,46.01
GBPJPY,TRANSITION,2026-01-21 02:33:00,2026-01-21 03:15:00,43,36.41,33.62,57.07
GBPJPY,WIDE_RANGE,2026-01-21 03:16:00,2026-01-21 03:16:00,1,24.97,46.83,47.53
GBPJPY,TRANSITION,2026-01-21 03:17:00,2026-01-21 03:17:00,1,32.62,38.07,54.25
GBPJPY,WIDE_RANGE,2026-01-21 03:18:00,2026-01-21 03:18:00,1,34.08,35.97,55.68
GBPJPY,TRANSITION,2026-01-21 03:19:00,2026-01-21 07:01:00,223,27.55,37.77,50.55
GBPJPY,WIDE_RANGE,2026-01-21 07:02:00,2026-01-21 07:02:00,1,32.18,42.81,48.76
GBPJPY,TRANSITION,2026-01-21 07:03:00,2026-01-21 07:14:00,12,41.01,45.36,52.73
GBPJPY,WIDE_RANGE,2026-01-21 07:15:00,2026-01-21 07:18:00,4,27.29,55.52,44.52
GBPJPY,TRANSITION,2026-01-21 07:19:00,2026-01-21 08:53:00,95,33.86,32.1,55.83
GBPJPY,STRONG_TREND_UP,2026-01-21 08:54:00,2026-01-21 08:55:00,2,68.18,21.27,72.86
GBPJPY,TRANSITION,2026-01-21 08:56:00,2026-01-21 09:14:00,19,47.38,38.34,57.03
GBPJPY,WIDE_RANGE,2026-01-21 09:15:00,2026-01-21 09:25:00,11,30.81,58.4,42.94
GBPJPY,TRANSITION,2026-01-21 09:26:00,2026-01-21 09:27:00,2,42.8,42.2,53.66
GBPJPY,WIDE_RANGE,2026-01-21 09:28:00,2026-01-21 09:29:00,2,35.16,52.17,46.81
GBPJPY,TRANSITION,2026-01-21 09:30:00,2026-01-21 09:30:00,1,37.51,46.15,49.8
GBPJPY,WIDE_RANGE,2026-01-21 09:31:00,2026-01-21 09:31:00,1,32.54,49.92,46.16
GBPJPY,TRANSITION,2026-01-21 09:32:00,2026-01-21 09:32:00,1,38.33,45.77,50.13
GBPJPY,WIDE_RANGE,2026-01-21 09:33:00,2026-01-21 09:34:00,2,34.88,51.92,46.27
GBPJPY,TRANSITION,2026-01-21 09:35:00,2026-01-21 09:38:00,4,46.77,43.24,53.94
GBPJPY,STRONG_TREND_UP,2026-01-21 09:39:00,2026-01-21 09:43:00,5,71.24,29.69,70.43
GBPJPY,TRANSITION,2026-01-21 09:44:00,2026-01-21 13:19:00,216,28.06,37.11,51.71
GBPJPY,TIGHT_RANGE,2026-01-21 13:20:00,2026-01-21 13:22:00,3,24.66,40.07,50.3
GBPJPY,LOW_LIQUIDITY,2026-01-21 13:23:00,2026-01-21 13:34:00,12,38.45,29.67,59.8
GBPJPY,TRANSITION,2026-01-21 13:35:00,2026-01-21 14:32:00,58,28.15,36.79,51.7
GBPJPY,STRONG_TREND_UP,2026-01-21 14:33:00,2026-01-21 14:34:00,2,67.21,34.92,66.22
GBPJPY,TRANSITION,2026-01-21 14:35:00,2026-01-21 14:46:00,12,52.7,43.17,56.76
GBPJPY,WIDE_RANGE,2026-01-21 14:47:00,2026-01-21 14:47:00,1,35.74,54.55,45.49
GBPJPY,TRANSITION,2026-01-21 14:48:00,2026-01-21 14:48:00,1,36.18,51.11,47.19
GBPJPY,WIDE_RANGE,2026-01-21 14:49:00,2026-01-21 14:50:00,2,28.88,58.03,42.38
GBPJPY,TRANSITION,2026-01-21 14:51:00,2026-01-21 16:19:00,89,26.76,36.88,51.43
GBPJPY,TIGHT_RANGE,2026-01-21 16:20:00,2026-01-21 16:24:00,5,14.88,42.29,38.67
GBPJPY,LOW_LIQUIDITY,2026-01-21 16:25:00,2026-01-21 16:26:00,2,24.09,35.25,46.32
GBPJPY,TIGHT_RANGE,2026-01-21 16:27:00,2026-01-21 16:27:00,1,20.53,40.13,43.36
GBPJPY,LOW_LIQUIDITY,2026-01-21 16:28:00,2026-01-21 16:29:00,2,23.36,36.67,46.06
GBPJPY,TIGHT_RANGE,2026-01-21 16:30:00,2026-01-21 16:34:00,5,20.58,44.85,41.88
GBPJPY,TRANSITION,2026-01-21 16:35:00,2026-01-21 16:35:00,1,16.55,43.51,39.75
GBPJPY,TIGHT_RANGE,2026-01-21 16:36:00,2026-01-21 16:37:00,2,19.18,29.2,45.62
GBPJPY,TRANSITION,2026-01-21 16:38:00,2026-01-21 16:53:00,16,22.09,47.28,40.53
GBPJPY,TIGHT_RANGE,2026-01-21 16:54:00,2026-01-21 16:54:00,1,23.99,55.64,38.47
GBPJPY,TRANSITION,2026-01-21 16:55:00,2026-01-21 17:14:00,16,31.16,52.06,33.87
GBPJPY,WIDE_RANGE,2026-01-21 17:15:00,2026-01-21 17:18:00,4,26.72,62.06,25.19
GBPJPY,WHIPSAW,2026-01-21 17:19:00,2026-01-21 17:19:00,1,20.83,71.19,19.38
GBPJPY,WIDE_RANGE,2026-01-21 17:20:00,2026-01-21 17:20:00,1,24.64,60.74,24.68
GBPJPY,WHIPSAW,2026-01-21 17:21:00,2026-01-21 17:21:00,1,18.26,71.41,18.12
GBPJPY,WIDE_RANGE,2026-01-21 17:22:00,2026-01-21 17:25:00,4,24.44,60.0,24.84
GBPJPY,TRANSITION,2026-01-21 17:26:00,2026-01-21 17:29:00,4,29.06,52.26,29.6
GBPJPY,WIDE_RANGE,2026-01-21 17:30:00,2026-01-21 17:32:00,3,20.97,63.44,22.07
GBPJPY,WHIPSAW,2026-01-21 17:33:00,2026-01-21 17:33:00,1,15.7,70.66,17.2
GBPJPY,WIDE_RANGE,2026-01-21 17:34:00,2026-01-21 17:38:00,5,23.59,60.94,25.26
GBPJPY,TRANSITION,2026-01-21 17:39:00,2026-01-21 19:35:00,117,32.13,34.14,54.08
GBPJPY,WIDE_RANGE,2026-01-21 19:36:00,2026-01-21 19:41:00,6,23.12,42.4,50.22
GBPJPY,TRANSITION,2026-01-21 19:42:00,2026-01-21 19:54:00,13,34.34,31.6,59.05
GBPJPY,WIDE_RANGE,2026-01-21 19:55:00,2026-01-21 20:10:00,16,26.07,55.41,46.05
GBPJPY,TRANSITION,2026-01-21 20:11:00,2026-01-21 22:50:00,160,33.08,33.2,55.31
GBPJPY,STRONG_TREND_UP,2026-01-21 22:51:00,2026-01-21 22:52:00,2,66.95,24.56,73.16
GBPJPY,TRANSITION,2026-01-21 22:53:00,2026-01-22 01:07:00,135,32.74,37.16,52.66
GBPJPY,STRONG_TREND_UP,2026-01-22 01:08:00,2026-01-22 01:09:00,2,66.02,18.48,76.09
GBPJPY,TRANSITION,2026-01-22 01:10:00,2026-01-22 01:26:00,17,41.41,30.74,58.36
GBPJPY,WIDE_RANGE,2026-01-22 01:27:00,2026-01-22 01:32:00,6,29.75,51.21,44.2
GBPJPY,TRANSITION,2026-01-22 01:33:00,2026-01-22 01:35:00,3,33.92,45.73,48.02
GBPJPY,WIDE_RANGE,2026-01-22 01:36:00,2026-01-22 01:36:00,1,24.61,54.85,40.32
GBPJPY,TRANSITION,2026-01-22 01:37:00,2026-01-22 02:59:00,83,34.09,37.74,54.28
GBPJPY,WIDE_RANGE,2026-01-22 03:00:00,2026-01-22 03:00:00,1,24.48,46.88,49.25
GBPJPY,TRANSITION,2026-01-22 03:01:00,2026-01-22 03:01:00,1,33.16,33.38,57.7
GBPJPY,WIDE_RANGE,2026-01-22 03:02:00,2026-01-22 03:04:00,3,27.75,44.35,51.06
GBPJPY,TRANSITION,2026-01-22 03:05:00,2026-01-22 03:07:00,3,36.5,39.74,56.24
GBPJPY,WIDE_RANGE,2026-01-22 03:08:00,2026-01-22 03:08:00,1,32.29,46.6,51.79
GBPJPY,TRANSITION,2026-01-22 03:09:00,2026-01-22 03:13:00,5,35.33,41.18,54.72
GBPJPY,WIDE_RANGE,2026-01-22 03:14:00,2026-01-22 03:16:00,3,28.94,45.67,49.56
GBPJPY,TRANSITION,2026-01-22 03:17:00,2026-01-22 03:17:00,1,33.03,41.01,52.64
GBPJPY,WIDE_RANGE,2026-01-22 03:18:00,2026-01-22 03:19:00,2,30.91,40.89,51.49
GBPJPY,TRANSITION,2026-01-22 03:20:00,2026-01-22 06:33:00,194,34.08,35.49,53.89
GBPJPY,WIDE_RANGE,2026-01-22 06:34:00,2026-01-22 06:46:00,13,26.71,55.85,42.18
GBPJPY,TRANSITION,2026-01-22 06:47:00,2026-01-22 07:22:00,36,29.79,41.0,51.39
GBPJPY,LOW_LIQUIDITY,2026-01-22 07:23:00,2026-01-22 07:25:00,3,38.54,30.04,56.98
GBPJPY,TRANSITION,2026-01-22 07:26:00,2026-01-22 07:27:00,2,36.81,28.43,56.52
GBPJPY,LOW_LIQUIDITY,2026-01-22 07:28:00,2026-01-22 07:28:00,1,33.85,30.69,54.2
GBPJPY,TIGHT_RANGE,2026-01-22 07:29:00,2026-01-22 07:30:00,2,26.82,39.02,48.11
GBPJPY,TRANSITION,2026-01-22 07:31:00,2026-01-22 08:37:00,67,30.15,37.62,52.04
GBPJPY,WIDE_RANGE,2026-01-22 08:38:00,2026-01-22 08:53:00,16,24.1,45.08,45.58
GBPJPY,TRANSITION,2026-01-22 08:54:00,2026-01-22 11:48:00,175,30.91,33.86,54.17
GBPJPY,TIGHT_RANGE,2026-01-22 11:49:00,2026-01-22 11:53:00,5,19.53,48.35,43.05
GBPJPY,TRANSITION,2026-01-22 11:54:00,2026-01-22 11:54:00,1,22.04,38.04,46.36
GBPJPY,TIGHT_RANGE,2026-01-22 11:55:00,2026-01-22 11:57:00,3,21.56,41.65,44.61
GBPJPY,TRANSITION,2026-01-22 11:58:00,2026-01-22 13:31:00,94,28.73,35.94,51.05
GBPJPY,LOW_LIQUIDITY,2026-01-22 13:32:00,2026-01-22 13:32:00,1,52.54,17.03,71.57
GBPJPY,TRANSITION,2026-01-22 13:33:00,2026-01-22 13:33:00,1,47.23,20.71,67.88
GBPJPY,LOW_LIQUIDITY,2026-01-22 13:34:00,2026-01-22 13:34:00,1,44.93,21.56,66.12
GBPJPY,TRANSITION,2026-01-22 13:35:00,2026-01-22 13:37:00,3,26.72,28.58,54.97
GBPJPY,TIGHT_RANGE,2026-01-22 13:38:00,2026-01-22 13:41:00,4,14.14,39.66,45.24
GBPJPY,TRANSITION,2026-01-22 13:42:00,2026-01-22 13:46:00,5,23.49,32.28,51.38
GBPJPY,LOW_LIQUIDITY,2026-01-22 13:47:00,2026-01-22 13:48:00,2,35.54,30.15,56.7
GBPJPY,TRANSITION,2026-01-22 13:49:00,2026-01-22 16:05:00,137,28.54,39.21,50.74
GBPJPY,STRONG_TREND_UP,2026-01-22 16:06:00,2026-01-22 16:06:00,1,69.45,25.75,71.59
GBPJPY,TRANSITION,2026-01-22 16:07:00,2026-01-22 17:05:00,54,30.93,41.19,47.98
GBPJPY,WIDE_RANGE,2026-01-22 17:06:00,2026-01-22 17:06:00,1,29.3,66.65,24.82
GBPJPY,TRANSITION,2026-01-22 17:07:00,2026-01-22 17:14:00,8,41.75,54.31,34.74
GBPJPY,WIDE_RANGE,2026-01-22 17:15:00,2026-01-22 17:19:00,5,39.14,66.56,29.37
GBPJPY,TRANSITION,2026-01-22 17:20:00,2026-01-22 17:21:00,2,38.55,60.67,31.1
GBPJPY,WIDE_RANGE,2026-01-22 17:22:00,2026-01-22 17:22:00,1,35.68,64.34,28.54
GBPJPY,WHIPSAW,2026-01-22 17:23:00,2026-01-22 17:25:00,3,27.49,72.52,21.99
GBPJPY,TRANSITION,2026-01-22 17:26:00,2026-01-22 17:28:00,3,29.37,55.9,28.51
GBPJPY,WIDE_RANGE,2026-01-22 17:29:00,2026-01-22 17:30:00,2,26.23,60.55,25.48
GBPJPY,TRANSITION,2026-01-22 17:31:00,2026-01-22 19:01:00,91,33.26,38.22,50.7
GBPJPY,WIDE_RANGE,2026-01-22 19:02:00,2026-01-22 19:19:00,18,27.81,48.58,50.27
GBPJPY,TRANSITION,2026-01-22 19:20:00,2026-01-22 19:54:00,35,30.22,34.34,56.23
GBPJPY,WIDE_RANGE,2026-01-22 19:55:00,2026-01-22 20:13:00,19,26.07,47.01,47.86
GBPJPY,TRANSITION,2026-01-22 20:14:00,2026-01-22 22:08:00,115,31.66,34.01,52.25
GBPJPY,WIDE_RANGE,2026-01-22 22:09:00,2026-01-22 22:11:00,3,27.04,59.03,39.06
GBPJPY,TRANSITION,2026-01-22 22:12:00,2026-01-22 22:14:00,3,36.91,44.21,49.05
GBPJPY,WIDE_RANGE,2026-01-22 22:15:00,2026-01-22 22:20:00,6,29.11,47.59,44.49
GBPJPY,TRANSITION,2026-01-22 22:21:00,2026-01-22 22:21:00,1,34.3,37.97,51.37
GBPJPY,WIDE_RANGE,2026-01-22 22:22:00,2026-01-22 22:28:00,7,27.96,46.18,45.3
GBPJPY,TRANSITION,2026-01-22 22:29:00,2026-01-22 23:26:00,58,26.64,34.36,52.34
GBPJPY,TIGHT_RANGE,2026-01-22 23:27:00,2026-01-22 23:30:00,4,22.23,34.87,51.84
GBPJPY,LOW_LIQUIDITY,2026-01-22 23:31:00,2026-01-22 23:44:00,14,33.65,28.64,59.16
GBPJPY,TIGHT_RANGE,2026-01-22 23:45:00,2026-01-22 23:50:00,6,16.97,41.41,46.68
GBPJPY,LOW_LIQUIDITY,2026-01-22 23:51:00,2026-01-22 23:51:00,1,26.6,27.95,55.89
GBPJPY,TIGHT_RANGE,2026-01-22 23:52:00,2026-01-22 23:53:00,2,23.22,38.1,50.52
GBPJPY,TRANSITION,2026-01-22 23:54:00,2026-01-23 01:34:00,101,31.51,36.76,52.6
GBPJPY,WIDE_RANGE,2026-01-23 01:35:00,2026-01-23 01:38:00,4,21.97,58.03,39.3
GBPJPY,TRANSITION,2026-01-23 01:39:00,2026-01-23 01:40:00,2,44.98,43.2,55.5
GBPJPY,WIDE_RANGE,2026-01-23 01:41:00,2026-01-23 01:41:00,1,40.69,52.73,50.52
GBPJPY,TRANSITION,2026-01-23 01:42:00,2026-01-23 01:42:00,1,44.27,50.15,53.22
GBPJPY,WIDE_RANGE,2026-01-23 01:43:00,2026-01-23 01:45:00,3,38.1,58.33,47.28
GBPJPY,TRANSITION,2026-01-23 01:46:00,2026-01-23 01:52:00,7,48.53,52.0,54.58
GBPJPY,WIDE_RANGE,2026-01-23 01:53:00,2026-01-23 01:53:00,1,35.7,58.73,46.3
GBPJPY,TRANSITION,2026-01-23 01:54:00,2026-01-23 01:58:00,5,43.84,52.85,51.44
GBPJPY,WIDE_RANGE,2026-01-23 01:59:00,2026-01-23 01:59:00,1,33.84,60.98,43.59
GBPJPY,TRANSITION,2026-01-23 02:00:00,2026-01-23 02:03:00,4,45.38,50.83,52.09
GBPJPY,WIDE_RANGE,2026-01-23 02:04:00,2026-01-23 02:12:00,9,29.97,61.12,42.09
GBPJPY,TRANSITION,2026-01-23 02:13:00,2026-01-23 02:14:00,2,35.01,50.32,49.57
GBPJPY,WIDE_RANGE,2026-01-23 02:15:00,2026-01-23 02:15:00,1,26.3,59.12,43.1
GBPJPY,TRANSITION,2026-01-23 02:16:00,2026-01-23 02:34:00,19,49.44,27.68,66.5
GBPJPY,STRONG_TREND_UP,2026-01-23 02:35:00,2026-01-23 02:37:00,3,67.13,10.85,81.19
GBPJPY,TRANSITION,2026-01-23 02:38:00,2026-01-23 03:02:00,25,44.61,43.47,54.61
GBPJPY,WHIPSAW,2026-01-23 03:03:00,2026-01-23 03:03:00,1,26.43,73.4,30.68
GBPJPY,TRANSITION,2026-01-23 03:04:00,2026-01-23 03:05:00,2,47.81,47.05,51.47
GBPJPY,WIDE_RANGE,2026-01-23 03:06:00,2026-01-23 03:09:00,4,30.26,54.11,42.56
GBPJPY,TRANSITION,2026-01-23 03:10:00,2026-01-23 03:28:00,19,25.45,42.2,47.79
GBPJPY,TIGHT_RANGE,2026-01-23 03:29:00,2026-01-23 03:35:00,7,25.45,39.93,50.4
GBPJPY,LOW_LIQUIDITY,2026-01-23 03:36:00,2026-01-23 03:42:00,7,32.72,31.25,57.48
GBPJPY,TIGHT_RANGE,2026-01-23 03:43:00,2026-01-23 03:50:00,8,17.91,37.9,47.97
GBPJPY,LOW_LIQUIDITY,2026-01-23 03:51:00,2026-01-23 04:11:00,21,32.94,24.87,58.54
GBPJPY,TIGHT_RANGE,2026-01-23 04:12:00,2026-01-23 04:12:00,1,22.69,39.64,48.18
GBPJPY,LOW_LIQUIDITY,2026-01-23 04:13:00,2026-01-23 04:14:00,2,29.62,30.52,54.16
GBPJPY,TRANSITION,2026-01-23 04:15:00,2026-01-23 04:18:00,4,25.57,37.91,49.49
GBPJPY,TIGHT_RANGE,2026-01-23 04:19:00,2026-01-23 04:19:00,1,25.56,39.13,48.85
GBPJPY,TRANSITION,2026-01-23 04:20:00,2026-01-23 04:23:00,4,22.95,36.63,48.35
GBPJPY,TIGHT_RANGE,2026-01-23 04:24:00,2026-01-23 04:29:00,6,18.85,47.41,42.81
GBPJPY,LOW_LIQUIDITY,2026-01-23 04:30:00,2026-01-23 04:43:00,14,38.25,33.86,56.77
GBPJPY,TRANSITION,2026-01-23 04:44:00,2026-01-23 05:25:00,42,38.12,25.66,60.88
GBPJPY,TIGHT_RANGE,2026-01-23 05:26:00,2026-01-23 05:29:00,4,20.62,40.46,49.41
GBPJPY,LOW_LIQUIDITY,2026-01-23 05:30:00,2026-01-23 05:32:00,3,38.35,30.44,60.75
GBPJPY,TRANSITION,2026-01-23 05:33:00,2026-01-23 05:33:00,1,39.8,31.55,60.78
GBPJPY,LOW_LIQUIDITY,2026-01-23 05:34:00,2026-01-23 05:34:00,1,48.16,24.64,66.67
GBPJPY,TRANSITION,2026-01-23 05:35:00,2026-01-23 05:35:00,1,53.89,21.05,70.58
GBPJPY,LOW_LIQUIDITY,2026-01-23 05:36:00,2026-01-23 05:48:00,13,34.37,29.33,57.89
GBPJPY,TIGHT_RANGE,2026-01-23 05:49:00,2026-01-23 05:53:00,5,17.85,41.89,45.54
GBPJPY,LOW_LIQUIDITY,2026-01-23 05:54:00,2026-01-23 05:55:00,2,27.36,31.37,53.51
GBPJPY,TRANSITION,2026-01-23 05:56:00,2026-01-23 05:57:00,2,30.45,33.39,54.55
GBPJPY,TIGHT_RANGE,2026-01-23 05:58:00,2026-01-23 05:58:00,1,23.69,41.01,49.03
GBPJPY,TRANSITION,2026-01-23 05:59:00,2026-01-23 07:29:00,91,33.57,35.76,55.05
GBPJPY,LOW_LIQUIDITY,2026-01-23 07:30:00,2026-01-23 07:32:00,3,36.4,21.69,60.44
GBPJPY,TRANSITION,2026-01-23 07:33:00,2026-01-23 09:45:00,133,27.86,35.98,51.92
GBPJPY,WIDE_RANGE,2026-01-23 09:46:00,2026-01-23 09:49:00,4,28.49,41.96,48.97
GBPJPY,TRANSITION,2026-01-23 09:50:00,2026-01-23 10:31:00,42,36.9,40.95,51.38
GBPJPY,STRONG_TREND_UP,2026-01-23 10:32:00,2026-01-23 10:32:00,1,66.86,11.89,75.64
GBPJPY,TRANSITION,2026-01-23 10:33:00,2026-01-23 10:34:00,2,63.75,12.0,74.53
GBPJPY,STRONG_TREND_UP,2026-01-23 10:35:00,2026-01-23 10:35:00,1,73.48,8.58,80.3
GBPJPY,TRANSITION,2026-01-23 10:36:00,2026-01-23 11:19:00,44,30.13,37.96,50.68
GBPJPY,WIDE_RANGE,2026-01-23 11:20:00,2026-01-23 11:20:00,1,21.52,43.79,46.75
GBPJPY,TRANSITION,2026-01-23 11:21:00,2026-01-23 11:21:00,1,26.85,45.0,48.61
GBPJPY,WIDE_RANGE,2026-01-23 11:22:00,2026-01-23 11:22:00,1,25.08,51.59,45.44
GBPJPY,TRANSITION,2026-01-23 11:23:00,2026-01-23 11:24:00,2,32.12,52.62,48.22
GBPJPY,WIDE_RANGE,2026-01-23 11:25:00,2026-01-23 11:25:00,1,33.9,54.24,48.53
GBPJPY,TRANSITION,2026-01-23 11:26:00,2026-01-23 11:40:00,15,48.44,52.35,53.36
GBPJPY,WIDE_RANGE,2026-01-23 11:41:00,2026-01-23 11:41:00,1,35.64,61.17,42.73
GBPJPY,TRANSITION,2026-01-23 11:42:00,2026-01-23 11:45:00,4,42.57,55.85,47.12
GBPJPY,WIDE_RANGE,2026-01-23 11:46:00,2026-01-23 11:47:00,2,30.88,60.21,39.72
GBPJPY,TRANSITION,2026-01-23 11:48:00,2026-01-23 11:48:00,1,33.22,51.02,44.23
GBPJPY,WIDE_RANGE,2026-01-23 11:49:00,2026-01-23 11:49:00,1,30.5,51.78,42.63
GBPJPY,TRANSITION,2026-01-23 11:50:00,2026-01-23 11:50:00,1,36.01,40.42,49.16
GBPJPY,WIDE_RANGE,2026-01-23 11:51:00,2026-01-23 11:51:00,1,30.53,44.8,45.39
GBPJPY,TRANSITION,2026-01-23 11:52:00,2026-01-23 11:52:00,1,30.88,42.46,46.66
GBPJPY,WIDE_RANGE,2026-01-23 11:53:00,2026-01-23 11:56:00,4,29.14,54.97,41.53
GBPJPY,TRANSITION,2026-01-23 11:57:00,2026-01-23 11:58:00,2,42.32,38.0,53.29
GBPJPY,WIDE_RANGE,2026-01-23 11:59:00,2026-01-23 11:59:00,1,26.34,50.5,41.54
GBPJPY,TRANSITION,2026-01-23 12:00:00,2026-01-23 12:02:00,3,22.25,56.65,37.93
GBPJPY,WIDE_RANGE,2026-01-23 12:03:00,2026-01-23 12:07:00,5,25.24,50.53,42.36
GBPJPY,TRANSITION,2026-01-23 12:08:00,2026-01-23 12:35:00,28,49.96,38.63,58.59
GBPJPY,WIDE_RANGE,2026-01-23 12:36:00,2026-01-23 12:39:00,4,35.72,55.55,44.57
GBPJPY,TRANSITION,2026-01-23 12:40:00,2026-01-23 12:40:00,1,37.43,41.75,50.14
GBPJPY,WIDE_RANGE,2026-01-23 12:41:00,2026-01-23 12:41:00,1,31.08,52.8,43.49
GBPJPY,TRANSITION,2026-01-23 12:42:00,2026-01-23 12:42:00,1,34.16,43.58,48.03
GBPJPY,WIDE_RANGE,2026-01-23 12:43:00,2026-01-23 12:53:00,11,28.0,52.9,42.51
GBPJPY,TRANSITION,2026-01-23 12:54:00,2026-01-23 12:54:00,1,35.21,28.36,54.36
GBPJPY,WIDE_RANGE,2026-01-23 12:55:00,2026-01-23 12:55:00,1,29.79,38.63,48.64
GBPJPY,TRANSITION,2026-01-23 12:56:00,2026-01-23 12:58:00,3,31.71,32.53,52.27
GBPJPY,WIDE_RANGE,2026-01-23 12:59:00,2026-01-23 12:59:00,1,32.3,33.99,52.24
GBPJPY,TRANSITION,2026-01-23 13:00:00,2026-01-23 13:52:00,53,28.54,38.72,49.38
GBPJPY,TIGHT_RANGE,2026-01-23 13:53:00,2026-01-23 13:59:00,7,17.66,45.05,46.05
GBPJPY,LOW_LIQUIDITY,2026-01-23 14:00:00,2026-01-23 14:00:00,1,26.36,20.73,58.93
GBPJPY,TIGHT_RANGE,2026-01-23 14:01:00,2026-01-23 14:12:00,12,17.95,39.8,48.72
GBPJPY,LOW_LIQUIDITY,2026-01-23 14:13:00,2026-01-23 14:20:00,8,26.18,24.14,57.84
GBPJPY,TIGHT_RANGE,2026-01-23 14:21:00,2026-01-23 14:21:00,1,19.72,44.77,47.85
GBPJPY,LOW_LIQUIDITY,2026-01-23 14:22:00,2026-01-23 14:27:00,6,39.35,23.28,64.19
GBPJPY,TIGHT_RANGE,2026-01-23 14:28:00,2026-01-23 14:31:00,4,23.0,34.61,52.81
GBPJPY,LOW_LIQUIDITY,2026-01-23 14:32:00,2026-01-23 14:34:00,3,31.46,29.05,58.32
GBPJPY,TRANSITION,2026-01-23 14:35:00,2026-01-23 14:41:00,7,22.84,35.65,51.55
GBPJPY,TIGHT_RANGE,2026-01-23 14:42:00,2026-01-23 14:42:00,1,24.42,38.92,51.06
GBPJPY,LOW_LIQUIDITY,2026-01-23 14:43:00,2026-01-23 14:52:00,10,37.86,25.67,61.8
GBPJPY,TRANSITION,2026-01-23 14:53:00,2026-01-25 17:33:00,157,27.36,44.49,42.21
GBPJPY,LOW_LIQUIDITY,2026-01-25 17:34:00,2026-01-25 17:35:00,2,36.22,43.83,35.76
GBPJPY,TRANSITION,2026-01-25 17:36:00,2026-01-25 17:55:00,20,51.06,41.82,43.82
GBPJPY,WIDE_RANGE,2026-01-25 17:56:00,2026-01-25 17:57:00,2,30.72,69.17,26.78
GBPJPY,WHIPSAW,2026-01-25 17:58:00,2026-01-25 18:02:00,5,28.63,75.13,25.67
GBPJPY,TRANSITION,2026-01-25 18:03:00,2026-01-25 18:04:00,2,42.89,60.84,40.23
GBPJPY,WIDE_RANGE,2026-01-25 18:05:00,2026-01-25 18:05:00,1,29.71,68.37,32.93
GBPJPY,TRANSITION,2026-01-25 18:06:00,2026-01-25 18:07:00,2,36.05,61.65,39.84
GBPJPY,WIDE_RANGE,2026-01-25 18:08:00,2026-01-25 18:08:00,1,32.35,64.26,38.99
GBPJPY,TRANSITION,2026-01-25 18:09:00,2026-01-25 18:14:00,6,38.64,47.55,50.97
GBPJPY,WIDE_RANGE,2026-01-25 18:15:00,2026-01-25 18:21:00,7,29.53,41.73,53.32
GBPJPY,TRANSITION,2026-01-25 18:22:00,2026-01-25 22:53:00,272,29.75,34.53,54.28
GBPJPY,TIGHT_RANGE,2026-01-25 22:54:00,2026-01-25 22:56:00,3,20.21,45.48,44.11
GBPJPY,LOW_LIQUIDITY,2026-01-25 22:57:00,2026-01-25 22:57:00,1,27.47,26.99,53.83
GBPJPY,TIGHT_RANGE,2026-01-25 22:58:00,2026-01-25 23:03:00,6,22.83,37.04,49.11
GBPJPY,TRANSITION,2026-01-25 23:04:00,2026-01-25 23:04:00,1,27.71,30.44,54.34
GBPJPY,LOW_LIQUIDITY,2026-01-25 23:05:00,2026-01-25 23:05:00,1,30.44,31.41,55.42
GBPJPY,TRANSITION,2026-01-25 23:06:00,2026-01-26 00:52:00,107,29.1,38.94,50.8
GBPJPY,LOW_LIQUIDITY,2026-01-26 00:53:00,2026-01-26 00:53:00,1,34.0,36.68,53.29
GBPJPY,TRANSITION,2026-01-26 00:54:00,2026-01-26 01:08:00,15,43.17,29.76,59.98
GBPJPY,STRONG_TREND_UP,2026-01-26 01:09:00,2026-01-26 01:15:00,7,69.89,18.58,76.31
GBPJPY,TRANSITION,2026-01-26 01:16:00,2026-01-26 02:41:00,86,32.26,37.99,52.8
GBPJPY,WIDE_RANGE,2026-01-26 02:42:00,2026-01-26 02:42:00,1,30.8,41.17,54.17
GBPJPY,TRANSITION,2026-01-26 02:43:00,2026-01-26 02:52:00,10,40.01,24.88,63.85
GBPJPY,WIDE_RANGE,2026-01-26 02:53:00,2026-01-26 02:55:00,3,31.43,35.52,55.79
GBPJPY,TRANSITION,2026-01-26 02:56:00,2026-01-26 02:56:00,1,41.57,27.69,62.79
GBPJPY,WIDE_RANGE,2026-01-26 02:57:00,2026-01-26 02:59:00,3,32.28,32.37,56.73
GBPJPY,TRANSITION,2026-01-26 03:00:00,2026-01-26 03:00:00,1,41.44,28.64,62.0
GBPJPY,WIDE_RANGE,2026-01-26 03:01:00,2026-01-26 03:14:00,14,24.79,43.13,47.31
GBPJPY,TRANSITION,2026-01-26 03:15:00,2026-01-26 03:17:00,3,31.9,44.41,48.61
GBPJPY,WIDE_RANGE,2026-01-26 03:18:00,2026-01-26 03:18:00,1,31.77,45.21,48.37
GBPJPY,TRANSITION,2026-01-26 03:19:00,2026-01-26 03:37:00,19,37.27,32.01,56.45
GBPJPY,WIDE_RANGE,2026-01-26 03:38:00,2026-01-26 03:49:00,12,30.19,53.87,45.15
GBPJPY,TRANSITION,2026-01-26 03:50:00,2026-01-26 03:51:00,2,36.31,51.2,47.89
GBPJPY,WIDE_RANGE,2026-01-26 03:52:00,2026-01-26 03:52:00,1,30.78,51.19,45.04
GBPJPY,TRANSITION,2026-01-26 03:53:00,2026-01-26 05:27:00,95,31.15,35.04,53.94
GBPJPY,LOW_LIQUIDITY,2026-01-26 05:28:00,2026-01-26 05:28:00,1,23.07,35.53,49.52
GBPJPY,TRANSITION,2026-01-26 05:29:00,2026-01-26 05:30:00,2,24.63,42.3,47.83
GBPJPY,LOW_LIQUIDITY,2026-01-26 05:31:00,2026-01-26 05:31:00,1,34.42,35.55,54.71
GBPJPY,TIGHT_RANGE,2026-01-26 05:32:00,2026-01-26 05:32:00,1,31.84,37.88,52.75
GBPJPY,LOW_LIQUIDITY,2026-01-26 05:33:00,2026-01-26 05:33:00,1,32.46,38.87,52.57
GBPJPY,TIGHT_RANGE,2026-01-26 05:34:00,2026-01-26 05:34:00,1,29.12,38.54,50.88
GBPJPY,TRANSITION,2026-01-26 05:35:00,2026-01-26 11:05:00,331,28.77,38.14,50.86
GBPJPY,STRONG_TREND_UP,2026-01-26 11:06:00,2026-01-26 11:08:00,3,67.16,19.56,74.59
GBPJPY,TRANSITION,2026-01-26 11:09:00,2026-01-26 14:54:00,226,32.49,34.09,54.26
GBPJPY,WIDE_RANGE,2026-01-26 14:55:00,2026-01-26 14:58:00,4,28.77,45.36,46.27
GBPJPY,TRANSITION,2026-01-26 14:59:00,2026-01-26 15:01:00,3,41.92,39.52,54.85
GBPJPY,WIDE_RANGE,2026-01-26 15:02:00,2026-01-26 15:11:00,10,30.8,56.6,44.26
GBPJPY,TRANSITION,2026-01-26 15:12:00,2026-01-26 15:14:00,3,33.84,43.97,50.58
GBPJPY,WIDE_RANGE,2026-01-26 15:15:00,2026-01-26 15:16:00,2,31.88,47.91,48.11
GBPJPY,TRANSITION,2026-01-26 15:17:00,2026-01-26 15:17:00,1,37.14,39.67,53.15
GBPJPY,WIDE_RANGE,2026-01-26 15:18:00,2026-01-26 15:21:00,4,27.71,52.25,44.48
GBPJPY,TRANSITION,2026-01-26 15:22:00,2026-01-26 15:36:00,15,29.26,34.39,52.6
GBPJPY,LOW_LIQUIDITY,2026-01-26 15:37:00,2026-01-26 15:42:00,6,40.28,19.51,62.01
GBPJPY,TRANSITION,2026-01-26 15:43:00,2026-01-26 15:43:00,1,46.74,13.43,65.5
GBPJPY,LOW_LIQUIDITY,2026-01-26 15:44:00,2026-01-26 15:44:00,1,39.67,19.05,60.27
GBPJPY,TRANSITION,2026-01-26 15:45:00,2026-01-26 15:47:00,3,40.86,18.93,60.42
GBPJPY,LOW_LIQUIDITY,2026-01-26 15:48:00,2026-01-26 15:48:00,1,34.24,22.71,55.77
GBPJPY,TRANSITION,2026-01-26 15:49:00,2026-01-26 15:49:00,1,35.74,24.4,55.95
GBPJPY,LOW_LIQUIDITY,2026-01-26 15:50:00,2026-01-26 15:50:00,1,30.16,34.12,49.89
GBPJPY,TRANSITION,2026-01-26 15:51:00,2026-01-26 15:51:00,1,24.7,38.53,45.79
GBPJPY,LOW_LIQUIDITY,2026-01-26 15:52:00,2026-01-26 15:52:00,1,27.86,34.95,48.34
GBPJPY,TRANSITION,2026-01-26 15:53:00,2026-01-26 16:28:00,36,26.93,37.43,46.52
GBPJPY,TIGHT_RANGE,2026-01-26 16:29:00,2026-01-26 16:36:00,8,18.76,46.91,42.49
GBPJPY,LOW_LIQUIDITY,2026-01-26 16:37:00,2026-01-26 16:37:00,1,26.69,39.34,49.89
GBPJPY,TIGHT_RANGE,2026-01-26 16:38:00,2026-01-26 16:46:00,9,22.85,42.04,48.27
GBPJPY,LOW_LIQUIDITY,2026-01-26 16:47:00,2026-01-26 16:51:00,5,32.3,28.68,57.03
GBPJPY,TIGHT_RANGE,2026-01-26 16:52:00,2026-01-26 16:54:00,3,22.76,40.05,47.99
GBPJPY,TRANSITION,2026-01-26 16:55:00,2026-01-26 17:14:00,16,27.39,51.89,33.12
GBPJPY,WIDE_RANGE,2026-01-26 17:15:00,2026-01-26 17:17:00,3,24.65,58.83,25.34
GBPJPY,TRANSITION,2026-01-26 17:18:00,2026-01-26 17:18:00,1,23.0,47.21,28.53
GBPJPY,WIDE_RANGE,2026-01-26 17:19:00,2026-01-26 17:21:00,3,21.39,51.07,26.48
GBPJPY,TRANSITION,2026-01-26 17:22:00,2026-01-26 17:58:00,37,24.51,55.84,27.9
GBPJPY,WIDE_RANGE,2026-01-26 17:59:00,2026-01-26 17:59:00,1,31.71,53.4,38.8
GBPJPY,TRANSITION,2026-01-26 18:00:00,2026-01-26 18:00:00,1,35.37,50.39,42.42
GBPJPY,WIDE_RANGE,2026-01-26 18:01:00,2026-01-26 18:11:00,11,27.93,53.58,43.71
GBPJPY,TRANSITION,2026-01-26 18:12:00,2026-01-26 18:40:00,29,25.93,37.3,53.25
GBPJPY,TIGHT_RANGE,2026-01-26 18:41:00,2026-01-26 18:41:00,1,26.59,40.78,52.37
GBPJPY,TRANSITION,2026-01-26 18:42:00,2026-01-26 18:42:00,1,18.23,50.35,45.26
GBPJPY,TIGHT_RANGE,2026-01-26 18:43:00,2026-01-26 18:44:00,2,26.1,38.4,52.95
GBPJPY,TRANSITION,2026-01-26 18:45:00,2026-01-26 18:48:00,4,57.86,22.77,72.88
GBPJPY,STRONG_TREND_UP,2026-01-26 18:49:00,2026-01-26 18:50:00,2,72.35,19.18,80.76
GBPJPY,TRANSITION,2026-01-26 18:51:00,2026-01-26 19:01:00,11,51.53,23.37,69.76
GBPJPY,WIDE_RANGE,2026-01-26 19:02:00,2026-01-26 19:08:00,7,29.16,40.13,53.77
GBPJPY,TRANSITION,2026-01-26 19:09:00,2026-01-26 20:05:00,57,32.67,36.4,56.58
GBPJPY,WIDE_RANGE,2026-01-26 20:06:00,2026-01-26 20:07:00,2,30.22,51.36,48.57
GBPJPY,TRANSITION,2026-01-26 20:08:00,2026-01-26 21:22:00,75,31.12,32.56,54.77
GBPJPY,LOW_LIQUIDITY,2026-01-26 21:23:00,2026-01-26 21:24:00,2,52.01,21.06,67.38
GBPJPY,TRANSITION,2026-01-26 21:25:00,2026-01-27 02:03:00,279,30.05,36.63,52.03
GBPJPY,WIDE_RANGE,2026-01-27 02:04:00,2026-01-27 02:04:00,1,25.41,49.96,44.78
GBPJPY,TRANSITION,2026-01-27 02:05:00,2026-01-27 02:10:00,6,31.69,42.27,50.15
GBPJPY,WIDE_RANGE,2026-01-27 02:11:00,2026-01-27 02:11:00,1,34.48,40.95,51.92
GBPJPY,TRANSITION,2026-01-27 02:12:00,2026-01-27 02:55:00,44,35.84,36.81,54.68
GBPJPY,WIDE_RANGE,2026-01-27 02:56:00,2026-01-27 03:08:00,13,21.3,52.0,43.83
GBPJPY,TRANSITION,2026-01-27 03:09:00,2026-01-27 03:10:00,2,34.57,43.3,51.68
GBPJPY,WIDE_RANGE,2026-01-27 03:11:00,2026-01-27 03:11:00,1,32.52,46.3,49.49
GBPJPY,TRANSITION,2026-01-27 03:12:00,2026-01-27 03:15:00,4,40.27,38.17,55.76
GBPJPY,WIDE_RANGE,2026-01-27 03:16:00,2026-01-27 03:19:00,4,26.41,50.67,45.0
GBPJPY,TRANSITION,2026-01-27 03:20:00,2026-01-27 05:04:00,105,29.66,40.09,51.04
GBPJPY,WIDE_RANGE,2026-01-27 05:05:00,2026-01-27 05:05:00,1,38.07,62.79,40.67
GBPJPY,TRANSITION,2026-01-27 05:06:00,2026-01-27 05:06:00,1,39.95,58.95,42.48
GBPJPY,WIDE_RANGE,2026-01-27 05:07:00,2026-01-27 05:11:00,5,36.65,62.21,38.59
GBPJPY,TRANSITION,2026-01-27 05:12:00,2026-01-27 05:12:00,1,51.75,47.97,50.24
GBPJPY,WIDE_RANGE,2026-01-27 05:13:00,2026-01-27 05:13:00,1,33.7,59.62,38.44
GBPJPY,TRANSITION,2026-01-27 05:14:00,2026-01-27 05:15:00,2,45.86,45.53,49.16
GBPJPY,WIDE_RANGE,2026-01-27 05:16:00,2026-01-27 05:24:00,9,34.93,45.0,44.72
GBPJPY,TRANSITION,2026-01-27 05:25:00,2026-01-27 06:18:00,54,26.27,45.2,44.38
GBPJPY,TIGHT_RANGE,2026-01-27 06:19:00,2026-01-27 06:42:00,24,18.61,43.17,45.47
GBPJPY,LOW_LIQUIDITY,2026-01-27 06:43:00,2026-01-27 06:50:00,8,31.83,24.04,60.47
GBPJPY,TIGHT_RANGE,2026-01-27 06:51:00,2026-01-27 06:51:00,1,20.03,32.4,52.2
GBPJPY,LOW_LIQUIDITY,2026-01-27 06:52:00,2026-01-27 06:53:00,2,32.19,21.37,61.54
GBPJPY,TIGHT_RANGE,2026-01-27 06:54:00,2026-01-27 06:56:00,3,19.74,35.85,50.89
GBPJPY,LOW_LIQUIDITY,2026-01-27 06:57:00,2026-01-27 06:57:00,1,29.38,23.68,59.46
GBPJPY,TRANSITION,2026-01-27 06:58:00,2026-01-27 08:47:00,110,25.83,42.16,49.07
GBPJPY,WIDE_RANGE,2026-01-27 08:48:00,2026-01-27 08:49:00,2,24.55,46.41,48.38
GBPJPY,TRANSITION,2026-01-27 08:50:00,2026-01-27 08:55:00,6,37.93,38.43,56.45
GBPJPY,WIDE_RANGE,2026-01-27 08:56:00,2026-01-27 09:05:00,10,30.35,46.29,47.64
GBPJPY,TRANSITION,2026-01-27 09:06:00,2026-01-27 09:47:00,42,32.75,38.6,52.28
GBPJPY,STRONG_TREND_UP,2026-01-27 09:48:00,2026-01-27 09:54:00,7,69.2,20.61,76.56
GBPJPY,TRANSITION,2026-01-27 09:55:00,2026-01-27 11:29:00,95,29.23,34.15,53.93
GBPJPY,TIGHT_RANGE,2026-01-27 11:30:00,2026-01-27 11:30:00,1,16.29,56.01,39.64
GBPJPY,TRANSITION,2026-01-27 11:31:00,2026-01-27 12:55:00,85,34.81,33.38,56.0
GBPJPY,WIDE_RANGE,2026-01-27 12:56:00,2026-01-27 13:01:00,6,25.65,61.34,38.57
GBPJPY,TRANSITION,2026-01-27 13:02:00,2026-01-27 14:13:00,72,24.38,42.97,45.68
GBPJPY,TIGHT_RANGE,2026-01-27 14:14:00,2026-01-27 14:16:00,3,19.08,46.53,42.78
GBPJPY,LOW_LIQUIDITY,2026-01-27 14:17:00,2026-01-27 14:18:00,2,27.47,31.55,52.03
GBPJPY,TIGHT_RANGE,2026-01-27 14:19:00,2026-01-27 14:29:00,11,20.29,40.7,46.72
GBPJPY,LOW_LIQUIDITY,2026-01-27 14:30:00,2026-01-27 14:31:00,2,29.17,30.13,54.27
GBPJPY,TIGHT_RANGE,2026-01-27 14:32:00,2026-01-27 14:36:00,5,22.7,37.77,48.52
GBPJPY,TRANSITION,2026-01-27 14:37:00,2026-01-27 15:38:00,62,25.2,35.81,51.27
GBPJPY,WIDE_RANGE,2026-01-27 15:39:00,2026-01-27 15:39:00,1,35.19,40.82,53.3
GBPJPY,TRANSITION,2026-01-27 15:40:00,2026-01-27 15:43:00,4,36.75,38.46,54.66
GBPJPY,WIDE_RANGE,2026-01-27 15:44:00,2026-01-27 15:47:00,4,25.28,53.3,42.9
GBPJPY,TRANSITION,2026-01-27 15:48:00,2026-01-27 15:50:00,3,51.13,47.57,54.31
GBPJPY,WIDE_RANGE,2026-01-27 15:51:00,2026-01-27 15:52:00,2,37.91,59.39,42.55
GBPJPY,TRANSITION,2026-01-27 15:53:00,2026-01-27 15:53:00,1,43.7,49.87,47.81
GBPJPY,WIDE_RANGE,2026-01-27 15:54:00,2026-01-27 15:56:00,3,37.29,60.51,40.71
GBPJPY,TRANSITION,2026-01-27 15:57:00,2026-01-27 15:57:00,1,42.21,56.49,44.37
GBPJPY,WIDE_RANGE,2026-01-27 15:58:00,2026-01-27 16:03:00,6,37.3,61.31,39.3
GBPJPY,TRANSITION,2026-01-27 16:04:00,2026-01-27 16:06:00,3,40.26,58.28,39.8
GBPJPY,WIDE_RANGE,2026-01-27 16:07:00,2026-01-27 16:07:00,1,32.77,64.5,33.4
GBPJPY,WHIPSAW,2026-01-27 16:08:00,2026-01-27 16:09:00,2,26.31,74.61,26.81
GBPJPY,WIDE_RANGE,2026-01-27 16:10:00,2026-01-27 16:13:00,4,32.22,60.85,34.05
GBPJPY,TRANSITION,2026-01-27 16:14:00,2026-01-27 17:17:00,54,29.58,43.08,42.48
GBPJPY,LOW_LIQUIDITY,2026-01-27 17:18:00,2026-01-27 17:22:00,5,29.89,57.03,28.36
GBPJPY,TIGHT_RANGE,2026-01-27 17:23:00,2026-01-27 17:23:00,1,25.06,58.54,25.63
GBPJPY,LOW_LIQUIDITY,2026-01-27 17:24:00,2026-01-27 17:24:00,1,26.02,55.59,27.07
GBPJPY,TIGHT_RANGE,2026-01-27 17:25:00,2026-01-27 17:32:00,8,17.92,57.36,22.74
GBPJPY,LOW_LIQUIDITY,2026-01-27 17:33:00,2026-01-27 17:36:00,4,40.17,37.68,39.66
GBPJPY,TRANSITION,2026-01-27 17:37:00,2026-01-27 19:02:00,86,28.03,39.62,48.39
GBPJPY,WIDE_RANGE,2026-01-27 19:03:00,2026-01-27 19:04:00,2,33.62,51.64,51.91
GBPJPY,TRANSITION,2026-01-27 19:05:00,2026-01-27 19:05:00,1,42.07,46.66,57.49
GBPJPY,WIDE_RANGE,2026-01-27 19:06:00,2026-01-27 19:12:00,7,30.74,48.74,51.57
GBPJPY,TRANSITION,2026-01-27 19:13:00,2026-01-27 19:16:00,4,44.0,34.11,62.65
GBPJPY,WIDE_RANGE,2026-01-27 19:17:00,2026-01-27 19:21:00,5,23.5,45.52,49.33
GBPJPY,TRANSITION,2026-01-27 19:22:00,2026-01-27 20:00:00,39,26.82,39.45,52.86
GBPJPY,WIDE_RANGE,2026-01-27 20:01:00,2026-01-27 20:02:00,2,26.27,52.78,45.8
GBPJPY,TRANSITION,2026-01-27 20:03:00,2026-01-27 20:05:00,3,32.76,41.99,51.6
GBPJPY,WIDE_RANGE,2026-01-27 20:06:00,2026-01-27 20:07:00,2,27.44,47.55,46.66
GBPJPY,TRANSITION,2026-01-27 20:08:00,2026-01-27 20:52:00,45,33.61,36.07,53.17
GBPJPY,TIGHT_RANGE,2026-01-27 20:53:00,2026-01-27 21:02:00,10,22.67,42.47,47.73
GBPJPY,TRANSITION,2026-01-27 21:03:00,2026-01-27 21:41:00,39,26.69,37.63,52.0
GBPJPY,TIGHT_RANGE,2026-01-27 21:42:00,2026-01-27 21:44:00,3,22.34,41.97,47.88
GBPJPY,TRANSITION,2026-01-27 21:45:00,2026-01-27 21:45:00,1,28.58,33.17,53.88
GBPJPY,TIGHT_RANGE,2026-01-27 21:46:00,2026-01-27 21:50:00,5,22.84,46.42,46.86
GBPJPY,LOW_LIQUIDITY,2026-01-27 21:51:00,2026-01-27 21:54:00,4,29.05,41.89,51.26
GBPJPY,TRANSITION,2026-01-27 21:55:00,2026-01-28 00:07:00,133,29.53,33.98,53.23
GBPJPY,WIDE_RANGE,2026-01-28 00:08:00,2026-01-28 00:08:00,1,37.06,49.99,49.77
GBPJPY,TRANSITION,2026-01-28 00:09:00,2026-01-28 00:09:00,1,35.0,43.44,50.94
GBPJPY,WIDE_RANGE,2026-01-28 00:10:00,2026-01-28 00:21:00,12,27.25,54.21,42.98
GBPJPY,TRANSITION,2026-01-28 00:22:00,2026-01-28 02:27:00,126,30.16,40.57,50.52
GBPJPY,WIDE_RANGE,2026-01-28 02:28:00,2026-01-28 02:29:00,2,26.62,39.82,49.09
GBPJPY,TRANSITION,2026-01-28 02:30:00,2026-01-28 02:31:00,2,32.8,32.78,54.8
GBPJPY,WIDE_RANGE,2026-01-28 02:32:00,2026-01-28 02:32:00,1,29.65,40.39,50.62
GBPJPY,TRANSITION,2026-01-28 02:33:00,2026-01-28 02:59:00,27,24.96,37.74,49.78
GBPJPY,WIDE_RANGE,2026-01-28 03:00:00,2026-01-28 03:19:00,20,22.4,46.43,45.45
GBPJPY,TRANSITION,2026-01-28 03:20:00,2026-01-28 07:51:00,272,26.16,38.17,49.95
GBPJPY,STRONG_TREND_UP,2026-01-28 07:52:00,2026-01-28 07:52:00,1,69.02,19.35,76.72
GBPJPY,TRANSITION,2026-01-28 07:53:00,2026-01-28 09:02:00,70,35.05,31.35,57.0
GBPJPY,WIDE_RANGE,2026-01-28 09:03:00,2026-01-28 09:03:00,1,32.48,50.13,51.64
GBPJPY,TRANSITION,2026-01-28 09:04:00,2026-01-28 09:05:00,2,37.72,44.38,55.83
GBPJPY,WIDE_RANGE,2026-01-28 09:06:00,2026-01-28 09:06:00,1,31.89,50.84,50.76
GBPJPY,TRANSITION,2026-01-28 09:07:00,2026-01-28 09:09:00,3,34.98,41.95,54.95
GBPJPY,WIDE_RANGE,2026-01-28 09:10:00,2026-01-28 09:11:00,2,28.36,45.95,50.25
GBPJPY,TRANSITION,2026-01-28 09:12:00,2026-01-28 10:06:00,55,29.59,39.91,50.08
GBPJPY,WIDE_RANGE,2026-01-28 10:07:00,2026-01-28 10:07:00,1,30.57,48.44,46.18
GBPJPY,TRANSITION,2026-01-28 10:08:00,2026-01-28 10:10:00,3,52.53,44.48,56.33
GBPJPY,STRONG_TREND_UP,2026-01-28 10:11:00,2026-01-28 10:14:00,4,73.47,40.89,66.16
GBPJPY,TRANSITION,2026-01-28 10:15:00,2026-01-28 10:28:00,14,54.99,40.5,56.9
GBPJPY,WIDE_RANGE,2026-01-28 10:29:00,2026-01-28 10:31:00,3,27.51,46.15,43.37
GBPJPY,TRANSITION,2026-01-28 10:32:00,2026-01-28 11:35:00,64,39.38,33.24,58.71
GBPJPY,LOW_LIQUIDITY,2026-01-28 11:36:00,2026-01-28 11:43:00,8,36.34,32.14,56.8
GBPJPY,TIGHT_RANGE,2026-01-28 11:44:00,2026-01-28 11:44:00,1,25.91,39.46,49.89
GBPJPY,LOW_LIQUIDITY,2026-01-28 11:45:00,2026-01-28 11:49:00,5,26.86,33.5,52.71
GBPJPY,TIGHT_RANGE,2026-01-28 11:50:00,2026-01-28 11:50:00,1,23.57,42.93,48.55
GBPJPY,LOW_LIQUIDITY,2026-01-28 11:51:00,2026-01-28 11:52:00,2,33.6,30.76,57.47
GBPJPY,TIGHT_RANGE,2026-01-28 11:53:00,2026-01-28 11:53:00,1,28.82,36.22,53.71
GBPJPY,LOW_LIQUIDITY,2026-01-28 11:54:00,2026-01-28 11:55:00,2,29.86,35.54,54.63
GBPJPY,TIGHT_RANGE,2026-01-28 11:56:00,2026-01-28 12:13:00,18,20.64,40.49,49.27
GBPJPY,TRANSITION,2026-01-28 12:14:00,2026-01-28 12:52:00,39,22.29,39.09,47.59
GBPJPY,LOW_LIQUIDITY,2026-01-28 12:53:00,2026-01-28 12:54:00,2,31.64,31.88,54.16
GBPJPY,TRANSITION,2026-01-28 12:55:00,2026-01-28 13:32:00,38,29.49,32.6,52.87
GBPJPY,STRONG_TREND_UP,2026-01-28 13:33:00,2026-01-28 13:33:00,1,70.33,15.91,77.7
GBPJPY,TRANSITION,2026-01-28 13:34:00,2026-01-28 14:00:00,27,38.65,30.89,56.54
GBPJPY,WIDE_RANGE,2026-01-28 14:01:00,2026-01-28 14:09:00,9,26.47,58.32,38.35
GBPJPY,TRANSITION,2026-01-28 14:10:00,2026-01-28 14:40:00,31,34.31,47.49,47.38
GBPJPY,WIDE_RANGE,2026-01-28 14:41:00,2026-01-28 14:50:00,10,30.67,52.95,41.56
GBPJPY,TRANSITION,2026-01-28 14:51:00,2026-01-28 14:52:00,2,38.12,39.0,49.02
GBPJPY,WIDE_RANGE,2026-01-28 14:53:00,2026-01-28 14:54:00,2,30.91,48.61,42.86
GBPJPY,TRANSITION,2026-01-28 14:55:00,2026-01-28 16:29:00,95,26.46,36.28,51.27
GBPJPY,LOW_LIQUIDITY,2026-01-28 16:30:00,2026-01-28 16:31:00,2,33.3,30.77,57.1
GBPJPY,TRANSITION,2026-01-28 16:32:00,2026-01-28 16:32:00,1,36.46,25.89,60.08
GBPJPY,LOW_LIQUIDITY,2026-01-28 16:33:00,2026-01-28 16:33:00,1,31.34,26.64,57.34
GBPJPY,TRANSITION,2026-01-28 16:34:00,2026-01-28 17:25:00,48,33.67,42.22,43.47
GBPJPY,WHIPSAW,2026-01-28 17:26:00,2026-01-28 17:31:00,6,25.31,79.02,18.78
GBPJPY,TRANSITION,2026-01-28 17:32:00,2026-01-28 17:48:00,17,35.39,53.61,34.82
GBPJPY,LOW_LIQUIDITY,2026-01-28 17:49:00,2026-01-28 17:55:00,7,40.16,33.02,54.34
GBPJPY,TRANSITION,2026-01-28 17:56:00,2026-01-28 18:09:00,14,28.79,39.87,50.29
GBPJPY,WIDE_RANGE,2026-01-28 18:10:00,2026-01-28 18:19:00,10,25.87,44.33,50.83
GBPJPY,TRANSITION,2026-01-28 18:20:00,2026-01-28 18:30:00,11,21.26,41.34,49.72
GBPJPY,WIDE_RANGE,2026-01-28 18:31:00,2026-01-28 18:31:00,1,23.59,45.23,49.47
GBPJPY,TRANSITION,2026-01-28 18:32:00,2026-01-28 18:38:00,7,27.57,44.19,51.66
GBPJPY,WIDE_RANGE,2026-01-28 18:39:00,2026-01-28 18:39:00,1,28.69,33.35,55.86
GBPJPY,TRANSITION,2026-01-28 18:40:00,2026-01-28 18:41:00,2,29.94,26.37,58.81
GBPJPY,WIDE_RANGE,2026-01-28 18:42:00,2026-01-28 18:42:00,1,26.24,27.62,56.68
GBPJPY,TRANSITION,2026-01-28 18:43:00,2026-01-28 18:44:00,2,32.89,19.09,62.64
GBPJPY,WIDE_RANGE,2026-01-28 18:45:00,2026-01-28 18:45:00,1,29.73,29.63,57.6
GBPJPY,TRANSITION,2026-01-28 18:46:00,2026-01-28 18:46:00,1,32.57,26.03,60.13
GBPJPY,WIDE_RANGE,2026-01-28 18:47:00,2026-01-28 18:56:00,10,27.24,42.08,52.22
GBPJPY,TRANSITION,2026-01-28 18:57:00,2026-01-28 18:58:00,2,31.92,30.1,58.45
GBPJPY,WIDE_RANGE,2026-01-28 18:59:00,2026-01-28 19:04:00,6,26.11,43.43,51.25
GBPJPY,TRANSITION,2026-01-28 19:05:00,2026-01-28 19:05:00,1,32.85,36.54,56.69
GBPJPY,WIDE_RANGE,2026-01-28 19:06:00,2026-01-28 19:06:00,1,29.47,41.71,53.38
GBPJPY,TRANSITION,2026-01-28 19:07:00,2026-01-28 19:10:00,4,37.33,38.08,58.22
GBPJPY,WIDE_RANGE,2026-01-28 19:11:00,2026-01-28 19:11:00,1,37.52,41.79,57.05
GBPJPY,TRANSITION,2026-01-28 19:12:00,2026-01-28 19:12:00,1,40.05,37.62,59.63
GBPJPY,WIDE_RANGE,2026-01-28 19:13:00,2026-01-28 19:18:00,6,34.21,42.91,55.15
GBPJPY,TRANSITION,2026-01-28 19:19:00,2026-01-28 19:20:00,2,33.26,29.9,59.13
GBPJPY,WIDE_RANGE,2026-01-28 19:21:00,2026-01-28 19:23:00,3,25.95,46.03,50.29
GBPJPY,TRANSITION,2026-01-28 19:24:00,2026-01-28 23:15:00,232,29.61,35.16,53.44
GBPJPY,STRONG_TREND_UP,2026-01-28 23:16:00,2026-01-28 23:18:00,3,66.84,16.39,74.78
GBPJPY,TRANSITION,2026-01-28 23:19:00,2026-01-28 23:19:00,1,63.63,15.9,73.06
GBPJPY,STRONG_TREND_UP,2026-01-28 23:20:00,2026-01-28 23:20:00,1,74.73,12.93,79.04
GBPJPY,TRANSITION,2026-01-28 23:21:00,2026-01-29 03:15:00,235,29.98,36.5,51.92
GBPJPY,WIDE_RANGE,2026-01-29 03:16:00,2026-01-29 03:23:00,8,21.88,49.76,47.15
GBPJPY,TRANSITION,2026-01-29 03:24:00,2026-01-29 08:11:00,288,30.09,36.04,52.28
GBPJPY,WIDE_RANGE,2026-01-29 08:12:00,2026-01-29 08:13:00,2,29.91,43.05,49.55
GBPJPY,TRANSITION,2026-01-29 08:14:00,2026-01-29 10:10:00,117,32.02,36.15,54.2
GBPJPY,WIDE_RANGE,2026-01-29 10:11:00,2026-01-29 10:11:00,1,34.16,45.65,50.03
GBPJPY,TRANSITION,2026-01-29 10:12:00,2026-01-29 10:36:00,25,42.95,38.55,53.78
GBPJPY,WIDE_RANGE,2026-01-29 10:37:00,2026-01-29 10:37:00,1,31.0,55.08,41.72
GBPJPY,TRANSITION,2026-01-29 10:38:00,2026-01-29 11:00:00,23,47.58,37.87,57.13
GBPJPY,WIDE_RANGE,2026-01-29 11:01:00,2026-01-29 11:03:00,3,28.69,50.4,44.64
GBPJPY,TRANSITION,2026-01-29 11:04:00,2026-01-29 11:49:00,46,34.21,32.38,54.42
GBPJPY,LOW_LIQUIDITY,2026-01-29 11:50:00,2026-01-29 11:50:00,1,33.44,29.49,55.3
GBPJPY,TRANSITION,2026-01-29 11:51:00,2026-01-29 11:53:00,3,31.11,30.3,54.19
GBPJPY,TIGHT_RANGE,2026-01-29 11:54:00,2026-01-29 11:54:00,1,24.05,38.62,48.16
GBPJPY,LOW_LIQUIDITY,2026-01-29 11:55:00,2026-01-29 11:58:00,4,27.79,32.25,52.24
GBPJPY,TIGHT_RANGE,2026-01-29 11:59:00,2026-01-29 11:59:00,1,23.86,37.33,49.14
GBPJPY,LOW_LIQUIDITY,2026-01-29 12:00:00,2026-01-29 12:01:00,2,30.66,29.28,55.34
GBPJPY,TIGHT_RANGE,2026-01-29 12:02:00,2026-01-29 12:02:00,1,24.63,37.4,50.09
GBPJPY,LOW_LIQUIDITY,2026-01-29 12:03:00,2026-01-29 12:08:00,6,34.12,26.55,58.74
GBPJPY,TIGHT_RANGE,2026-01-29 12:09:00,2026-01-29 12:13:00,5,20.02,41.53,48.27
GBPJPY,LOW_LIQUIDITY,2026-01-29 12:14:00,2026-01-29 12:14:00,1,31.01,22.98,60.14
GBPJPY,TIGHT_RANGE,2026-01-29 12:15:00,2026-01-29 12:17:00,3,23.36,33.55,53.26
GBPJPY,LOW_LIQUIDITY,2026-01-29 12:18:00,2026-01-29 12:19:00,2,31.09,20.61,60.69
GBPJPY,TIGHT_RANGE,2026-01-29 12:20:00,2026-01-29 12:20:00,1,27.93,26.69,56.97
GBPJPY,LOW_LIQUIDITY,2026-01-29 12:21:00,2026-01-29 12:22:00,2,34.94,23.94,61.03
GBPJPY,TIGHT_RANGE,2026-01-29 12:23:00,2026-01-29 12:23:00,1,21.62,37.42,50.22
GBPJPY,TRANSITION,2026-01-29 12:24:00,2026-01-29 12:37:00,14,28.02,28.56,55.19
GBPJPY,LOW_LIQUIDITY,2026-01-29 12:38:00,2026-01-29 12:40:00,3,34.49,21.18,60.49
GBPJPY,TIGHT_RANGE,2026-01-29 12:41:00,2026-01-29 12:41:00,1,23.24,37.77,49.62
GBPJPY,TRANSITION,2026-01-29 12:42:00,2026-01-29 17:20:00,271,28.59,36.59,50.24
GBPJPY,WHIPSAW,2026-01-29 17:21:00,2026-01-29 17:21:00,1,19.6,71.92,18.56
GBPJPY,TRANSITION,2026-01-29 17:22:00,2026-01-29 17:22:00,1,21.9,68.03,20.94
GBPJPY,WIDE_RANGE,2026-01-29 17:23:00,2026-01-29 17:24:00,2,21.38,67.39,20.93
GBPJPY,TRANSITION,2026-01-29 17:25:00,2026-01-29 18:31:00,67,28.14,41.92,44.72
GBPJPY,WIDE_RANGE,2026-01-29 18:32:00,2026-01-29 18:33:00,2,29.83,38.01,54.8
GBPJPY,TRANSITION,2026-01-29 18:34:00,2026-01-29 18:34:00,1,41.52,26.22,64.18
GBPJPY,WIDE_RANGE,2026-01-29 18:35:00,2026-01-29 18:36:00,2,21.87,43.53,49.25
GBPJPY,TRANSITION,2026-01-29 18:37:00,2026-01-29 19:03:00,27,42.37,29.07,63.61
GBPJPY,WIDE_RANGE,2026-01-29 19:04:00,2026-01-29 19:04:00,1,31.89,40.84,54.78
GBPJPY,TRANSITION,2026-01-29 19:05:00,2026-01-29 19:06:00,2,27.37,43.31,51.86
GBPJPY,WIDE_RANGE,2026-01-29 19:07:00,2026-01-29 19:08:00,2,33.91,36.83,57.08
GBPJPY,TRANSITION,2026-01-29 19:09:00,2026-01-29 19:09:00,1,32.53,45.71,53.42
GBPJPY,WIDE_RANGE,2026-01-29 19:10:00,2026-01-29 19:10:00,1,26.4,54.87,47.49
GBPJPY,TRANSITION,2026-01-29 19:11:00,2026-01-29 19:19:00,9,36.3,37.73,57.87
GBPJPY,WIDE_RANGE,2026-01-29 19:20:00,2026-01-29 19:23:00,4,26.44,43.04,51.53
GBPJPY,TRANSITION,2026-01-29 19:24:00,2026-01-29 19:24:00,1,38.7,27.92,62.31
GBPJPY,WIDE_RANGE,2026-01-29 19:25:00,2026-01-29 19:44:00,20,29.51,47.81,51.32
GBPJPY,TRANSITION,2026-01-29 19:45:00,2026-01-29 19:46:00,2,33.05,39.0,55.95
GBPJPY,WIDE_RANGE,2026-01-29 19:47:00,2026-01-29 19:48:00,2,30.95,45.84,52.65
GBPJPY,TRANSITION,2026-01-29 19:49:00,2026-01-29 19:54:00,6,28.33,44.75,51.79
GBPJPY,WIDE_RANGE,2026-01-29 19:55:00,2026-01-29 19:57:00,3,32.04,46.79,51.76
GBPJPY,TRANSITION,2026-01-29 19:58:00,2026-01-29 19:58:00,1,32.55,35.26,54.99
GBPJPY,WIDE_RANGE,2026-01-29 19:59:00,2026-01-29 20:12:00,14,30.61,51.37,47.23
GBPJPY,TRANSITION,2026-01-29 20:13:00,2026-01-29 21:34:00,82,31.62,38.03,53.58
GBPJPY,WIDE_RANGE,2026-01-29 21:35:00,2026-01-29 21:37:00,3,32.4,53.42,47.76
GBPJPY,TRANSITION,2026-01-29 21:38:00,2026-01-30 00:44:00,187,30.21,35.72,53.13
GBPJPY,WIDE_RANGE,2026-01-30 00:45:00,2026-01-30 00:53:00,9,26.0,51.23,44.23
GBPJPY,TRANSITION,2026-01-30 00:54:00,2026-01-30 00:54:00,1,26.69,50.13,44.37
GBPJPY,WIDE_RANGE,2026-01-30 00:55:00,2026-01-30 00:58:00,4,28.74,47.53,45.77
GBPJPY,TRANSITION,2026-01-30 00:59:00,2026-01-30 02:15:00,77,33.24,40.26,50.2
GBPJPY,WIDE_RANGE,2026-01-30 02:16:00,2026-01-30 02:16:00,1,32.36,46.14,50.51
GBPJPY,TRANSITION,2026-01-30 02:17:00,2026-01-30 02:17:00,1,33.71,39.68,53.48
GBPJPY,WIDE_RANGE,2026-01-30 02:18:00,2026-01-30 02:20:00,3,24.03,48.63,46.28
GBPJPY,TRANSITION,2026-01-30 02:21:00,2026-01-30 03:13:00,53,26.21,39.52,51.14
GBPJPY,WIDE_RANGE,2026-01-30 03:14:00,2026-01-30 03:14:00,1,19.4,47.63,43.24
GBPJPY,TRANSITION,2026-01-30 03:15:00,2026-01-30 09:47:00,393,26.78,39.55,49.54
GBPJPY,WIDE_RANGE,2026-01-30 09:48:00,2026-01-30 09:50:00,3,31.62,42.66,48.54
GBPJPY,TRANSITION,2026-01-30 09:51:00,2026-01-30 10:01:00,11,21.83,45.86,43.97
GBPJPY,WIDE_RANGE,2026-01-30 10:02:00,2026-01-30 10:06:00,5,23.47,47.07,45.98
GBPJPY,TRANSITION,2026-01-30 10:07:00,2026-01-30 16:58:00,412,27.78,38.97,49.79
GBPJPY,WHIPSAW,2026-01-30 16:59:00,2026-01-30 16:59:00,1,18.71,70.79,24.93
USDJPY,TRANSITION,2026-01-01 17:28:00,2026-01-01 17:36:00,9,33.17,50.12,48.97
USDJPY,WIDE_RANGE,2026-01-01 17:37:00,2026-01-01 17:38:00,2,27.25,55.62,45.1
USDJPY,TRANSITION,2026-01-01 17:39:00,2026-01-01 17:39:00,1,32.79,50.84,49.6
USDJPY,WIDE_RANGE,2026-01-01 17:40:00,2026-01-01 17:52:00,13,31.38,59.01,47.79
USDJPY,TRANSITION,2026-01-01 17:53:00,2026-01-01 17:53:00,1,61.01,36.18,69.76
USDJPY,STRONG_TREND_UP,2026-01-01 17:54:00,2026-01-01 17:57:00,4,68.65,32.41,74.56
USDJPY,TRANSITION,2026-01-01 17:58:00,2026-01-01 17:58:00,1,64.01,32.72,72.32
USDJPY,STRONG_TREND_UP,2026-01-01 17:59:00,2026-01-01 18:01:00,3,72.37,24.86,78.84
USDJPY,TRANSITION,2026-01-01 18:02:00,2026-01-01 18:05:00,4,52.52,24.65,69.78
USDJPY,STRONG_TREND_UP,2026-01-01 18:06:00,2026-01-01 18:06:00,1,66.8,14.9,79.66
USDJPY,TRANSITION,2026-01-01 18:07:00,2026-01-01 18:46:00,40,37.11,31.89,60.23
USDJPY,WIDE_RANGE,2026-01-01 18:47:00,2026-01-01 18:47:00,1,29.67,41.77,53.45
USDJPY,TRANSITION,2026-01-01 18:48:00,2026-01-01 19:34:00,47,32.34,32.9,57.69
USDJPY,LOW_LIQUIDITY,2026-01-01 19:35:00,2026-01-01 19:35:00,1,27.11,31.1,55.9
USDJPY,TRANSITION,2026-01-01 19:36:00,2026-01-01 19:58:00,23,41.7,19.07,66.7
USDJPY,STRONG_TREND_DOWN,2026-01-01 19:59:00,2026-01-01 19:59:00,1,66.77,11.23,80.9
USDJPY,TRANSITION,2026-01-01 20:00:00,2026-01-01 20:11:00,12,53.45,21.33,69.38
USDJPY,WIDE_RANGE,2026-01-01 20:12:00,2026-01-01 20:19:00,8,35.61,42.13,53.41
USDJPY,TRANSITION,2026-01-01 20:20:00,2026-01-01 21:28:00,69,25.77,36.69,52.61
USDJPY,TIGHT_RANGE,2026-01-01 21:29:00,2026-01-01 21:29:00,1,16.21,43.95,45.21
USDJPY,TRANSITION,2026-01-01 21:30:00,2026-01-01 21:31:00,2,17.94,44.73,46.48
USDJPY,TIGHT_RANGE,2026-01-01 21:32:00,2026-01-01 21:44:00,13,18.79,40.7,48.59
USDJPY,LOW_LIQUIDITY,2026-01-01 21:45:00,2026-01-01 21:46:00,2,30.81,24.56,59.82
USDJPY,TIGHT_RANGE,2026-01-01 21:47:00,2026-01-01 21:49:00,3,27.08,30.77,56.0
USDJPY,LOW_LIQUIDITY,2026-01-01 21:50:00,2026-01-01 21:59:00,10,50.33,19.43,70.17
USDJPY,TRANSITION,2026-01-01 22:00:00,2026-01-01 22:58:00,58,30.36,33.96,54.37
USDJPY,TIGHT_RANGE,2026-01-01 22:59:00,2026-01-01 23:00:00,2,19.64,43.19,44.85
USDJPY,LOW_LIQUIDITY,2026-01-01 23:01:00,2026-01-01 23:01:00,1,37.65,33.26,56.55
USDJPY,TRANSITION,2026-01-01 23:02:00,2026-01-01 23:30:00,29,46.13,25.54,61.79
USDJPY,STRONG_TREND_UP,2026-01-01 23:31:00,2026-01-01 23:31:00,1,65.86,21.71,72.14
USDJPY,TRANSITION,2026-01-01 23:32:00,2026-01-01 23:56:00,25,38.62,29.46,57.64
USDJPY,LOW_LIQUIDITY,2026-01-01 23:57:00,2026-01-01 23:57:00,1,41.64,24.15,60.61
USDJPY,TRANSITION,2026-01-01 23:58:00,2026-01-02 00:56:00,59,26.69,38.38,49.71
USDJPY,STRONG_TREND_UP,2026-01-02 00:57:00,2026-01-02 00:57:00,1,76.98,20.7,75.12
USDJPY,TRANSITION,2026-01-02 00:58:00,2026-01-02 01:06:00,9,61.16,26.44,64.88
USDJPY,STRONG_TREND_UP,2026-01-02 01:07:00,2026-01-02 01:07:00,1,65.36,23.84,69.49
USDJPY,TRANSITION,2026-01-02 01:08:00,2026-01-02 01:15:00,8,44.82,37.43,56.99
USDJPY,WIDE_RANGE,2026-01-02 01:16:00,2026-01-02 01:20:00,5,27.24,53.11,45.17
USDJPY,TRANSITION,2026-01-02 01:21:00,2026-01-02 01:24:00,4,27.18,54.92,44.21
USDJPY,WIDE_RANGE,2026-01-02 01:25:00,2026-01-02 01:26:00,2,28.62,57.13,43.69
USDJPY,TRANSITION,2026-01-02 01:27:00,2026-01-02 02:17:00,51,39.12,29.3,59.61
USDJPY,WIDE_RANGE,2026-01-02 02:18:00,2026-01-02 02:18:00,1,36.58,39.75,56.68
USDJPY,TRANSITION,2026-01-02 02:19:00,2026-01-02 02:26:00,8,41.09,35.33,60.22
USDJPY,WIDE_RANGE,2026-01-02 02:27:00,2026-01-02 02:27:00,1,32.32,39.32,54.32
USDJPY,TRANSITION,2026-01-02 02:28:00,2026-01-02 02:33:00,6,38.2,33.88,58.32
USDJPY,WIDE_RANGE,2026-01-02 02:34:00,2026-01-02 02:35:00,2,31.36,49.33,49.44
USDJPY,TRANSITION,2026-01-02 02:36:00,2026-01-02 02:40:00,5,37.59,32.61,58.02
USDJPY,WIDE_RANGE,2026-01-02 02:41:00,2026-01-02 02:41:00,1,26.62,40.29,50.67
USDJPY,TRANSITION,2026-01-02 02:42:00,2026-01-02 02:43:00,2,31.69,36.97,54.18
USDJPY,WIDE_RANGE,2026-01-02 02:44:00,2026-01-02 02:46:00,3,29.86,38.45,52.87
USDJPY,TRANSITION,2026-01-02 02:47:00,2026-01-02 02:49:00,3,30.63,24.85,57.83
USDJPY,WIDE_RANGE,2026-01-02 02:50:00,2026-01-02 02:50:00,1,23.69,35.03,51.09
USDJPY,TRANSITION,2026-01-02 02:51:00,2026-01-02 03:05:00,15,31.08,37.29,52.32
USDJPY,WIDE_RANGE,2026-01-02 03:06:00,2026-01-02 03:06:00,1,39.02,45.15,52.68
USDJPY,TRANSITION,2026-01-02 03:07:00,2026-01-02 06:05:00,179,30.39,34.07,52.74
USDJPY,TIGHT_RANGE,2026-01-02 06:06:00,2026-01-02 06:07:00,2,27.19,40.06,45.8
USDJPY,LOW_LIQUIDITY,2026-01-02 06:08:00,2026-01-02 06:08:00,1,30.92,27.67,51.28
USDJPY,TRANSITION,2026-01-02 06:09:00,2026-01-02 08:21:00,133,31.84,36.25,53.38
USDJPY,WIDE_RANGE,2026-01-02 08:22:00,2026-01-02 08:37:00,16,31.09,44.0,50.32
USDJPY,TRANSITION,2026-01-02 08:38:00,2026-01-02 08:39:00,2,44.75,33.97,59.95
USDJPY,WIDE_RANGE,2026-01-02 08:40:00,2026-01-02 08:52:00,13,24.5,50.54,43.64
USDJPY,TRANSITION,2026-01-02 08:53:00,2026-01-02 10:23:00,91,28.79,48.88,44.93
USDJPY,WIDE_RANGE,2026-01-02 10:24:00,2026-01-02 10:25:00,2,28.68,39.89,52.09
USDJPY,TRANSITION,2026-01-02 10:26:00,2026-01-02 11:55:00,90,33.72,34.11,57.35
USDJPY,LOW_LIQUIDITY,2026-01-02 11:56:00,2026-01-02 11:56:00,1,40.3,29.1,59.37
USDJPY,TRANSITION,2026-01-02 11:57:00,2026-01-02 12:38:00,42,20.82,45.44,43.18
USDJPY,TIGHT_RANGE,2026-01-02 12:39:00,2026-01-02 12:49:00,11,19.74,41.99,44.67
USDJPY,LOW_LIQUIDITY,2026-01-02 12:50:00,2026-01-02 12:51:00,2,31.18,30.61,55.69
USDJPY,TRANSITION,2026-01-02 12:52:00,2026-01-02 12:52:00,1,41.23,25.91,61.99
USDJPY,LOW_LIQUIDITY,2026-01-02 12:53:00,2026-01-02 12:53:00,1,59.0,16.63,73.11
USDJPY,TRANSITION,2026-01-02 12:54:00,2026-01-02 12:56:00,3,45.63,22.14,64.9
USDJPY,LOW_LIQUIDITY,2026-01-02 12:57:00,2026-01-02 12:58:00,2,36.44,23.57,59.34
USDJPY,TRANSITION,2026-01-02 12:59:00,2026-01-02 16:20:00,202,33.43,35.22,52.81
USDJPY,LOW_LIQUIDITY,2026-01-02 16:21:00,2026-01-02 16:22:00,2,30.68,38.94,42.65
USDJPY,TIGHT_RANGE,2026-01-02 16:23:00,2026-01-02 16:31:00,9,19.6,46.34,37.35
USDJPY,LOW_LIQUIDITY,2026-01-02 16:32:00,2026-01-02 16:36:00,5,27.74,33.18,47.69
USDJPY,TIGHT_RANGE,2026-01-02 16:37:00,2026-01-02 16:39:00,3,25.45,45.36,42.32
USDJPY,TRANSITION,2026-01-02 16:40:00,2026-01-02 16:57:00,18,39.33,32.99,50.91
USDJPY,WIDE_RANGE,2026-01-02 16:58:00,2026-01-02 16:59:00,2,28.85,51.86,32.3
USDJPY,TRANSITION,2026-01-04 17:00:00,2026-01-04 17:03:00,4,35.32,51.26,32.82
USDJPY,WIDE_RANGE,2026-01-04 17:05:00,2026-01-04 17:05:00,1,27.76,67.41,23.85
USDJPY,WHIPSAW,2026-01-04 17:06:00,2026-01-04 17:14:00,9,28.0,79.73,19.77
USDJPY,DEEP_WHIPSAW,2026-01-04 17:15:00,2026-01-04 17:15:00,1,22.88,85.9,15.32
USDJPY,WHIPSAW,2026-01-04 17:16:00,2026-01-04 17:17:00,2,23.16,76.82,18.53
USDJPY,TRANSITION,2026-01-04 17:18:00,2026-01-04 17:18:00,1,26.46,64.36,24.29
USDJPY,WHIPSAW,2026-01-04 17:19:00,2026-01-04 17:19:00,1,19.8,75.95,17.28
USDJPY,WIDE_RANGE,2026-01-04 17:20:00,2026-01-04 17:24:00,5,24.52,64.74,23.26
USDJPY,WHIPSAW,2026-01-04 17:25:00,2026-01-04 17:25:00,1,15.37,76.83,14.95
USDJPY,WIDE_RANGE,2026-01-04 17:26:00,2026-01-04 17:26:00,1,25.14,59.48,25.34
USDJPY,WHIPSAW,2026-01-04 17:27:00,2026-01-04 17:27:00,1,16.08,72.73,16.67
USDJPY,TRANSITION,2026-01-04 17:28:00,2026-01-04 17:49:00,22,36.08,47.45,36.69
USDJPY,LOW_LIQUIDITY,2026-01-04 17:50:00,2026-01-04 17:55:00,6,44.46,33.77,57.75
USDJPY,TRANSITION,2026-01-04 17:56:00,2026-01-04 17:59:00,4,48.92,41.42,59.35
USDJPY,WIDE_RANGE,2026-01-04 18:00:00,2026-01-04 18:00:00,1,27.93,52.12,46.49
USDJPY,TRANSITION,2026-01-04 18:01:00,2026-01-04 18:03:00,3,49.85,39.59,61.71
USDJPY,WIDE_RANGE,2026-01-04 18:04:00,2026-01-04 18:21:00,18,28.8,49.67,50.29
USDJPY,TRANSITION,2026-01-04 18:22:00,2026-01-04 18:32:00,11,36.78,30.24,60.64
USDJPY,STRONG_TREND_UP,2026-01-04 18:33:00,2026-01-04 18:33:00,1,65.78,21.32,77.01
USDJPY,TRANSITION,2026-01-04 18:34:00,2026-01-04 18:43:00,10,56.63,22.22,72.5
USDJPY,STRONG_TREND_UP,2026-01-04 18:44:00,2026-01-04 18:44:00,1,65.32,17.88,77.97
USDJPY,TRANSITION,2026-01-04 18:45:00,2026-01-04 18:59:00,15,46.59,27.58,66.05
USDJPY,WIDE_RANGE,2026-01-04 19:00:00,2026-01-04 19:00:00,1,32.81,39.74,55.58
USDJPY,TRANSITION,2026-01-04 19:01:00,2026-01-04 19:02:00,2,45.18,36.7,62.3
USDJPY,WIDE_RANGE,2026-01-04 19:03:00,2026-01-04 19:05:00,3,39.48,46.55,56.33
USDJPY,TRANSITION,2026-01-04 19:06:00,2026-01-04 19:20:00,15,49.2,36.24,64.31
USDJPY,WIDE_RANGE,2026-01-04 19:21:00,2026-01-04 19:21:00,1,32.51,36.97,56.39
USDJPY,TRANSITION,2026-01-04 19:22:00,2026-01-04 22:57:00,216,29.58,37.11,53.19
USDJPY,LOW_LIQUIDITY,2026-01-04 22:58:00,2026-01-04 22:58:00,1,37.25,26.17,54.44
USDJPY,TRANSITION,2026-01-04 22:59:00,2026-01-05 01:09:00,131,31.63,33.56,54.46
USDJPY,WIDE_RANGE,2026-01-05 01:10:00,2026-01-05 01:22:00,13,23.02,49.93,41.94
USDJPY,TRANSITION,2026-01-05 01:23:00,2026-01-05 02:14:00,52,39.42,35.66,56.29
USDJPY,WIDE_RANGE,2026-01-05 02:15:00,2026-01-05 02:22:00,8,27.93,52.35,43.5
USDJPY,TRANSITION,2026-01-05 02:23:00,2026-01-05 03:07:00,45,25.35,41.5,47.75
USDJPY,WIDE_RANGE,2026-01-05 03:08:00,2026-01-05 03:08:00,1,30.92,45.72,47.87
USDJPY,TRANSITION,2026-01-05 03:09:00,2026-01-05 03:13:00,5,39.38,40.44,53.45
USDJPY,WIDE_RANGE,2026-01-05 03:14:00,2026-01-05 03:14:00,1,32.9,43.7,49.17
USDJPY,TRANSITION,2026-01-05 03:15:00,2026-01-05 03:34:00,20,47.05,34.03,58.25
USDJPY,WIDE_RANGE,2026-01-05 03:35:00,2026-01-05 03:39:00,5,32.07,46.86,48.87
USDJPY,TRANSITION,2026-01-05 03:40:00,2026-01-05 09:42:00,363,33.25,36.63,53.2
USDJPY,WIDE_RANGE,2026-01-05 09:43:00,2026-01-05 09:43:00,1,24.93,42.47,51.03
USDJPY,TRANSITION,2026-01-05 09:44:00,2026-01-05 09:44:00,1,23.74,50.94,47.6
USDJPY,WIDE_RANGE,2026-01-05 09:45:00,2026-01-05 09:56:00,12,22.59,50.56,47.2
USDJPY,TRANSITION,2026-01-05 09:57:00,2026-01-05 10:07:00,11,29.87,41.18,51.79
USDJPY,WIDE_RANGE,2026-01-05 10:08:00,2026-01-05 10:08:00,1,29.85,53.02,45.87
USDJPY,TRANSITION,2026-01-05 10:09:00,2026-01-05 10:09:00,1,32.22,46.9,48.88
USDJPY,WIDE_RANGE,2026-01-05 10:10:00,2026-01-05 10:10:00,1,25.27,59.29,41.37
USDJPY,TRANSITION,2026-01-05 10:11:00,2026-01-05 12:46:00,156,29.69,32.83,53.94
USDJPY,TIGHT_RANGE,2026-01-05 12:47:00,2026-01-05 12:52:00,6,22.61,42.51,45.68
USDJPY,LOW_LIQUIDITY,2026-01-05 12:53:00,2026-01-05 12:58:00,6,30.36,36.69,50.68
USDJPY,TIGHT_RANGE,2026-01-05 12:59:00,2026-01-05 12:59:00,1,26.37,44.37,46.34
USDJPY,LOW_LIQUIDITY,2026-01-05 13:00:00,2026-01-05 13:00:00,1,37.67,37.74,53.69
USDJPY,TIGHT_RANGE,2026-01-05 13:01:00,2026-01-05 13:04:00,4,20.16,49.95,41.34
USDJPY,TRANSITION,2026-01-05 13:05:00,2026-01-05 13:20:00,16,24.11,47.05,43.18
USDJPY,LOW_LIQUIDITY,2026-01-05 13:21:00,2026-01-05 13:21:00,1,28.68,35.43,47.19
USDJPY,TIGHT_RANGE,2026-01-05 13:22:00,2026-01-05 13:24:00,3,26.28,44.47,43.22
USDJPY,LOW_LIQUIDITY,2026-01-05 13:25:00,2026-01-05 13:26:00,2,38.24,32.86,53.2
USDJPY,TIGHT_RANGE,2026-01-05 13:27:00,2026-01-05 13:27:00,1,31.59,38.77,48.77
USDJPY,LOW_LIQUIDITY,2026-01-05 13:28:00,2026-01-05 13:28:00,1,36.83,37.26,52.11
USDJPY,TIGHT_RANGE,2026-01-05 13:29:00,2026-01-05 13:32:00,4,21.8,42.09,44.64
USDJPY,TRANSITION,2026-01-05 13:33:00,2026-01-05 14:13:00,41,35.13,25.13,60.43
USDJPY,WIDE_RANGE,2026-01-05 14:14:00,2026-01-05 14:14:00,1,35.99,40.34,56.12
USDJPY,TRANSITION,2026-01-05 14:15:00,2026-01-05 14:15:00,1,35.93,38.7,56.6
USDJPY,WIDE_RANGE,2026-01-05 14:16:00,2026-01-05 14:16:00,1,34.2,38.77,55.88
USDJPY,TRANSITION,2026-01-05 14:17:00,2026-01-05 14:18:00,2,31.13,42.49,53.45
USDJPY,WIDE_RANGE,2026-01-05 14:19:00,2026-01-05 14:19:00,1,28.92,43.27,52.49
USDJPY,TRANSITION,2026-01-05 14:20:00,2026-01-05 15:31:00,72,30.3,35.33,55.08
USDJPY,LOW_LIQUIDITY,2026-01-05 15:32:00,2026-01-05 15:34:00,3,29.21,26.2,58.48
USDJPY,TRANSITION,2026-01-05 15:35:00,2026-01-05 15:35:00,1,27.64,24.77,58.25
USDJPY,TIGHT_RANGE,2026-01-05 15:36:00,2026-01-05 15:36:00,1,24.4,29.29,55.27
USDJPY,LOW_LIQUIDITY,2026-01-05 15:37:00,2026-01-05 15:37:00,1,32.71,17.9,62.94
USDJPY,TIGHT_RANGE,2026-01-05 15:38:00,2026-01-05 15:38:00,1,33.49,26.09,59.42
USDJPY,LOW_LIQUIDITY,2026-01-05 15:39:00,2026-01-05 15:44:00,6,40.34,29.02,59.09
USDJPY,TRANSITION,2026-01-05 15:45:00,2026-01-05 16:21:00,37,42.46,38.75,50.63
USDJPY,TIGHT_RANGE,2026-01-05 16:22:00,2026-01-05 16:22:00,1,13.82,56.92,27.08
USDJPY,LOW_LIQUIDITY,2026-01-05 16:23:00,2026-01-05 16:23:00,1,23.98,45.74,35.04
USDJPY,TIGHT_RANGE,2026-01-05 16:24:00,2026-01-05 16:24:00,1,21.53,49.03,32.9
USDJPY,LOW_LIQUIDITY,2026-01-05 16:25:00,2026-01-05 16:28:00,4,35.96,37.46,44.96
USDJPY,TIGHT_RANGE,2026-01-05 16:29:00,2026-01-05 16:35:00,7,19.5,46.46,37.05
USDJPY,LOW_LIQUIDITY,2026-01-05 16:36:00,2026-01-05 16:37:00,2,24.25,39.77,41.77
USDJPY,TIGHT_RANGE,2026-01-05 16:38:00,2026-01-05 16:38:00,1,22.2,44.07,39.46
USDJPY,LOW_LIQUIDITY,2026-01-05 16:39:00,2026-01-05 16:43:00,5,29.92,36.54,45.51
USDJPY,TRANSITION,2026-01-05 16:44:00,2026-01-05 16:44:00,1,28.02,38.41,45.04
USDJPY,TIGHT_RANGE,2026-01-05 16:45:00,2026-01-05 16:48:00,4,20.85,46.47,38.27
USDJPY,LOW_LIQUIDITY,2026-01-05 16:49:00,2026-01-05 16:49:00,1,26.21,39.6,42.25
USDJPY,TIGHT_RANGE,2026-01-05 16:50:00,2026-01-05 16:56:00,7,14.54,54.32,31.38
USDJPY,TRANSITION,2026-01-05 16:57:00,2026-01-05 17:15:00,16,23.0,54.67,26.73
USDJPY,WHIPSAW,2026-01-05 17:16:00,2026-01-05 17:19:00,4,21.7,71.94,19.52
USDJPY,WIDE_RANGE,2026-01-05 17:20:00,2026-01-05 17:20:00,1,22.54,65.82,21.99
USDJPY,WHIPSAW,2026-01-05 17:21:00,2026-01-05 17:21:00,1,17.8,70.45,18.24
USDJPY,TRANSITION,2026-01-05 17:22:00,2026-01-05 17:33:00,12,24.71,58.36,25.53
USDJPY,STRONG_TREND_UP,2026-01-05 17:34:00,2026-01-05 17:34:00,1,67.55,36.0,52.83
USDJPY,TRANSITION,2026-01-05 17:35:00,2026-01-05 17:45:00,11,47.36,38.3,44.41
USDJPY,STRONG_TREND_UP,2026-01-05 17:46:00,2026-01-05 17:50:00,5,71.5,28.83,65.25
USDJPY,TRANSITION,2026-01-05 17:51:00,2026-01-05 18:01:00,11,49.51,29.7,58.33
USDJPY,STRONG_TREND_UP,2026-01-05 18:02:00,2026-01-05 18:03:00,2,69.15,30.37,70.19
USDJPY,TRANSITION,2026-01-05 18:04:00,2026-01-05 18:07:00,4,48.71,37.7,60.62
USDJPY,WIDE_RANGE,2026-01-05 18:08:00,2026-01-05 18:08:00,1,17.65,53.52,42.64
USDJPY,TRANSITION,2026-01-05 18:09:00,2026-01-05 18:12:00,4,36.86,39.65,57.27
USDJPY,WIDE_RANGE,2026-01-05 18:13:00,2026-01-05 18:21:00,9,28.46,48.34,50.66
USDJPY,TRANSITION,2026-01-05 18:22:00,2026-01-05 18:23:00,2,37.7,30.79,60.88
USDJPY,WIDE_RANGE,2026-01-05 18:24:00,2026-01-05 18:26:00,3,28.28,40.87,53.12
USDJPY,TRANSITION,2026-01-05 18:27:00,2026-01-05 19:21:00,55,44.62,28.04,64.99
USDJPY,WIDE_RANGE,2026-01-05 19:22:00,2026-01-05 19:25:00,4,29.41,41.06,53.57
USDJPY,TRANSITION,2026-01-05 19:26:00,2026-01-05 19:26:00,1,36.85,24.87,62.5
USDJPY,WIDE_RANGE,2026-01-05 19:27:00,2026-01-05 19:30:00,4,31.69,41.44,54.49
USDJPY,TRANSITION,2026-01-05 19:31:00,2026-01-05 20:11:00,41,35.38,41.87,56.04
USDJPY,WIDE_RANGE,2026-01-05 20:12:00,2026-01-05 20:14:00,3,32.43,48.57,52.4
USDJPY,TRANSITION,2026-01-05 20:15:00,2026-01-05 21:24:00,70,31.34,34.89,53.84
USDJPY,LOW_LIQUIDITY,2026-01-05 21:25:00,2026-01-05 21:26:00,2,28.07,32.23,52.64
USDJPY,TIGHT_RANGE,2026-01-05 21:27:00,2026-01-05 21:29:00,3,18.36,40.79,46.18
USDJPY,TRANSITION,2026-01-05 21:30:00,2026-01-05 21:30:00,1,16.94,42.75,45.62
USDJPY,TIGHT_RANGE,2026-01-05 21:31:00,2026-01-05 21:32:00,2,18.61,39.7,47.7
USDJPY,TRANSITION,2026-01-05 21:33:00,2026-01-05 21:33:00,1,23.6,34.53,52.44
USDJPY,TIGHT_RANGE,2026-01-05 21:34:00,2026-01-05 21:35:00,2,19.79,39.16,49.7
USDJPY,LOW_LIQUIDITY,2026-01-05 21:36:00,2026-01-05 21:38:00,3,32.15,24.25,60.54
USDJPY,TRANSITION,2026-01-05 21:39:00,2026-01-06 01:09:00,211,33.13,33.56,54.58
USDJPY,WIDE_RANGE,2026-01-06 01:10:00,2026-01-06 01:11:00,2,36.48,44.77,51.73
USDJPY,TRANSITION,2026-01-06 01:12:00,2026-01-06 01:12:00,1,37.7,44.3,52.4
USDJPY,WIDE_RANGE,2026-01-06 01:13:00,2026-01-06 01:13:00,1,25.37,61.08,41.09
USDJPY,TRANSITION,2026-01-06 01:14:00,2026-01-06 02:16:00,63,32.28,37.83,53.06
USDJPY,WIDE_RANGE,2026-01-06 02:17:00,2026-01-06 02:17:00,1,27.02,56.62,41.3
USDJPY,TRANSITION,2026-01-06 02:18:00,2026-01-06 03:02:00,45,29.5,37.1,53.15
USDJPY,WIDE_RANGE,2026-01-06 03:03:00,2026-01-06 03:05:00,3,19.88,56.03,44.1
USDJPY,TRANSITION,2026-01-06 03:06:00,2026-01-06 03:08:00,3,30.32,40.92,54.02
USDJPY,WIDE_RANGE,2026-01-06 03:09:00,2026-01-06 03:10:00,2,31.94,45.69,53.12
USDJPY,TRANSITION,2026-01-06 03:11:00,2026-01-06 03:11:00,1,36.78,44.44,55.77
USDJPY,WIDE_RANGE,2026-01-06 03:12:00,2026-01-06 03:12:00,1,37.39,47.16,55.14
USDJPY,TRANSITION,2026-01-06 03:13:00,2026-01-06 03:18:00,6,37.94,42.2,56.62
USDJPY,WIDE_RANGE,2026-01-06 03:19:00,2026-01-06 03:20:00,2,32.5,47.77,51.47
USDJPY,TRANSITION,2026-01-06 03:21:00,2026-01-06 03:21:00,1,35.45,40.85,54.73
USDJPY,WIDE_RANGE,2026-01-06 03:22:00,2026-01-06 03:22:00,1,29.29,45.5,50.22
USDJPY,TRANSITION,2026-01-06 03:23:00,2026-01-06 06:08:00,166,32.05,36.47,51.93
USDJPY,LOW_LIQUIDITY,2026-01-06 06:09:00,2026-01-06 06:09:00,1,33.31,34.79,54.89
USDJPY,TRANSITION,2026-01-06 06:10:00,2026-01-06 06:10:00,1,37.72,33.28,57.42
USDJPY,LOW_LIQUIDITY,2026-01-06 06:11:00,2026-01-06 06:11:00,1,43.05,31.74,59.52
USDJPY,TRANSITION,2026-01-06 06:12:00,2026-01-06 07:40:00,89,32.73,37.99,50.53
USDJPY,WIDE_RANGE,2026-01-06 07:41:00,2026-01-06 07:41:00,1,28.03,38.54,51.33
USDJPY,TRANSITION,2026-01-06 07:42:00,2026-01-06 07:44:00,3,40.35,26.42,61.83
USDJPY,WIDE_RANGE,2026-01-06 07:45:00,2026-01-06 07:45:00,1,30.05,36.28,54.0
USDJPY,TRANSITION,2026-01-06 07:46:00,2026-01-06 08:06:00,21,38.22,25.76,62.71
USDJPY,WIDE_RANGE,2026-01-06 08:07:00,2026-01-06 08:14:00,8,21.79,53.38,44.7
USDJPY,TRANSITION,2026-01-06 08:15:00,2026-01-06 08:16:00,2,35.28,48.16,51.14
USDJPY,WIDE_RANGE,2026-01-06 08:17:00,2026-01-06 08:18:00,2,35.41,51.07,49.61
USDJPY,TRANSITION,2026-01-06 08:19:00,2026-01-06 08:25:00,7,41.29,44.73,53.04
USDJPY,WIDE_RANGE,2026-01-06 08:26:00,2026-01-06 08:32:00,7,28.57,49.92,44.38
USDJPY,TRANSITION,2026-01-06 08:33:00,2026-01-06 08:33:00,1,27.2,45.07,45.2
USDJPY,WIDE_RANGE,2026-01-06 08:34:00,2026-01-06 08:38:00,5,25.38,43.96,44.21
USDJPY,TRANSITION,2026-01-06 08:39:00,2026-01-06 11:26:00,168,31.4,34.27,54.14
USDJPY,TIGHT_RANGE,2026-01-06 11:27:00,2026-01-06 11:27:00,1,20.51,36.89,50.14
USDJPY,TRANSITION,2026-01-06 11:28:00,2026-01-06 11:55:00,28,22.82,35.07,52.42
USDJPY,LOW_LIQUIDITY,2026-01-06 11:56:00,2026-01-06 11:56:00,1,35.94,22.57,61.81
USDJPY,TRANSITION,2026-01-06 11:57:00,2026-01-06 12:02:00,6,26.17,27.04,54.66
USDJPY,TIGHT_RANGE,2026-01-06 12:03:00,2026-01-06 12:03:00,1,29.44,26.01,55.94
USDJPY,LOW_LIQUIDITY,2026-01-06 12:04:00,2026-01-06 12:04:00,1,31.39,21.65,58.06
USDJPY,TIGHT_RANGE,2026-01-06 12:05:00,2026-01-06 12:07:00,3,25.68,28.81,53.04
USDJPY,TRANSITION,2026-01-06 12:08:00,2026-01-06 12:08:00,1,21.89,35.18,49.59
USDJPY,TIGHT_RANGE,2026-01-06 12:09:00,2026-01-06 12:09:00,1,17.09,45.72,43.93
USDJPY,TRANSITION,2026-01-06 12:10:00,2026-01-06 12:17:00,8,18.55,44.14,44.53
USDJPY,TIGHT_RANGE,2026-01-06 12:18:00,2026-01-06 12:19:00,2,16.18,48.08,42.3
USDJPY,TRANSITION,2026-01-06 12:20:00,2026-01-06 12:20:00,1,17.99,48.35,43.13
USDJPY,LOW_LIQUIDITY,2026-01-06 12:21:00,2026-01-06 12:23:00,3,32.96,35.53,54.33
USDJPY,TIGHT_RANGE,2026-01-06 12:24:00,2026-01-06 12:26:00,3,25.51,44.12,48.13
USDJPY,TRANSITION,2026-01-06 12:27:00,2026-01-06 12:38:00,12,24.62,41.31,48.55
USDJPY,LOW_LIQUIDITY,2026-01-06 12:39:00,2026-01-06 12:40:00,2,28.95,30.37,53.22
USDJPY,TRANSITION,2026-01-06 12:41:00,2026-01-06 12:47:00,7,20.22,38.87,46.65
USDJPY,TIGHT_RANGE,2026-01-06 12:48:00,2026-01-06 12:48:00,1,16.45,50.51,41.34
USDJPY,TRANSITION,2026-01-06 12:49:00,2026-01-06 12:50:00,2,18.7,45.31,44.09
USDJPY,TIGHT_RANGE,2026-01-06 12:51:00,2026-01-06 12:52:00,2,20.74,28.2,50.16
USDJPY,LOW_LIQUIDITY,2026-01-06 12:53:00,2026-01-06 12:54:00,2,23.51,23.22,52.68
USDJPY,TRANSITION,2026-01-06 12:55:00,2026-01-06 13:06:00,12,23.46,33.3,49.34
USDJPY,TIGHT_RANGE,2026-01-06 13:07:00,2026-01-06 13:15:00,9,17.83,41.32,43.57
USDJPY,LOW_LIQUIDITY,2026-01-06 13:16:00,2026-01-06 13:16:00,1,26.88,28.17,52.19
USDJPY,TRANSITION,2026-01-06 13:17:00,2026-01-06 13:35:00,19,29.68,32.65,52.8
USDJPY,STRONG_TREND_UP,2026-01-06 13:36:00,2026-01-06 13:37:00,2,66.62,12.26,78.34
USDJPY,LOW_LIQUIDITY,2026-01-06 13:38:00,2026-01-06 13:49:00,12,39.81,24.18,62.53
USDJPY,TIGHT_RANGE,2026-01-06 13:50:00,2026-01-06 14:00:00,11,20.79,41.66,46.62
USDJPY,TRANSITION,2026-01-06 14:01:00,2026-01-06 14:02:00,2,23.18,36.8,48.93
USDJPY,TIGHT_RANGE,2026-01-06 14:03:00,2026-01-06 14:03:00,1,16.86,56.69,39.35
USDJPY,TRANSITION,2026-01-06 14:04:00,2026-01-06 14:04:00,1,23.88,42.7,47.72
USDJPY,TIGHT_RANGE,2026-01-06 14:05:00,2026-01-06 14:06:00,2,26.32,47.66,47.14
USDJPY,TRANSITION,2026-01-06 14:07:00,2026-01-06 15:16:00,70,35.29,36.96,52.72
USDJPY,WIDE_RANGE,2026-01-06 15:17:00,2026-01-06 15:19:00,3,27.45,53.07,45.46
USDJPY,TRANSITION,2026-01-06 15:20:00,2026-01-06 16:45:00,85,28.81,37.59,50.46
USDJPY,TIGHT_RANGE,2026-01-06 16:46:00,2026-01-06 16:47:00,2,21.71,42.78,43.16
USDJPY,TRANSITION,2026-01-06 16:48:00,2026-01-06 16:49:00,2,24.12,44.57,42.57
USDJPY,TIGHT_RANGE,2026-01-06 16:50:00,2026-01-06 16:55:00,6,19.93,44.78,39.13
USDJPY,LOW_LIQUIDITY,2026-01-06 16:56:00,2026-01-06 16:57:00,2,29.05,39.03,43.8
USDJPY,TIGHT_RANGE,2026-01-06 16:58:00,2026-01-06 16:58:00,1,22.45,45.11,37.21
USDJPY,TRANSITION,2026-01-06 16:59:00,2026-01-06 17:40:00,40,22.61,47.93,28.44
USDJPY,TIGHT_RANGE,2026-01-06 17:41:00,2026-01-06 17:44:00,4,19.92,52.85,32.14
USDJPY,LOW_LIQUIDITY,2026-01-06 17:45:00,2026-01-06 17:46:00,2,34.08,38.63,46.04
USDJPY,TIGHT_RANGE,2026-01-06 17:47:00,2026-01-06 17:52:00,6,17.21,51.03,36.69
USDJPY,LOW_LIQUIDITY,2026-01-06 17:53:00,2026-01-06 18:00:00,8,36.92,34.65,54.63
USDJPY,TRANSITION,2026-01-06 18:01:00,2026-01-06 18:47:00,46,30.17,32.17,56.73
USDJPY,WIDE_RANGE,2026-01-06 18:48:00,2026-01-06 19:02:00,15,29.04,55.91,48.35
USDJPY,TRANSITION,2026-01-06 19:03:00,2026-01-06 19:14:00,12,47.82,39.44,62.59
USDJPY,WIDE_RANGE,2026-01-06 19:15:00,2026-01-06 19:29:00,15,30.57,49.44,51.25
USDJPY,TRANSITION,2026-01-06 19:30:00,2026-01-06 19:35:00,6,41.38,31.2,62.42
USDJPY,WIDE_RANGE,2026-01-06 19:36:00,2026-01-06 19:37:00,2,33.57,41.71,55.26
USDJPY,TRANSITION,2026-01-06 19:38:00,2026-01-06 19:51:00,14,43.35,33.49,62.56
USDJPY,WIDE_RANGE,2026-01-06 19:52:00,2026-01-06 19:58:00,7,34.14,43.13,55.04
USDJPY,TRANSITION,2026-01-06 19:59:00,2026-01-06 20:00:00,2,40.3,32.23,61.57
USDJPY,WIDE_RANGE,2026-01-06 20:01:00,2026-01-06 20:10:00,10,30.11,39.16,54.13
USDJPY,TRANSITION,2026-01-06 20:11:00,2026-01-06 21:40:00,90,25.98,37.36,49.32
USDJPY,TIGHT_RANGE,2026-01-06 21:41:00,2026-01-06 21:54:00,14,18.85,37.07,49.59
USDJPY,LOW_LIQUIDITY,2026-01-06 21:55:00,2026-01-06 21:55:00,1,25.76,17.39,59.94
USDJPY,TRANSITION,2026-01-06 21:56:00,2026-01-07 00:07:00,132,29.43,36.53,51.81
USDJPY,WIDE_RANGE,2026-01-07 00:08:00,2026-01-07 00:08:00,1,32.95,42.46,50.76
USDJPY,TRANSITION,2026-01-07 00:09:00,2026-01-07 00:13:00,5,36.62,37.49,54.04
USDJPY,WIDE_RANGE,2026-01-07 00:14:00,2026-01-07 00:19:00,6,32.19,40.37,52.18
USDJPY,TRANSITION,2026-01-07 00:20:00,2026-01-07 00:21:00,2,30.32,32.62,52.95
USDJPY,WIDE_RANGE,2026-01-07 00:22:00,2026-01-07 00:23:00,2,24.52,37.92,48.63
USDJPY,TRANSITION,2026-01-07 00:24:00,2026-01-07 08:14:00,471,29.85,38.87,51.2
USDJPY,WIDE_RANGE,2026-01-07 08:15:00,2026-01-07 08:17:00,3,26.48,49.11,45.33
USDJPY,TRANSITION,2026-01-07 08:18:00,2026-01-07 08:18:00,1,35.2,38.82,53.06
USDJPY,WIDE_RANGE,2026-01-07 08:19:00,2026-01-07 08:19:00,1,26.87,50.06,45.52
USDJPY,TRANSITION,2026-01-07 08:20:00,2026-01-07 08:20:00,1,32.51,46.7,49.47
USDJPY,WIDE_RANGE,2026-01-07 08:21:00,2026-01-07 08:27:00,7,30.72,54.36,46.06
USDJPY,TRANSITION,2026-01-07 08:28:00,2026-01-07 08:37:00,10,39.48,37.92,56.98
USDJPY,WIDE_RANGE,2026-01-07 08:38:00,2026-01-07 08:39:00,2,28.25,51.91,49.31
USDJPY,TRANSITION,2026-01-07 08:40:00,2026-01-07 08:47:00,8,39.7,38.03,58.99
USDJPY,WIDE_RANGE,2026-01-07 08:48:00,2026-01-07 08:52:00,5,30.33,39.35,53.64
USDJPY,TRANSITION,2026-01-07 08:53:00,2026-01-07 10:00:00,68,29.19,38.17,53.54
USDJPY,WIDE_RANGE,2026-01-07 10:01:00,2026-01-07 10:13:00,13,32.55,53.45,44.04
USDJPY,TRANSITION,2026-01-07 10:14:00,2026-01-07 10:19:00,6,44.88,44.37,48.64
USDJPY,WIDE_RANGE,2026-01-07 10:20:00,2026-01-07 10:20:00,1,25.51,61.47,35.66
USDJPY,TRANSITION,2026-01-07 10:21:00,2026-01-07 10:21:00,1,39.47,41.07,49.6
USDJPY,WIDE_RANGE,2026-01-07 10:22:00,2026-01-07 10:23:00,2,34.01,46.44,45.49
USDJPY,TRANSITION,2026-01-07 10:24:00,2026-01-07 11:52:00,89,30.31,34.99,51.31
USDJPY,TIGHT_RANGE,2026-01-07 11:53:00,2026-01-07 11:56:00,4,22.07,33.03,52.92
USDJPY,LOW_LIQUIDITY,2026-01-07 11:57:00,2026-01-07 11:57:00,1,30.01,24.83,59.36
USDJPY,TIGHT_RANGE,2026-01-07 11:58:00,2026-01-07 12:00:00,3,20.94,31.39,52.96
USDJPY,TRANSITION,2026-01-07 12:01:00,2026-01-07 13:30:00,90,23.94,40.14,47.18
USDJPY,TIGHT_RANGE,2026-01-07 13:31:00,2026-01-07 13:31:00,1,28.6,31.06,51.8
USDJPY,LOW_LIQUIDITY,2026-01-07 13:32:00,2026-01-07 13:40:00,9,34.85,30.35,56.91
USDJPY,TIGHT_RANGE,2026-01-07 13:41:00,2026-01-07 13:44:00,4,15.82,50.36,43.51
USDJPY,TRANSITION,2026-01-07 13:45:00,2026-01-07 14:37:00,53,30.61,32.74,55.65
USDJPY,LOW_LIQUIDITY,2026-01-07 14:38:00,2026-01-07 14:38:00,1,30.1,24.54,57.96
USDJPY,TRANSITION,2026-01-07 14:39:00,2026-01-07 14:47:00,9,25.27,29.18,53.55
USDJPY,TIGHT_RANGE,2026-01-07 14:48:00,2026-01-07 14:49:00,2,16.62,42.47,45.34
USDJPY,TRANSITION,2026-01-07 14:50:00,2026-01-07 16:10:00,81,26.65,39.48,48.21
USDJPY,TIGHT_RANGE,2026-01-07 16:11:00,2026-01-07 16:12:00,2,20.91,58.65,32.52
USDJPY,LOW_LIQUIDITY,2026-01-07 16:13:00,2026-01-07 16:24:00,12,30.34,43.96,39.34
USDJPY,TIGHT_RANGE,2026-01-07 16:25:00,2026-01-07 16:38:00,14,18.53,48.44,36.85
USDJPY,LOW_LIQUIDITY,2026-01-07 16:39:00,2026-01-07 16:47:00,8,30.47,36.81,50.68
USDJPY,TRANSITION,2026-01-07 16:48:00,2026-01-07 17:36:00,35,35.41,41.9,40.58
USDJPY,LOW_LIQUIDITY,2026-01-07 17:37:00,2026-01-07 17:38:00,2,32.03,35.02,36.84
USDJPY,TRANSITION,2026-01-07 17:39:00,2026-01-07 17:41:00,3,37.84,36.45,39.01
USDJPY,WIDE_RANGE,2026-01-07 17:42:00,2026-01-07 17:47:00,6,30.66,50.31,31.0
USDJPY,TRANSITION,2026-01-07 17:48:00,2026-01-07 17:48:00,1,28.0,43.38,32.13
USDJPY,WIDE_RANGE,2026-01-07 17:49:00,2026-01-07 17:49:00,1,22.67,53.15,26.35
USDJPY,TRANSITION,2026-01-07 17:50:00,2026-01-07 17:52:00,3,23.89,53.38,26.84
USDJPY,WIDE_RANGE,2026-01-07 17:53:00,2026-01-07 17:55:00,3,26.69,55.09,27.55
USDJPY,TRANSITION,2026-01-07 17:56:00,2026-01-07 17:56:00,1,28.78,56.6,28.02
USDJPY,WIDE_RANGE,2026-01-07 17:57:00,2026-01-07 17:58:00,2,25.84,64.27,24.16
USDJPY,TRANSITION,2026-01-07 17:59:00,2026-01-07 18:27:00,27,33.28,38.95,49.18
USDJPY,STRONG_TREND_UP,2026-01-07 18:28:00,2026-01-07 18:28:00,1,68.71,22.19,78.06
USDJPY,TRANSITION,2026-01-07 18:29:00,2026-01-07 18:29:00,1,63.06,24.43,74.7
USDJPY,STRONG_TREND_UP,2026-01-07 18:30:00,2026-01-07 18:31:00,2,78.84,22.35,82.66
USDJPY,TRANSITION,2026-01-07 18:32:00,2026-01-07 18:32:00,1,56.7,28.38,70.43
USDJPY,STRONG_TREND_UP,2026-01-07 18:33:00,2026-01-07 18:34:00,2,65.9,23.79,76.22
USDJPY,TRANSITION,2026-01-07 18:35:00,2026-01-07 18:46:00,12,44.78,30.28,64.3
USDJPY,WIDE_RANGE,2026-01-07 18:47:00,2026-01-07 18:48:00,2,34.14,42.88,55.12
USDJPY,TRANSITION,2026-01-07 18:49:00,2026-01-07 18:49:00,1,38.34,38.07,58.69
USDJPY,WIDE_RANGE,2026-01-07 18:50:00,2026-01-07 18:57:00,8,27.71,49.33,49.98
USDJPY,TRANSITION,2026-01-07 18:58:00,2026-01-07 18:58:00,1,35.18,33.2,58.89
USDJPY,WIDE_RANGE,2026-01-07 18:59:00,2026-01-07 19:09:00,11,31.14,54.95,49.64
USDJPY,TRANSITION,2026-01-07 19:10:00,2026-01-07 19:10:00,1,45.39,41.52,60.76
USDJPY,WIDE_RANGE,2026-01-07 19:11:00,2026-01-07 19:17:00,7,31.75,50.67,51.38
USDJPY,TRANSITION,2026-01-07 19:18:00,2026-01-07 19:19:00,2,42.92,34.35,62.06
USDJPY,WIDE_RANGE,2026-01-07 19:20:00,2026-01-07 19:21:00,2,31.04,51.88,50.64
USDJPY,TRANSITION,2026-01-07 19:22:00,2026-01-07 19:22:00,1,40.65,34.07,61.12
USDJPY,WIDE_RANGE,2026-01-07 19:23:00,2026-01-07 19:24:00,2,31.95,40.82,54.81
USDJPY,TRANSITION,2026-01-07 19:25:00,2026-01-07 19:25:00,1,37.82,30.82,60.92
USDJPY,WIDE_RANGE,2026-01-07 19:26:00,2026-01-07 19:34:00,9,30.12,40.61,54.05
USDJPY,TRANSITION,2026-01-07 19:35:00,2026-01-07 22:36:00,182,34.4,36.29,55.99
USDJPY,WIDE_RANGE,2026-01-07 22:37:00,2026-01-07 22:39:00,3,31.8,48.98,46.6
USDJPY,TRANSITION,2026-01-07 22:40:00,2026-01-07 23:46:00,67,24.68,42.93,45.06
USDJPY,TIGHT_RANGE,2026-01-07 23:47:00,2026-01-07 23:48:00,2,24.16,37.66,48.94
USDJPY,TRANSITION,2026-01-07 23:49:00,2026-01-07 23:50:00,2,23.72,39.43,48.52
USDJPY,LOW_LIQUIDITY,2026-01-07 23:51:00,2026-01-07 23:55:00,5,32.17,24.7,59.37
USDJPY,TRANSITION,2026-01-07 23:56:00,2026-01-08 01:29:00,94,31.87,35.36,53.88
USDJPY,WIDE_RANGE,2026-01-08 01:30:00,2026-01-08 01:40:00,11,29.93,49.76,49.26
USDJPY,TRANSITION,2026-01-08 01:41:00,2026-01-08 02:36:00,56,28.11,33.74,53.06
USDJPY,WIDE_RANGE,2026-01-08 02:37:00,2026-01-08 02:37:00,1,28.55,37.25,52.25
USDJPY,TRANSITION,2026-01-08 02:38:00,2026-01-08 03:00:00,23,29.75,36.22,51.72
USDJPY,WIDE_RANGE,2026-01-08 03:01:00,2026-01-08 03:18:00,18,29.25,46.43,45.57
USDJPY,TRANSITION,2026-01-08 03:19:00,2026-01-08 04:10:00,52,33.61,29.03,56.08
USDJPY,LOW_LIQUIDITY,2026-01-08 04:11:00,2026-01-08 04:12:00,2,34.41,32.18,53.92
USDJPY,TRANSITION,2026-01-08 04:13:00,2026-01-08 04:23:00,11,23.61,40.86,46.93
USDJPY,LOW_LIQUIDITY,2026-01-08 04:24:00,2026-01-08 04:26:00,3,38.2,19.51,63.59
USDJPY,TRANSITION,2026-01-08 04:27:00,2026-01-08 04:40:00,14,28.61,33.62,54.07
USDJPY,LOW_LIQUIDITY,2026-01-08 04:41:00,2026-01-08 04:41:00,1,26.99,31.6,54.01
USDJPY,TIGHT_RANGE,2026-01-08 04:42:00,2026-01-08 04:44:00,3,21.91,38.01,49.47
USDJPY,TRANSITION,2026-01-08 04:45:00,2026-01-08 05:50:00,66,29.43,39.17,49.37
USDJPY,TIGHT_RANGE,2026-01-08 05:51:00,2026-01-08 05:51:00,1,20.78,54.33,43.15
USDJPY,LOW_LIQUIDITY,2026-01-08 05:52:00,2026-01-08 05:52:00,1,26.31,40.15,50.3
USDJPY,TIGHT_RANGE,2026-01-08 05:53:00,2026-01-08 05:53:00,1,19.6,52.17,43.11
USDJPY,LOW_LIQUIDITY,2026-01-08 05:54:00,2026-01-08 05:54:00,1,27.52,40.93,50.61
USDJPY,TIGHT_RANGE,2026-01-08 05:55:00,2026-01-08 06:05:00,11,18.16,49.76,44.17
USDJPY,TRANSITION,2026-01-08 06:06:00,2026-01-08 08:40:00,154,30.72,37.6,52.62
USDJPY,STRONG_TREND_UP,2026-01-08 08:41:00,2026-01-08 08:54:00,14,77.26,28.98,72.51
USDJPY,TRANSITION,2026-01-08 08:55:00,2026-01-08 08:58:00,4,60.7,31.6,65.13
USDJPY,STRONG_TREND_UP,2026-01-08 08:59:00,2026-01-08 09:02:00,4,67.48,28.61,68.78
USDJPY,TRANSITION,2026-01-08 09:03:00,2026-01-08 09:16:00,14,51.74,37.26,57.95
USDJPY,STRONG_TREND_UP,2026-01-08 09:17:00,2026-01-08 09:17:00,1,70.5,31.84,68.71
USDJPY,TRANSITION,2026-01-08 09:18:00,2026-01-08 09:25:00,8,48.61,39.87,57.43
USDJPY,WIDE_RANGE,2026-01-08 09:26:00,2026-01-08 09:27:00,2,25.81,47.98,45.03
USDJPY,TRANSITION,2026-01-08 09:28:00,2026-01-08 09:29:00,2,25.81,50.38,44.0
USDJPY,WIDE_RANGE,2026-01-08 09:30:00,2026-01-08 09:31:00,2,21.86,50.39,42.37
USDJPY,TRANSITION,2026-01-08 09:32:00,2026-01-08 09:32:00,1,22.24,47.72,44.01
USDJPY,WIDE_RANGE,2026-01-08 09:33:00,2026-01-08 09:41:00,9,28.59,48.12,47.5
USDJPY,TRANSITION,2026-01-08 09:42:00,2026-01-08 13:05:00,204,28.81,37.04,52.35
USDJPY,TIGHT_RANGE,2026-01-08 13:06:00,2026-01-08 13:07:00,2,20.88,39.2,49.1
USDJPY,TRANSITION,2026-01-08 13:08:00,2026-01-08 15:47:00,160,30.07,35.24,52.31
USDJPY,WIDE_RANGE,2026-01-08 15:48:00,2026-01-08 15:49:00,2,23.77,48.51,46.4
USDJPY,TRANSITION,2026-01-08 15:50:00,2026-01-08 16:53:00,64,32.88,39.96,48.66
USDJPY,WIDE_RANGE,2026-01-08 16:54:00,2026-01-08 16:54:00,1,36.01,55.51,41.45
USDJPY,TRANSITION,2026-01-08 16:55:00,2026-01-08 16:55:00,1,41.44,49.85,46.11
USDJPY,WIDE_RANGE,2026-01-08 16:56:00,2026-01-08 17:00:00,5,35.04,58.82,36.28
USDJPY,TRANSITION,2026-01-08 17:04:00,2026-01-08 17:04:00,1,39.39,46.67,36.25
USDJPY,WIDE_RANGE,2026-01-08 17:05:00,2026-01-08 17:05:00,1,28.99,56.48,28.13
USDJPY,TRANSITION,2026-01-08 17:06:00,2026-01-08 17:08:00,3,38.59,44.74,36.54
USDJPY,WIDE_RANGE,2026-01-08 17:09:00,2026-01-08 17:11:00,3,31.19,60.56,27.76
USDJPY,TRANSITION,2026-01-08 17:12:00,2026-01-08 17:25:00,14,25.01,53.02,27.48
USDJPY,LOW_LIQUIDITY,2026-01-08 17:26:00,2026-01-08 17:29:00,4,39.15,41.94,37.75
USDJPY,TRANSITION,2026-01-08 17:30:00,2026-01-08 18:24:00,55,32.53,40.74,44.2
USDJPY,LOW_LIQUIDITY,2026-01-08 18:25:00,2026-01-08 18:31:00,7,30.75,30.61,57.74
USDJPY,TIGHT_RANGE,2026-01-08 18:32:00,2026-01-08 18:34:00,3,20.44,41.45,49.31
USDJPY,TRANSITION,2026-01-08 18:35:00,2026-01-08 18:35:00,1,23.54,41.64,50.67
USDJPY,TIGHT_RANGE,2026-01-08 18:36:00,2026-01-08 18:39:00,4,22.02,38.74,50.96
USDJPY,LOW_LIQUIDITY,2026-01-08 18:40:00,2026-01-08 18:44:00,5,33.27,23.66,61.26
USDJPY,TRANSITION,2026-01-08 18:45:00,2026-01-08 18:49:00,5,35.41,25.78,61.53
USDJPY,LOW_LIQUIDITY,2026-01-08 18:50:00,2026-01-08 18:50:00,1,37.56,22.11,63.76
USDJPY,TRANSITION,2026-01-08 18:51:00,2026-01-08 19:02:00,12,19.75,39.05,49.81
USDJPY,WIDE_RANGE,2026-01-08 19:03:00,2026-01-08 19:13:00,11,31.37,49.53,51.59
USDJPY,TRANSITION,2026-01-08 19:14:00,2026-01-08 19:19:00,6,45.28,41.85,60.6
USDJPY,WIDE_RANGE,2026-01-08 19:20:00,2026-01-08 19:20:00,1,27.25,52.44,48.71
USDJPY,TRANSITION,2026-01-08 19:21:00,2026-01-08 19:25:00,5,27.01,41.65,52.26
USDJPY,WIDE_RANGE,2026-01-08 19:26:00,2026-01-08 19:26:00,1,30.3,39.55,54.49
USDJPY,TRANSITION,2026-01-08 19:27:00,2026-01-08 19:54:00,28,39.29,26.22,63.16
USDJPY,WIDE_RANGE,2026-01-08 19:55:00,2026-01-08 20:05:00,11,31.83,49.53,50.77
USDJPY,TRANSITION,2026-01-08 20:06:00,2026-01-08 20:11:00,6,44.59,38.9,58.64
USDJPY,WIDE_RANGE,2026-01-08 20:12:00,2026-01-08 20:18:00,7,26.1,49.03,46.03
USDJPY,TRANSITION,2026-01-08 20:19:00,2026-01-08 22:28:00,130,31.93,36.34,53.26
USDJPY,LOW_LIQUIDITY,2026-01-08 22:29:00,2026-01-08 22:30:00,2,30.82,36.81,51.9
USDJPY,TRANSITION,2026-01-08 22:31:00,2026-01-08 22:38:00,8,18.2,40.54,47.58
USDJPY,TIGHT_RANGE,2026-01-08 22:39:00,2026-01-08 22:52:00,14,20.43,38.88,50.18
USDJPY,LOW_LIQUIDITY,2026-01-08 22:53:00,2026-01-08 23:00:00,8,34.07,21.96,62.21
USDJPY,TRANSITION,2026-01-08 23:01:00,2026-01-09 00:06:00,66,32.23,39.25,51.09
USDJPY,WIDE_RANGE,2026-01-09 00:07:00,2026-01-09 00:07:00,1,35.27,38.32,57.19
USDJPY,TRANSITION,2026-01-09 00:08:00,2026-01-09 00:46:00,39,39.21,33.44,58.93
USDJPY,WIDE_RANGE,2026-01-09 00:47:00,2026-01-09 00:47:00,1,31.26,39.93,52.0
USDJPY,TRANSITION,2026-01-09 00:48:00,2026-01-09 05:04:00,257,32.97,35.91,53.24
USDJPY,TIGHT_RANGE,2026-01-09 05:05:00,2026-01-09 05:05:00,1,19.46,41.87,44.42
USDJPY,TRANSITION,2026-01-09 05:06:00,2026-01-09 05:12:00,7,20.23,40.71,45.64
USDJPY,TIGHT_RANGE,2026-01-09 05:13:00,2026-01-09 05:13:00,1,18.04,37.0,46.56
USDJPY,LOW_LIQUIDITY,2026-01-09 05:14:00,2026-01-09 05:15:00,2,26.24,30.1,53.27
USDJPY,TRANSITION,2026-01-09 05:16:00,2026-01-09 07:25:00,130,29.09,31.81,54.13
USDJPY,STRONG_TREND_UP,2026-01-09 07:26:00,2026-01-09 07:26:00,1,65.16,17.22,76.55
USDJPY,TRANSITION,2026-01-09 07:27:00,2026-01-09 07:43:00,17,48.86,26.85,62.57
USDJPY,WIDE_RANGE,2026-01-09 07:44:00,2026-01-09 07:44:00,1,18.96,60.81,34.89
USDJPY,TRANSITION,2026-01-09 07:45:00,2026-01-09 07:45:00,1,24.6,49.27,40.99
USDJPY,WIDE_RANGE,2026-01-09 07:46:00,2026-01-09 07:50:00,5,22.65,61.22,36.82
USDJPY,TRANSITION,2026-01-09 07:51:00,2026-01-09 07:51:00,1,28.85,53.38,42.85
USDJPY,WIDE_RANGE,2026-01-09 07:52:00,2026-01-09 07:55:00,4,28.9,49.97,45.7
USDJPY,TRANSITION,2026-01-09 07:56:00,2026-01-09 08:08:00,13,37.47,32.63,58.22
USDJPY,WIDE_RANGE,2026-01-09 08:09:00,2026-01-09 08:09:00,1,36.3,45.04,54.05
USDJPY,TRANSITION,2026-01-09 08:10:00,2026-01-09 08:20:00,11,43.42,30.8,62.28
USDJPY,WIDE_RANGE,2026-01-09 08:21:00,2026-01-09 08:28:00,8,28.17,40.96,52.65
USDJPY,TRANSITION,2026-01-09 08:29:00,2026-01-09 08:29:00,1,37.73,33.91,56.98
USDJPY,WIDE_RANGE,2026-01-09 08:30:00,2026-01-09 08:31:00,2,36.3,57.45,46.14
USDJPY,TRANSITION,2026-01-09 08:32:00,2026-01-09 08:32:00,1,38.02,49.63,48.67
USDJPY,WIDE_RANGE,2026-01-09 08:33:00,2026-01-09 08:34:00,2,30.91,60.81,41.17
USDJPY,TRANSITION,2026-01-09 08:35:00,2026-01-09 08:37:00,3,35.7,52.86,45.71
USDJPY,WIDE_RANGE,2026-01-09 08:38:00,2026-01-09 08:42:00,5,33.06,60.89,41.32
USDJPY,TRANSITION,2026-01-09 08:43:00,2026-01-09 08:43:00,1,36.81,44.73,48.22
USDJPY,WIDE_RANGE,2026-01-09 08:44:00,2026-01-09 08:44:00,1,32.95,48.15,45.15
USDJPY,TRANSITION,2026-01-09 08:45:00,2026-01-09 08:46:00,2,37.39,48.16,47.42
USDJPY,WIDE_RANGE,2026-01-09 08:47:00,2026-01-09 09:11:00,25,29.82,53.07,47.72
USDJPY,TRANSITION,2026-01-09 09:12:00,2026-01-09 09:12:00,1,61.97,34.68,68.31
USDJPY,STRONG_TREND_UP,2026-01-09 09:13:00,2026-01-09 09:14:00,2,68.11,33.48,71.06
USDJPY,TRANSITION,2026-01-09 09:15:00,2026-01-09 09:32:00,18,52.74,36.84,61.45
USDJPY,WIDE_RANGE,2026-01-09 09:33:00,2026-01-09 09:34:00,2,31.07,45.04,49.67
USDJPY,TRANSITION,2026-01-09 09:35:00,2026-01-09 10:27:00,53,30.78,38.73,51.11
USDJPY,TIGHT_RANGE,2026-01-09 10:28:00,2026-01-09 10:32:00,5,21.1,44.9,45.72
USDJPY,TRANSITION,2026-01-09 10:33:00,2026-01-09 11:31:00,59,32.65,26.61,58.77
USDJPY,LOW_LIQUIDITY,2026-01-09 11:32:00,2026-01-09 11:32:00,1,37.62,27.87,59.64
USDJPY,TRANSITION,2026-01-09 11:33:00,2026-01-09 11:44:00,12,32.32,28.27,55.85
USDJPY,TIGHT_RANGE,2026-01-09 11:45:00,2026-01-09 11:46:00,2,21.74,33.11,48.88
USDJPY,TRANSITION,2026-01-09 11:47:00,2026-01-09 11:52:00,6,19.62,39.53,45.3
USDJPY,LOW_LIQUIDITY,2026-01-09 11:53:00,2026-01-09 11:56:00,4,31.59,25.05,55.51
USDJPY,TIGHT_RANGE,2026-01-09 11:57:00,2026-01-09 12:00:00,4,21.99,41.57,45.82
USDJPY,LOW_LIQUIDITY,2026-01-09 12:01:00,2026-01-09 12:02:00,2,28.6,27.98,53.41
USDJPY,TRANSITION,2026-01-09 12:03:00,2026-01-09 15:20:00,198,25.75,39.01,48.99
USDJPY,TIGHT_RANGE,2026-01-09 15:21:00,2026-01-09 15:23:00,3,16.49,47.14,41.7
USDJPY,LOW_LIQUIDITY,2026-01-09 15:24:00,2026-01-09 15:24:00,1,28.12,27.91,52.81
USDJPY,TIGHT_RANGE,2026-01-09 15:25:00,2026-01-09 15:36:00,12,18.44,41.65,42.63
USDJPY,TRANSITION,2026-01-09 15:37:00,2026-01-11 17:10:00,94,27.88,45.89,44.29
USDJPY,WHIPSAW,2026-01-11 17:11:00,2026-01-11 17:11:00,1,22.63,70.23,20.53
USDJPY,WIDE_RANGE,2026-01-11 17:12:00,2026-01-11 17:16:00,5,23.12,66.59,21.99
USDJPY,TRANSITION,2026-01-11 17:17:00,2026-01-11 17:32:00,15,27.29,59.08,26.46
USDJPY,LOW_LIQUIDITY,2026-01-11 17:33:00,2026-01-11 17:44:00,12,33.93,43.1,35.83
USDJPY,TIGHT_RANGE,2026-01-11 17:45:00,2026-01-11 17:55:00,11,17.43,53.1,32.07
USDJPY,LOW_LIQUIDITY,2026-01-11 17:56:00,2026-01-11 18:01:00,3,32.96,36.08,46.33
USDJPY,TRANSITION,2026-01-11 18:02:00,2026-01-11 18:14:00,13,32.78,43.6,48.54
USDJPY,WIDE_RANGE,2026-01-11 18:15:00,2026-01-11 18:19:00,5,31.19,37.29,55.59
USDJPY,TRANSITION,2026-01-11 18:20:00,2026-01-11 18:37:00,18,49.58,20.02,70.0
USDJPY,WIDE_RANGE,2026-01-11 18:38:00,2026-01-11 18:45:00,8,26.16,45.05,50.72
USDJPY,TRANSITION,2026-01-11 18:46:00,2026-01-11 18:47:00,2,30.07,42.8,53.27
USDJPY,WIDE_RANGE,2026-01-11 18:48:00,2026-01-11 18:57:00,10,23.52,51.66,47.25
USDJPY,TRANSITION,2026-01-11 18:58:00,2026-01-11 18:59:00,2,22.43,46.62,48.47
USDJPY,WIDE_RANGE,2026-01-11 19:00:00,2026-01-11 19:02:00,3,30.31,41.41,53.86
USDJPY,TRANSITION,2026-01-11 19:03:00,2026-01-11 19:03:00,1,45.1,31.28,64.11
USDJPY,WIDE_RANGE,2026-01-11 19:04:00,2026-01-11 19:05:00,2,37.47,41.16,57.25
USDJPY,TRANSITION,2026-01-11 19:06:00,2026-01-11 19:42:00,37,49.96,37.03,64.39
USDJPY,STRONG_TREND_DOWN,2026-01-11 19:43:00,2026-01-11 19:43:00,1,65.99,26.63,75.3
USDJPY,TRANSITION,2026-01-11 19:44:00,2026-01-11 20:01:00,18,51.53,31.83,66.21
USDJPY,WIDE_RANGE,2026-01-11 20:02:00,2026-01-11 20:03:00,2,29.79,54.63,45.67
USDJPY,TRANSITION,2026-01-11 20:04:00,2026-01-11 20:55:00,52,31.53,40.18,51.75
USDJPY,TIGHT_RANGE,2026-01-11 20:56:00,2026-01-11 20:59:00,4,19.19,41.58,48.69
USDJPY,LOW_LIQUIDITY,2026-01-11 21:00:00,2026-01-11 21:00:00,1,30.67,22.17,60.57
USDJPY,TIGHT_RANGE,2026-01-11 21:01:00,2026-01-11 21:04:00,4,18.1,40.16,48.67
USDJPY,TRANSITION,2026-01-11 21:05:00,2026-01-11 21:24:00,20,22.57,33.44,53.01
USDJPY,LOW_LIQUIDITY,2026-01-11 21:25:00,2026-01-11 21:29:00,5,49.68,12.55,72.59
USDJPY,TRANSITION,2026-01-11 21:30:00,2026-01-11 21:38:00,9,49.07,18.47,70.3
USDJPY,LOW_LIQUIDITY,2026-01-11 21:39:00,2026-01-11 21:40:00,2,32.3,26.45,59.81
USDJPY,TRANSITION,2026-01-11 21:41:00,2026-01-11 21:48:00,8,35.75,21.83,62.11
USDJPY,LOW_LIQUIDITY,2026-01-11 21:49:00,2026-01-11 21:49:00,1,28.83,22.42,57.22
USDJPY,TIGHT_RANGE,2026-01-11 21:50:00,2026-01-11 21:50:00,1,28.55,37.49,51.82
USDJPY,LOW_LIQUIDITY,2026-01-11 21:51:00,2026-01-11 21:53:00,3,35.39,34.4,55.8
USDJPY,TRANSITION,2026-01-11 21:54:00,2026-01-11 21:58:00,5,52.29,23.09,68.07
USDJPY,STRONG_TREND_UP,2026-01-11 21:59:00,2026-01-11 21:59:00,1,66.98,15.99,78.37
USDJPY,TRANSITION,2026-01-11 22:00:00,2026-01-11 23:47:00,108,30.15,33.7,52.49
USDJPY,TIGHT_RANGE,2026-01-11 23:48:00,2026-01-11 23:56:00,9,18.05,44.94,44.41
USDJPY,LOW_LIQUIDITY,2026-01-11 23:57:00,2026-01-11 23:57:00,1,25.89,34.48,50.82
USDJPY,TIGHT_RANGE,2026-01-11 23:58:00,2026-01-11 23:58:00,1,21.79,31.66,50.36
USDJPY,LOW_LIQUIDITY,2026-01-11 23:59:00,2026-01-11 23:59:00,1,24.51,19.09,56.59
USDJPY,TRANSITION,2026-01-12 00:00:00,2026-01-12 02:34:00,155,32.13,37.05,52.11
USDJPY,WIDE_RANGE,2026-01-12 02:35:00,2026-01-12 02:36:00,2,24.48,45.56,49.77
USDJPY,TRANSITION,2026-01-12 02:37:00,2026-01-12 02:59:00,23,28.54,41.43,53.04
USDJPY,WIDE_RANGE,2026-01-12 03:00:00,2026-01-12 03:00:00,1,23.72,41.66,50.75
USDJPY,TRANSITION,2026-01-12 03:01:00,2026-01-12 03:01:00,1,27.03,37.77,53.59
USDJPY,WIDE_RANGE,2026-01-12 03:02:00,2026-01-12 03:03:00,2,24.84,43.77,50.55
USDJPY,TRANSITION,2026-01-12 03:04:00,2026-01-12 03:12:00,9,37.26,35.86,58.88
USDJPY,WIDE_RANGE,2026-01-12 03:13:00,2026-01-12 03:22:00,10,30.25,44.19,51.25
USDJPY,TRANSITION,2026-01-12 03:23:00,2026-01-12 05:09:00,107,31.91,32.16,55.57
USDJPY,LOW_LIQUIDITY,2026-01-12 05:10:00,2026-01-12 05:10:00,1,29.97,19.11,59.34
USDJPY,TIGHT_RANGE,2026-01-12 05:11:00,2026-01-12 05:15:00,5,19.34,43.17,46.46
USDJPY,LOW_LIQUIDITY,2026-01-12 05:16:00,2026-01-12 05:16:00,1,29.56,35.73,53.23
USDJPY,TRANSITION,2026-01-12 05:17:00,2026-01-12 05:49:00,33,28.07,38.91,47.14
USDJPY,TIGHT_RANGE,2026-01-12 05:50:00,2026-01-12 05:50:00,1,23.43,46.85,39.78
USDJPY,LOW_LIQUIDITY,2026-01-12 05:51:00,2026-01-12 05:51:00,1,25.85,41.65,42.94
USDJPY,TRANSITION,2026-01-12 05:52:00,2026-01-12 05:52:00,1,29.69,37.16,46.36
USDJPY,LOW_LIQUIDITY,2026-01-12 05:53:00,2026-01-12 05:53:00,1,40.49,29.22,54.33
USDJPY,TRANSITION,2026-01-12 05:54:00,2026-01-12 05:55:00,2,42.8,28.35,55.16
USDJPY,LOW_LIQUIDITY,2026-01-12 05:56:00,2026-01-12 05:56:00,1,43.49,26.53,56.33
USDJPY,TRANSITION,2026-01-12 05:57:00,2026-01-12 07:18:00,82,32.52,37.01,50.69
USDJPY,WIDE_RANGE,2026-01-12 07:19:00,2026-01-12 07:19:00,1,24.48,41.13,50.92
USDJPY,TRANSITION,2026-01-12 07:20:00,2026-01-12 09:05:00,106,32.87,37.48,53.29
USDJPY,STRONG_TREND_UP,2026-01-12 09:06:00,2026-01-12 09:06:00,1,66.47,27.05,70.92
USDJPY,TRANSITION,2026-01-12 09:07:00,2026-01-12 13:36:00,270,29.56,35.41,52.69
USDJPY,LOW_LIQUIDITY,2026-01-12 13:37:00,2026-01-12 13:37:00,1,28.18,31.33,55.2
USDJPY,TIGHT_RANGE,2026-01-12 13:38:00,2026-01-12 13:43:00,6,20.04,35.74,50.21
USDJPY,LOW_LIQUIDITY,2026-01-12 13:44:00,2026-01-12 13:47:00,4,31.53,20.25,61.11
USDJPY,TIGHT_RANGE,2026-01-12 13:48:00,2026-01-12 13:49:00,2,22.74,24.73,55.64
USDJPY,LOW_LIQUIDITY,2026-01-12 13:50:00,2026-01-12 14:01:00,12,37.05,25.37,62.23
USDJPY,TRANSITION,2026-01-12 14:02:00,2026-01-12 14:02:00,1,45.32,21.99,66.72
USDJPY,LOW_LIQUIDITY,2026-01-12 14:03:00,2026-01-12 14:04:00,2,41.45,27.2,63.21
USDJPY,TRANSITION,2026-01-12 14:05:00,2026-01-12 14:10:00,6,28.53,32.56,55.18
USDJPY,TIGHT_RANGE,2026-01-12 14:11:00,2026-01-12 14:13:00,3,23.5,34.24,51.34
USDJPY,LOW_LIQUIDITY,2026-01-12 14:14:00,2026-01-12 14:14:00,1,27.12,30.77,54.06
USDJPY,TIGHT_RANGE,2026-01-12 14:15:00,2026-01-12 14:19:00,5,24.89,41.38,49.19
USDJPY,LOW_LIQUIDITY,2026-01-12 14:20:00,2026-01-12 14:23:00,4,27.46,22.06,56.61
USDJPY,TRANSITION,2026-01-12 14:24:00,2026-01-12 17:02:00,158,30.41,37.38,50.35
USDJPY,WHIPSAW,2026-01-12 17:03:00,2026-01-12 17:03:00,1,16.65,72.2,17.11
USDJPY,TRANSITION,2026-01-12 17:04:00,2026-01-12 17:09:00,6,29.7,63.67,26.01
USDJPY,WHIPSAW,2026-01-12 17:10:00,2026-01-12 17:10:00,1,28.51,75.89,21.31
USDJPY,TRANSITION,2026-01-12 17:11:00,2026-01-12 17:13:00,3,35.74,66.05,27.98
USDJPY,WHIPSAW,2026-01-12 17:14:00,2026-01-12 17:20:00,7,24.27,77.29,18.88
USDJPY,WIDE_RANGE,2026-01-12 17:21:00,2026-01-12 17:21:00,1,17.97,64.02,20.5
USDJPY,WHIPSAW,2026-01-12 17:22:00,2026-01-12 17:24:00,3,15.93,72.82,16.57
USDJPY,WIDE_RANGE,2026-01-12 17:25:00,2026-01-12 17:25:00,1,24.36,59.88,24.85
USDJPY,TRANSITION,2026-01-12 17:26:00,2026-01-12 17:30:00,5,22.34,55.3,25.47
USDJPY,WIDE_RANGE,2026-01-12 17:31:00,2026-01-12 17:31:00,1,16.67,61.71,20.68
USDJPY,TRANSITION,2026-01-12 17:32:00,2026-01-12 17:33:00,2,33.38,48.34,32.92
USDJPY,WIDE_RANGE,2026-01-12 17:34:00,2026-01-12 17:34:00,1,20.18,64.37,21.4
USDJPY,TRANSITION,2026-01-12 17:35:00,2026-01-12 17:36:00,2,32.32,50.17,31.81
USDJPY,WIDE_RANGE,2026-01-12 17:37:00,2026-01-12 17:39:00,3,29.98,56.03,28.74
USDJPY,WHIPSAW,2026-01-12 17:40:00,2026-01-12 17:40:00,1,26.61,70.37,22.32
USDJPY,WIDE_RANGE,2026-01-12 17:41:00,2026-01-12 17:42:00,2,36.03,56.95,33.45
USDJPY,TRANSITION,2026-01-12 17:43:00,2026-01-12 17:46:00,4,40.84,41.08,47.48
USDJPY,WIDE_RANGE,2026-01-12 17:47:00,2026-01-12 17:47:00,1,32.27,52.8,43.21
USDJPY,TRANSITION,2026-01-12 17:48:00,2026-01-12 17:50:00,3,43.04,36.84,55.71
USDJPY,WIDE_RANGE,2026-01-12 17:51:00,2026-01-12 17:51:00,1,32.43,40.07,51.0
USDJPY,TRANSITION,2026-01-12 17:52:00,2026-01-12 17:55:00,4,39.41,31.35,57.74
USDJPY,WIDE_RANGE,2026-01-12 17:56:00,2026-01-12 18:00:00,5,34.28,50.2,47.9
USDJPY,TRANSITION,2026-01-12 18:01:00,2026-01-12 18:02:00,2,44.5,41.88,55.09
USDJPY,WIDE_RANGE,2026-01-12 18:03:00,2026-01-12 18:03:00,1,37.89,44.35,51.35
USDJPY,TRANSITION,2026-01-12 18:04:00,2026-01-12 18:06:00,3,42.39,40.53,54.77
USDJPY,WIDE_RANGE,2026-01-12 18:07:00,2026-01-12 18:07:00,1,31.28,44.58,49.19
USDJPY,TRANSITION,2026-01-12 18:08:00,2026-01-12 18:19:00,10,43.35,32.08,62.01
USDJPY,WIDE_RANGE,2026-01-12 18:20:00,2026-01-12 18:20:00,1,10.31,54.56,40.19
USDJPY,TRANSITION,2026-01-12 18:21:00,2026-01-12 18:27:00,7,35.98,45.61,55.04
USDJPY,WIDE_RANGE,2026-01-12 18:28:00,2026-01-12 18:30:00,3,34.39,51.53,52.3
USDJPY,TRANSITION,2026-01-12 18:31:00,2026-01-12 18:40:00,10,37.46,46.5,55.42
USDJPY,WIDE_RANGE,2026-01-12 18:41:00,2026-01-12 18:44:00,4,22.78,49.97,47.49
USDJPY,TRANSITION,2026-01-12 18:45:00,2026-01-12 18:45:00,1,27.77,41.72,52.59
USDJPY,WIDE_RANGE,2026-01-12 18:46:00,2026-01-12 18:47:00,2,25.05,48.8,48.93
USDJPY,TRANSITION,2026-01-12 18:48:00,2026-01-12 18:48:00,1,29.41,43.45,52.76
USDJPY,WIDE_RANGE,2026-01-12 18:49:00,2026-01-12 18:52:00,4,25.6,47.98,49.46
USDJPY,TRANSITION,2026-01-12 18:53:00,2026-01-12 18:53:00,1,29.21,39.81,53.9
USDJPY,WIDE_RANGE,2026-01-12 18:54:00,2026-01-12 18:57:00,4,25.6,44.95,50.49
USDJPY,TRANSITION,2026-01-12 18:58:00,2026-01-12 18:58:00,1,29.67,38.53,54.55
USDJPY,WIDE_RANGE,2026-01-12 18:59:00,2026-01-12 19:14:00,16,24.07,50.88,47.77
USDJPY,TRANSITION,2026-01-12 19:15:00,2026-01-12 20:36:00,82,37.52,30.37,59.58
USDJPY,STRONG_TREND_UP,2026-01-12 20:37:00,2026-01-12 20:38:00,2,66.06,26.94,74.06
USDJPY,TRANSITION,2026-01-12 20:39:00,2026-01-12 22:41:00,123,33.41,34.46,54.92
USDJPY,LOW_LIQUIDITY,2026-01-12 22:42:00,2026-01-12 22:51:00,10,45.5,27.68,63.87
USDJPY,TRANSITION,2026-01-12 22:52:00,2026-01-12 23:18:00,27,38.55,30.18,58.27
USDJPY,WIDE_RANGE,2026-01-12 23:19:00,2026-01-12 23:19:00,1,21.82,54.18,42.63
USDJPY,TRANSITION,2026-01-12 23:20:00,2026-01-12 23:20:00,1,31.26,45.15,49.58
USDJPY,WIDE_RANGE,2026-01-12 23:21:00,2026-01-12 23:21:00,1,27.87,56.07,43.36
USDJPY,TRANSITION,2026-01-12 23:22:00,2026-01-12 23:33:00,12,40.09,54.17,47.28
USDJPY,WIDE_RANGE,2026-01-12 23:34:00,2026-01-12 23:36:00,3,38.35,60.33,42.43
USDJPY,TRANSITION,2026-01-12 23:37:00,2026-01-12 23:38:00,2,43.55,54.26,47.28
USDJPY,WIDE_RANGE,2026-01-12 23:39:00,2026-01-12 23:41:00,3,34.16,55.5,42.57
USDJPY,TRANSITION,2026-01-12 23:42:00,2026-01-13 00:07:00,26,30.2,40.86,47.91
USDJPY,WIDE_RANGE,2026-01-13 00:08:00,2026-01-13 00:13:00,6,23.22,53.46,39.78
USDJPY,TRANSITION,2026-01-13 00:14:00,2026-01-13 00:35:00,22,25.03,39.04,49.9
USDJPY,TIGHT_RANGE,2026-01-13 00:36:00,2026-01-13 00:39:00,4,19.98,38.9,49.96
USDJPY,LOW_LIQUIDITY,2026-01-13 00:40:00,2026-01-13 00:46:00,7,35.01,22.1,62.59
USDJPY,TIGHT_RANGE,2026-01-13 00:47:00,2026-01-13 00:47:00,1,19.52,34.51,51.1
USDJPY,LOW_LIQUIDITY,2026-01-13 00:48:00,2026-01-13 00:48:00,1,28.01,26.98,57.53
USDJPY,TIGHT_RANGE,2026-01-13 00:49:00,2026-01-13 00:50:00,2,25.92,31.9,54.5
USDJPY,LOW_LIQUIDITY,2026-01-13 00:51:00,2026-01-13 00:54:00,4,35.11,25.2,59.67
USDJPY,TIGHT_RANGE,2026-01-13 00:55:00,2026-01-13 00:55:00,1,25.95,34.17,51.77
USDJPY,LOW_LIQUIDITY,2026-01-13 00:56:00,2026-01-13 00:56:00,1,28.11,28.46,54.43
USDJPY,TIGHT_RANGE,2026-01-13 00:57:00,2026-01-13 00:57:00,1,20.1,33.15,49.31
USDJPY,LOW_LIQUIDITY,2026-01-13 00:58:00,2026-01-13 00:58:00,1,24.74,27.41,53.46
USDJPY,TIGHT_RANGE,2026-01-13 00:59:00,2026-01-13 00:59:00,1,21.23,33.94,49.52
USDJPY,LOW_LIQUIDITY,2026-01-13 01:00:00,2026-01-13 01:02:00,3,37.41,25.79,59.04
USDJPY,TRANSITION,2026-01-13 01:03:00,2026-01-13 02:10:00,68,34.06,29.26,57.17
USDJPY,WIDE_RANGE,2026-01-13 02:11:00,2026-01-13 02:15:00,5,28.58,55.54,41.78
USDJPY,TRANSITION,2026-01-13 02:16:00,2026-01-13 02:59:00,44,36.83,36.37,54.81
USDJPY,STRONG_TREND_UP,2026-01-13 03:00:00,2026-01-13 03:00:00,1,68.0,10.78,79.27
USDJPY,TRANSITION,2026-01-13 03:01:00,2026-01-13 03:14:00,14,31.67,36.19,53.23
USDJPY,WIDE_RANGE,2026-01-13 03:15:00,2026-01-13 03:22:00,8,27.74,50.14,46.6
USDJPY,TRANSITION,2026-01-13 03:23:00,2026-01-13 03:44:00,22,31.05,32.78,56.34
USDJPY,TIGHT_RANGE,2026-01-13 03:45:00,2026-01-13 03:48:00,4,21.26,31.15,52.8
USDJPY,TRANSITION,2026-01-13 03:49:00,2026-01-13 07:34:00,226,27.44,37.17,50.69
USDJPY,TIGHT_RANGE,2026-01-13 07:35:00,2026-01-13 07:35:00,1,18.52,43.71,47.39
USDJPY,TRANSITION,2026-01-13 07:36:00,2026-01-13 08:10:00,35,30.8,37.79,53.25
USDJPY,WIDE_RANGE,2026-01-13 08:11:00,2026-01-13 08:13:00,3,34.72,40.03,53.76
USDJPY,TRANSITION,2026-01-13 08:14:00,2026-01-13 08:18:00,5,34.53,42.88,51.47
USDJPY,WIDE_RANGE,2026-01-13 08:19:00,2026-01-13 08:19:00,1,31.31,48.12,46.87
USDJPY,TRANSITION,2026-01-13 08:20:00,2026-01-13 08:32:00,13,38.62,44.73,49.3
USDJPY,WIDE_RANGE,2026-01-13 08:33:00,2026-01-13 08:33:00,1,31.47,61.58,36.06
USDJPY,TRANSITION,2026-01-13 08:34:00,2026-01-13 08:35:00,2,35.73,60.12,37.97
USDJPY,WIDE_RANGE,2026-01-13 08:36:00,2026-01-13 08:50:00,15,33.1,65.35,35.35
USDJPY,TRANSITION,2026-01-13 08:51:00,2026-01-13 08:56:00,6,46.99,45.77,51.59
USDJPY,WIDE_RANGE,2026-01-13 08:57:00,2026-01-13 09:04:00,8,30.24,54.22,41.44
USDJPY,TRANSITION,2026-01-13 09:05:00,2026-01-13 09:05:00,1,21.41,59.71,36.72
USDJPY,WIDE_RANGE,2026-01-13 09:06:00,2026-01-13 09:06:00,1,25.38,58.62,39.27
USDJPY,TRANSITION,2026-01-13 09:07:00,2026-01-13 09:08:00,2,25.85,56.59,40.84
USDJPY,WIDE_RANGE,2026-01-13 09:09:00,2026-01-13 09:10:00,2,30.17,47.69,46.97
USDJPY,TRANSITION,2026-01-13 09:11:00,2026-01-13 12:28:00,198,27.57,37.52,51.87
USDJPY,TIGHT_RANGE,2026-01-13 12:29:00,2026-01-13 12:31:00,3,20.31,48.74,42.7
USDJPY,TRANSITION,2026-01-13 12:32:00,2026-01-13 13:40:00,69,27.0,34.53,51.21
USDJPY,TIGHT_RANGE,2026-01-13 13:41:00,2026-01-13 13:48:00,8,17.65,44.58,42.55
USDJPY,LOW_LIQUIDITY,2026-01-13 13:49:00,2026-01-13 13:49:00,1,33.02,28.31,55.61
USDJPY,TRANSITION,2026-01-13 13:50:00,2026-01-13 14:09:00,20,36.38,30.55,58.09
USDJPY,LOW_LIQUIDITY,2026-01-13 14:10:00,2026-01-13 14:16:00,7,40.7,24.51,61.82
USDJPY,TRANSITION,2026-01-13 14:17:00,2026-01-13 14:48:00,32,35.87,28.68,57.32
USDJPY,TIGHT_RANGE,2026-01-13 14:49:00,2026-01-13 14:50:00,2,21.16,42.05,46.64
USDJPY,LOW_LIQUIDITY,2026-01-13 14:51:00,2026-01-13 14:53:00,3,28.68,26.51,55.51
USDJPY,TRANSITION,2026-01-13 14:54:00,2026-01-13 16:36:00,103,26.77,41.16,46.42
USDJPY,TIGHT_RANGE,2026-01-13 16:37:00,2026-01-13 16:39:00,3,18.69,47.34,41.8
USDJPY,LOW_LIQUIDITY,2026-01-13 16:40:00,2026-01-13 16:40:00,1,26.25,35.03,49.89
USDJPY,TIGHT_RANGE,2026-01-13 16:41:00,2026-01-13 16:42:00,2,22.56,45.38,44.43
USDJPY,LOW_LIQUIDITY,2026-01-13 16:43:00,2026-01-13 16:43:00,1,29.94,38.82,50.75
USDJPY,TIGHT_RANGE,2026-01-13 16:44:00,2026-01-13 16:45:00,2,26.81,43.39,47.73
USDJPY,LOW_LIQUIDITY,2026-01-13 16:46:00,2026-01-13 16:47:00,2,29.01,37.31,50.84
USDJPY,TIGHT_RANGE,2026-01-13 16:48:00,2026-01-13 16:48:00,1,22.54,43.96,45.93
USDJPY,LOW_LIQUIDITY,2026-01-13 16:49:00,2026-01-13 16:49:00,1,30.08,39.38,51.4
USDJPY,TIGHT_RANGE,2026-01-13 16:50:00,2026-01-13 16:51:00,2,25.23,43.56,47.31
USDJPY,LOW_LIQUIDITY,2026-01-13 16:52:00,2026-01-13 16:58:00,7,42.54,34.86,56.01
USDJPY,TRANSITION,2026-01-13 16:59:00,2026-01-13 17:14:00,15,21.8,60.6,24.39
USDJPY,WIDE_RANGE,2026-01-13 17:15:00,2026-01-13 17:19:00,5,21.18,55.36,24.92
USDJPY,TRANSITION,2026-01-13 17:20:00,2026-01-13 17:38:00,18,27.56,56.93,27.32
USDJPY,WHIPSAW,2026-01-13 17:39:00,2026-01-13 17:39:00,1,22.65,76.32,18.47
USDJPY,TRANSITION,2026-01-13 17:40:00,2026-01-13 17:54:00,15,39.15,53.26,39.63
USDJPY,WIDE_RANGE,2026-01-13 17:55:00,2026-01-13 17:56:00,2,31.18,55.95,38.58
USDJPY,TRANSITION,2026-01-13 17:57:00,2026-01-13 17:58:00,2,37.14,53.35,41.42
USDJPY,WIDE_RANGE,2026-01-13 17:59:00,2026-01-13 17:59:00,1,31.44,60.27,35.69
USDJPY,TRANSITION,2026-01-13 18:00:00,2026-01-13 18:00:00,1,49.56,48.36,48.01
USDJPY,WIDE_RANGE,2026-01-13 18:01:00,2026-01-13 18:01:00,1,35.8,55.84,39.93
USDJPY,TRANSITION,2026-01-13 18:02:00,2026-01-13 18:03:00,2,42.28,49.75,45.84
USDJPY,WIDE_RANGE,2026-01-13 18:04:00,2026-01-13 18:05:00,2,26.74,63.71,35.69
USDJPY,TRANSITION,2026-01-13 18:06:00,2026-01-13 18:07:00,2,41.23,41.04,51.38
USDJPY,WIDE_RANGE,2026-01-13 18:08:00,2026-01-13 18:23:00,16,25.89,60.9,43.37
USDJPY,TRANSITION,2026-01-13 18:24:00,2026-01-13 18:31:00,7,21.55,47.49,47.77
USDJPY,TIGHT_RANGE,2026-01-13 18:32:00,2026-01-13 18:37:00,6,21.22,46.64,47.9
USDJPY,TRANSITION,2026-01-13 18:38:00,2026-01-13 18:38:00,1,33.14,33.81,57.75
USDJPY,LOW_LIQUIDITY,2026-01-13 18:39:00,2026-01-13 18:39:00,1,41.04,23.75,64.8
USDJPY,TRANSITION,2026-01-13 18:40:00,2026-01-13 18:59:00,20,28.98,34.39,55.64
USDJPY,WIDE_RANGE,2026-01-13 19:00:00,2026-01-13 19:00:00,1,26.25,48.92,49.44
USDJPY,TRANSITION,2026-01-13 19:01:00,2026-01-13 19:09:00,9,50.14,35.92,64.85
USDJPY,STRONG_TREND_UP,2026-01-13 19:10:00,2026-01-13 19:10:00,1,65.42,24.32,75.82
USDJPY,TRANSITION,2026-01-13 19:11:00,2026-01-13 19:16:00,6,52.19,32.21,67.05
USDJPY,WIDE_RANGE,2026-01-13 19:17:00,2026-01-13 19:20:00,4,23.11,49.67,47.74
USDJPY,TRANSITION,2026-01-13 19:21:00,2026-01-13 19:36:00,16,41.83,39.1,59.95
USDJPY,WIDE_RANGE,2026-01-13 19:37:00,2026-01-13 19:37:00,1,33.05,46.96,53.24
USDJPY,TRANSITION,2026-01-13 19:38:00,2026-01-13 19:38:00,1,36.84,41.66,56.78
USDJPY,WIDE_RANGE,2026-01-13 19:39:00,2026-01-13 19:47:00,9,27.43,52.46,48.78
USDJPY,TRANSITION,2026-01-13 19:48:00,2026-01-13 19:50:00,3,34.81,34.33,58.34
USDJPY,WIDE_RANGE,2026-01-13 19:51:00,2026-01-13 19:52:00,2,25.98,48.05,49.62
USDJPY,TRANSITION,2026-01-13 19:53:00,2026-01-13 19:54:00,2,40.02,32.41,61.39
USDJPY,WIDE_RANGE,2026-01-13 19:55:00,2026-01-13 19:55:00,1,34.84,47.87,53.75
USDJPY,TRANSITION,2026-01-13 19:56:00,2026-01-13 20:36:00,41,47.26,31.86,64.69
USDJPY,TIGHT_RANGE,2026-01-13 20:37:00,2026-01-13 20:37:00,1,18.49,39.77,46.14
USDJPY,TRANSITION,2026-01-13 20:38:00,2026-01-13 23:18:00,161,28.15,33.14,52.11
USDJPY,LOW_LIQUIDITY,2026-01-13 23:19:00,2026-01-13 23:32:00,14,40.93,27.93,62.18
USDJPY,TRANSITION,2026-01-13 23:33:00,2026-01-14 01:15:00,103,30.3,38.56,51.55
USDJPY,WIDE_RANGE,2026-01-14 01:16:00,2026-01-14 01:16:00,1,33.42,44.17,53.81
USDJPY,TRANSITION,2026-01-14 01:17:00,2026-01-14 01:21:00,5,36.89,41.23,56.12
USDJPY,WIDE_RANGE,2026-01-14 01:22:00,2026-01-14 01:22:00,1,26.91,52.1,47.82
USDJPY,TRANSITION,2026-01-14 01:23:00,2026-01-14 01:39:00,17,31.82,42.8,50.08
USDJPY,WIDE_RANGE,2026-01-14 01:40:00,2026-01-14 01:40:00,1,24.78,44.2,43.31
USDJPY,TRANSITION,2026-01-14 01:41:00,2026-01-14 03:05:00,85,30.09,40.96,49.51
USDJPY,WIDE_RANGE,2026-01-14 03:06:00,2026-01-14 03:27:00,22,26.07,48.24,46.59
USDJPY,TRANSITION,2026-01-14 03:28:00,2026-01-14 03:38:00,11,36.44,31.78,57.74
USDJPY,WIDE_RANGE,2026-01-14 03:39:00,2026-01-14 03:39:00,1,40.76,49.48,51.72
USDJPY,TRANSITION,2026-01-14 03:40:00,2026-01-14 03:40:00,1,42.69,48.1,52.99
USDJPY,WIDE_RANGE,2026-01-14 03:41:00,2026-01-14 03:41:00,1,41.16,54.22,49.85
USDJPY,TRANSITION,2026-01-14 03:42:00,2026-01-14 03:42:00,1,42.11,48.84,51.7
USDJPY,WIDE_RANGE,2026-01-14 03:43:00,2026-01-14 03:48:00,6,32.96,61.27,42.93
USDJPY,WHIPSAW,2026-01-14 03:49:00,2026-01-14 03:50:00,2,28.27,70.45,36.03
USDJPY,WIDE_RANGE,2026-01-14 03:51:00,2026-01-14 03:58:00,8,29.06,60.25,39.48
USDJPY,TRANSITION,2026-01-14 03:59:00,2026-01-14 03:59:00,1,34.91,42.95,47.5
USDJPY,WIDE_RANGE,2026-01-14 04:00:00,2026-01-14 04:00:00,1,32.94,47.94,44.71
USDJPY,TRANSITION,2026-01-14 04:01:00,2026-01-14 06:23:00,143,30.58,37.28,52.73
USDJPY,LOW_LIQUIDITY,2026-01-14 06:24:00,2026-01-14 06:24:00,1,33.73,37.19,51.0
USDJPY,TIGHT_RANGE,2026-01-14 06:25:00,2026-01-14 06:43:00,19,20.48,43.03,43.82
USDJPY,LOW_LIQUIDITY,2026-01-14 06:44:00,2026-01-14 06:45:00,2,32.98,34.45,53.03
USDJPY,TIGHT_RANGE,2026-01-14 06:46:00,2026-01-14 06:46:00,1,26.26,41.97,47.45
USDJPY,TRANSITION,2026-01-14 06:47:00,2026-01-14 06:47:00,1,30.29,36.56,51.13
USDJPY,LOW_LIQUIDITY,2026-01-14 06:48:00,2026-01-14 06:48:00,1,29.47,35.91,51.09
USDJPY,TIGHT_RANGE,2026-01-14 06:49:00,2026-01-14 06:49:00,1,25.75,38.44,48.48
USDJPY,LOW_LIQUIDITY,2026-01-14 06:50:00,2026-01-14 06:51:00,2,28.27,35.94,50.53
USDJPY,TRANSITION,2026-01-14 06:52:00,2026-01-14 07:08:00,17,34.83,43.03,48.69
USDJPY,WIDE_RANGE,2026-01-14 07:09:00,2026-01-14 07:19:00,11,33.62,60.82,40.37
USDJPY,TRANSITION,2026-01-14 07:20:00,2026-01-14 09:04:00,105,26.41,40.44,48.79
USDJPY,WIDE_RANGE,2026-01-14 09:05:00,2026-01-14 09:05:00,1,21.38,41.97,48.05
USDJPY,TRANSITION,2026-01-14 09:06:00,2026-01-14 09:15:00,10,38.39,38.68,54.5
USDJPY,WIDE_RANGE,2026-01-14 09:16:00,2026-01-14 09:16:00,1,40.45,50.65,49.52
USDJPY,TRANSITION,2026-01-14 09:17:00,2026-01-14 09:25:00,9,44.22,40.1,53.46
USDJPY,WIDE_RANGE,2026-01-14 09:26:00,2026-01-14 09:27:00,2,33.45,40.22,48.3
USDJPY,TRANSITION,2026-01-14 09:28:00,2026-01-14 09:28:00,1,36.85,31.76,53.22
USDJPY,WIDE_RANGE,2026-01-14 09:29:00,2026-01-14 09:33:00,5,26.24,52.21,42.48
USDJPY,TRANSITION,2026-01-14 09:34:00,2026-01-14 10:55:00,82,29.26,37.84,52.82
USDJPY,LOW_LIQUIDITY,2026-01-14 10:56:00,2026-01-14 10:56:00,1,25.19,27.44,56.26
USDJPY,TRANSITION,2026-01-14 10:57:00,2026-01-14 10:59:00,3,29.92,25.12,59.22
USDJPY,LOW_LIQUIDITY,2026-01-14 11:00:00,2026-01-14 11:03:00,4,33.91,27.1,60.38
USDJPY,TIGHT_RANGE,2026-01-14 11:04:00,2026-01-14 11:08:00,5,26.61,38.39,53.19
USDJPY,LOW_LIQUIDITY,2026-01-14 11:09:00,2026-01-14 11:13:00,5,30.36,26.38,58.99
USDJPY,TIGHT_RANGE,2026-01-14 11:14:00,2026-01-14 11:16:00,3,24.68,37.72,52.53
USDJPY,LOW_LIQUIDITY,2026-01-14 11:17:00,2026-01-14 11:17:00,1,29.78,24.64,59.32
USDJPY,TIGHT_RANGE,2026-01-14 11:18:00,2026-01-14 11:18:00,1,26.23,30.66,55.64
USDJPY,LOW_LIQUIDITY,2026-01-14 11:19:00,2026-01-14 11:21:00,3,26.84,23.86,57.82
USDJPY,TRANSITION,2026-01-14 11:22:00,2026-01-14 11:23:00,2,44.83,18.13,68.0
USDJPY,LOW_LIQUIDITY,2026-01-14 11:24:00,2026-01-14 11:34:00,11,36.5,27.09,59.34
USDJPY,TIGHT_RANGE,2026-01-14 11:35:00,2026-01-14 11:35:00,1,17.13,48.72,41.15
USDJPY,TRANSITION,2026-01-14 11:36:00,2026-01-14 13:21:00,106,30.42,35.85,52.12
USDJPY,TIGHT_RANGE,2026-01-14 13:22:00,2026-01-14 13:22:00,1,23.83,40.53,48.78
USDJPY,TRANSITION,2026-01-14 13:23:00,2026-01-14 15:05:00,103,31.65,33.4,52.86
USDJPY,WIDE_RANGE,2026-01-14 15:06:00,2026-01-14 15:07:00,2,33.98,36.73,57.14
USDJPY,TRANSITION,2026-01-14 15:08:00,2026-01-14 15:08:00,1,37.66,34.63,59.45
USDJPY,WIDE_RANGE,2026-01-14 15:09:00,2026-01-14 15:15:00,7,29.46,45.7,50.68
USDJPY,TRANSITION,2026-01-14 15:16:00,2026-01-14 15:16:00,1,37.13,36.85,56.35
USDJPY,WIDE_RANGE,2026-01-14 15:17:00,2026-01-14 15:20:00,4,28.19,48.37,48.25
USDJPY,TRANSITION,2026-01-14 15:21:00,2026-01-14 15:22:00,2,35.23,38.83,54.16
USDJPY,WIDE_RANGE,2026-01-14 15:23:00,2026-01-14 15:23:00,1,32.26,42.14,51.3
USDJPY,TRANSITION,2026-01-14 15:24:00,2026-01-14 16:46:00,83,28.05,39.75,48.81
USDJPY,LOW_LIQUIDITY,2026-01-14 16:47:00,2026-01-14 16:47:00,1,27.9,33.14,49.54
USDJPY,TIGHT_RANGE,2026-01-14 16:48:00,2026-01-14 16:48:00,1,17.14,48.02,39.05
USDJPY,LOW_LIQUIDITY,2026-01-14 16:49:00,2026-01-14 16:51:00,3,32.28,34.24,50.05
USDJPY,TIGHT_RANGE,2026-01-14 16:52:00,2026-01-14 16:53:00,2,21.16,41.53,41.67
USDJPY,LOW_LIQUIDITY,2026-01-14 16:54:00,2026-01-14 16:55:00,2,25.45,26.29,48.25
USDJPY,TRANSITION,2026-01-14 16:56:00,2026-01-14 17:58:00,59,36.63,48.71,35.6
USDJPY,WIDE_RANGE,2026-01-14 17:59:00,2026-01-14 18:03:00,5,26.79,51.74,35.85
USDJPY,TRANSITION,2026-01-14 18:04:00,2026-01-14 19:08:00,65,33.7,36.4,56.33
USDJPY,STRONG_TREND_UP,2026-01-14 19:09:00,2026-01-14 19:10:00,2,68.74,22.65,77.92
USDJPY,TRANSITION,2026-01-14 19:11:00,2026-01-14 19:11:00,1,63.87,22.72,75.66
USDJPY,STRONG_TREND_UP,2026-01-14 19:12:00,2026-01-14 19:13:00,2,66.2,23.69,76.41
USDJPY,TRANSITION,2026-01-14 19:14:00,2026-01-14 19:49:00,36,33.28,36.99,56.73
USDJPY,WIDE_RANGE,2026-01-14 19:50:00,2026-01-14 19:52:00,3,22.23,46.49,48.42
USDJPY,TRANSITION,2026-01-14 19:53:00,2026-01-14 19:53:00,1,31.82,33.35,57.3
USDJPY,WIDE_RANGE,2026-01-14 19:54:00,2026-01-14 19:55:00,2,29.09,45.95,51.75
USDJPY,TRANSITION,2026-01-14 19:56:00,2026-01-14 20:16:00,21,45.78,32.91,63.32
USDJPY,WIDE_RANGE,2026-01-14 20:17:00,2026-01-14 20:19:00,3,28.66,43.65,51.58
USDJPY,TRANSITION,2026-01-14 20:20:00,2026-01-14 21:31:00,72,28.76,33.11,55.06
USDJPY,LOW_LIQUIDITY,2026-01-14 21:32:00,2026-01-14 21:41:00,10,50.84,13.64,72.57
USDJPY,TRANSITION,2026-01-14 21:42:00,2026-01-14 21:42:00,1,57.0,12.67,74.84
USDJPY,LOW_LIQUIDITY,2026-01-14 21:43:00,2026-01-14 21:43:00,1,54.93,14.78,72.87
USDJPY,TRANSITION,2026-01-14 21:44:00,2026-01-15 01:05:00,202,30.89,36.42,51.72
USDJPY,WIDE_RANGE,2026-01-15 01:06:00,2026-01-15 01:06:00,1,30.69,44.63,48.9
USDJPY,TRANSITION,2026-01-15 01:07:00,2026-01-15 02:11:00,65,34.37,37.93,53.53
USDJPY,WIDE_RANGE,2026-01-15 02:12:00,2026-01-15 02:13:00,2,33.46,48.03,50.27
USDJPY,TRANSITION,2026-01-15 02:14:00,2026-01-15 02:14:00,1,37.58,41.99,54.12
USDJPY,WIDE_RANGE,2026-01-15 02:15:00,2026-01-15 02:16:00,2,30.25,52.34,46.7
USDJPY,TRANSITION,2026-01-15 02:17:00,2026-01-15 02:17:00,1,35.66,42.81,52.26
USDJPY,WIDE_RANGE,2026-01-15 02:18:00,2026-01-15 02:19:00,2,27.68,55.1,44.0
USDJPY,TRANSITION,2026-01-15 02:20:00,2026-01-15 02:25:00,6,41.23,39.17,54.72
USDJPY,WIDE_RANGE,2026-01-15 02:26:00,2026-01-15 02:33:00,8,26.83,53.86,41.64
USDJPY,TRANSITION,2026-01-15 02:34:00,2026-01-15 02:34:00,1,35.36,43.66,48.75
USDJPY,WIDE_RANGE,2026-01-15 02:35:00,2026-01-15 02:36:00,2,30.95,44.23,47.09
USDJPY,TRANSITION,2026-01-15 02:37:00,2026-01-15 04:34:00,118,34.74,34.85,54.79
USDJPY,WIDE_RANGE,2026-01-15 04:35:00,2026-01-15 04:35:00,1,24.28,43.95,45.6
USDJPY,TRANSITION,2026-01-15 04:36:00,2026-01-15 05:21:00,46,25.54,44.05,46.38
USDJPY,LOW_LIQUIDITY,2026-01-15 05:22:00,2026-01-15 05:34:00,13,37.37,34.81,54.84
USDJPY,TIGHT_RANGE,2026-01-15 05:35:00,2026-01-15 05:52:00,18,18.67,46.36,45.55
USDJPY,LOW_LIQUIDITY,2026-01-15 05:53:00,2026-01-15 05:53:00,1,29.64,33.05,55.47
USDJPY,TIGHT_RANGE,2026-01-15 05:54:00,2026-01-15 05:54:00,1,26.33,36.02,53.35
USDJPY,LOW_LIQUIDITY,2026-01-15 05:55:00,2026-01-15 05:57:00,3,25.23,29.12,54.82
USDJPY,TIGHT_RANGE,2026-01-15 05:58:00,2026-01-15 06:08:00,11,21.96,41.05,49.31
USDJPY,LOW_LIQUIDITY,2026-01-15 06:09:00,2026-01-15 06:09:00,1,32.0,26.08,58.46
USDJPY,TIGHT_RANGE,2026-01-15 06:10:00,2026-01-15 06:18:00,9,19.18,47.93,45.07
USDJPY,TRANSITION,2026-01-15 06:19:00,2026-01-15 06:19:00,1,32.58,35.17,54.97
USDJPY,LOW_LIQUIDITY,2026-01-15 06:20:00,2026-01-15 06:20:00,1,37.74,29.94,59.12
USDJPY,TRANSITION,2026-01-15 06:21:00,2026-01-15 07:51:00,91,29.8,35.88,52.12
USDJPY,WIDE_RANGE,2026-01-15 07:52:00,2026-01-15 07:52:00,1,31.6,40.06,53.86
USDJPY,TRANSITION,2026-01-15 07:53:00,2026-01-15 07:58:00,6,42.2,28.52,62.26
USDJPY,WIDE_RANGE,2026-01-15 07:59:00,2026-01-15 07:59:00,1,34.63,40.19,54.43
USDJPY,TRANSITION,2026-01-15 08:00:00,2026-01-15 08:02:00,3,39.79,37.11,57.55
USDJPY,WIDE_RANGE,2026-01-15 08:03:00,2026-01-15 08:03:00,1,32.44,41.24,52.95
USDJPY,TRANSITION,2026-01-15 08:04:00,2026-01-15 08:05:00,2,41.75,31.52,60.47
USDJPY,WIDE_RANGE,2026-01-15 08:06:00,2026-01-15 08:29:00,24,28.57,46.6,48.74
USDJPY,TRANSITION,2026-01-15 08:30:00,2026-01-15 08:49:00,20,50.92,43.25,58.71
USDJPY,WIDE_RANGE,2026-01-15 08:50:00,2026-01-15 08:50:00,1,38.65,36.7,59.01
USDJPY,TRANSITION,2026-01-15 08:51:00,2026-01-15 12:43:00,233,29.27,37.26,50.89
USDJPY,TIGHT_RANGE,2026-01-15 12:44:00,2026-01-15 12:48:00,5,21.08,42.11,48.2
USDJPY,LOW_LIQUIDITY,2026-01-15 12:49:00,2026-01-15 12:49:00,1,29.22,24.59,57.36
USDJPY,TIGHT_RANGE,2026-01-15 12:50:00,2026-01-15 12:51:00,2,26.48,37.14,51.8
USDJPY,LOW_LIQUIDITY,2026-01-15 12:52:00,2026-01-15 12:57:00,6,50.0,22.45,66.48
USDJPY,TRANSITION,2026-01-15 12:58:00,2026-01-15 16:50:00,232,30.7,34.7,53.08
USDJPY,TIGHT_RANGE,2026-01-15 16:51:00,2026-01-15 16:52:00,2,19.98,55.43,38.12
USDJPY,LOW_LIQUIDITY,2026-01-15 16:53:00,2026-01-15 16:54:00,2,30.2,39.5,47.16
USDJPY,TIGHT_RANGE,2026-01-15 16:55:00,2026-01-15 16:55:00,1,14.48,55.28,33.79
USDJPY,TRANSITION,2026-01-15 16:56:00,2026-01-15 16:59:00,4,13.22,64.57,27.23
USDJPY,WHIPSAW,2026-01-15 17:00:00,2026-01-15 17:05:00,3,21.29,72.33,19.2
USDJPY,TRANSITION,2026-01-15 17:06:00,2026-01-15 17:22:00,15,25.77,57.5,26.31
USDJPY,TIGHT_RANGE,2026-01-15 17:23:00,2026-01-15 17:26:00,4,18.85,58.33,22.83
USDJPY,LOW_LIQUIDITY,2026-01-15 17:27:00,2026-01-15 17:27:00,1,23.0,53.02,26.55
USDJPY,TIGHT_RANGE,2026-01-15 17:28:00,2026-01-15 17:28:00,1,21.21,54.89,25.1
USDJPY,LOW_LIQUIDITY,2026-01-15 17:30:00,2026-01-15 17:32:00,3,24.72,51.78,27.77
USDJPY,TIGHT_RANGE,2026-01-15 17:33:00,2026-01-15 17:35:00,3,20.91,60.3,23.12
USDJPY,LOW_LIQUIDITY,2026-01-15 17:36:00,2026-01-15 17:37:00,2,24.31,57.49,25.63
USDJPY,TIGHT_RANGE,2026-01-15 17:38:00,2026-01-15 17:39:00,2,20.69,63.82,21.81
USDJPY,LOW_LIQUIDITY,2026-01-15 17:40:00,2026-01-15 17:40:00,1,27.19,51.67,28.94
USDJPY,TIGHT_RANGE,2026-01-15 17:41:00,2026-01-15 17:42:00,2,21.31,62.44,22.57
USDJPY,WHIPSAW,2026-01-15 17:43:00,2026-01-15 17:43:00,1,18.08,71.96,17.85
USDJPY,TIGHT_RANGE,2026-01-15 17:44:00,2026-01-15 17:45:00,2,22.63,62.84,23.05
USDJPY,TRANSITION,2026-01-15 17:46:00,2026-01-15 17:55:00,10,23.95,60.69,27.24
USDJPY,WIDE_RANGE,2026-01-15 17:56:00,2026-01-15 18:03:00,8,31.97,52.97,42.39
USDJPY,TRANSITION,2026-01-15 18:04:00,2026-01-15 18:05:00,2,38.66,43.46,55.16
USDJPY,WIDE_RANGE,2026-01-15 18:06:00,2026-01-15 18:08:00,3,29.56,53.47,49.42
USDJPY,TRANSITION,2026-01-15 18:09:00,2026-01-15 18:09:00,1,32.64,46.86,53.08
USDJPY,WIDE_RANGE,2026-01-15 18:10:00,2026-01-15 18:19:00,10,20.4,60.39,42.85
USDJPY,TRANSITION,2026-01-15 18:20:00,2026-01-15 18:20:00,1,32.67,35.54,56.94
USDJPY,WIDE_RANGE,2026-01-15 18:21:00,2026-01-15 18:27:00,6,22.85,47.53,48.35
USDJPY,TRANSITION,2026-01-15 18:28:00,2026-01-15 18:36:00,9,28.72,39.68,53.72
USDJPY,WIDE_RANGE,2026-01-15 18:37:00,2026-01-15 18:44:00,8,20.73,54.18,45.12
USDJPY,TRANSITION,2026-01-15 18:45:00,2026-01-15 18:47:00,3,30.77,40.27,54.47
USDJPY,WIDE_RANGE,2026-01-15 18:48:00,2026-01-15 18:49:00,2,25.76,48.05,49.51
USDJPY,TRANSITION,2026-01-15 18:50:00,2026-01-15 18:52:00,3,37.5,35.01,59.35
USDJPY,WIDE_RANGE,2026-01-15 18:53:00,2026-01-15 18:53:00,1,30.91,43.25,53.51
USDJPY,TRANSITION,2026-01-15 18:54:00,2026-01-15 18:55:00,2,35.67,33.01,59.19
USDJPY,WIDE_RANGE,2026-01-15 18:56:00,2026-01-15 18:57:00,2,29.59,42.23,53.25
USDJPY,TRANSITION,2026-01-15 18:58:00,2026-01-15 19:14:00,17,41.66,34.12,61.56
USDJPY,WIDE_RANGE,2026-01-15 19:15:00,2026-01-15 19:16:00,2,40.67,46.46,56.91
USDJPY,TRANSITION,2026-01-15 19:17:00,2026-01-15 19:17:00,1,41.67,45.55,57.68
USDJPY,WIDE_RANGE,2026-01-15 19:18:00,2026-01-15 19:22:00,5,28.68,55.72,48.25
USDJPY,TRANSITION,2026-01-15 19:23:00,2026-01-15 19:24:00,2,40.23,37.41,59.78
USDJPY,WIDE_RANGE,2026-01-15 19:25:00,2026-01-15 19:26:00,2,34.67,44.72,54.74
USDJPY,TRANSITION,2026-01-15 19:27:00,2026-01-15 20:06:00,40,36.8,37.49,57.69
USDJPY,WIDE_RANGE,2026-01-15 20:07:00,2026-01-15 20:08:00,2,27.42,57.3,44.34
USDJPY,TRANSITION,2026-01-15 20:09:00,2026-01-15 20:19:00,11,49.65,30.28,64.48
USDJPY,STRONG_TREND_DOWN,2026-01-15 20:20:00,2026-01-15 20:20:00,1,66.28,16.81,77.69
USDJPY,TRANSITION,2026-01-15 20:21:00,2026-01-15 21:45:00,85,37.85,33.13,56.45
USDJPY,WIDE_RANGE,2026-01-15 21:46:00,2026-01-15 21:47:00,2,40.71,53.45,48.08
USDJPY,TRANSITION,2026-01-15 21:48:00,2026-01-15 21:49:00,2,44.12,47.88,51.47
USDJPY,WIDE_RANGE,2026-01-15 21:50:00,2026-01-15 21:59:00,10,34.16,58.66,43.46
USDJPY,TRANSITION,2026-01-15 22:00:00,2026-01-15 22:40:00,41,26.23,39.11,51.81
USDJPY,LOW_LIQUIDITY,2026-01-15 22:41:00,2026-01-15 22:46:00,6,35.61,25.27,59.86
USDJPY,TRANSITION,2026-01-15 22:47:00,2026-01-15 22:47:00,1,36.91,28.38,58.85
USDJPY,LOW_LIQUIDITY,2026-01-15 22:48:00,2026-01-15 22:52:00,5,32.39,36.44,53.46
USDJPY,TIGHT_RANGE,2026-01-15 22:53:00,2026-01-15 22:54:00,2,26.5,43.16,48.44
USDJPY,LOW_LIQUIDITY,2026-01-15 22:55:00,2026-01-15 22:56:00,2,26.23,29.65,52.96
USDJPY,TIGHT_RANGE,2026-01-15 22:57:00,2026-01-15 22:58:00,2,20.2,40.91,46.07
USDJPY,TRANSITION,2026-01-15 22:59:00,2026-01-15 23:14:00,16,22.55,44.6,44.42
USDJPY,LOW_LIQUIDITY,2026-01-15 23:15:00,2026-01-15 23:27:00,13,36.97,28.05,59.6
USDJPY,TIGHT_RANGE,2026-01-15 23:28:00,2026-01-15 23:30:00,3,14.3,33.87,48.42
USDJPY,LOW_LIQUIDITY,2026-01-15 23:31:00,2026-01-15 23:33:00,3,22.64,26.54,54.41
USDJPY,TIGHT_RANGE,2026-01-15 23:34:00,2026-01-15 23:44:00,11,25.57,34.93,51.84
USDJPY,LOW_LIQUIDITY,2026-01-15 23:45:00,2026-01-15 23:50:00,6,38.89,34.94,54.83
USDJPY,TRANSITION,2026-01-15 23:51:00,2026-01-15 23:51:00,1,46.64,33.69,57.35
USDJPY,LOW_LIQUIDITY,2026-01-15 23:52:00,2026-01-15 23:55:00,4,48.91,31.39,58.84
USDJPY,TRANSITION,2026-01-15 23:56:00,2026-01-16 02:33:00,158,30.78,40.82,50.31
USDJPY,WIDE_RANGE,2026-01-16 02:34:00,2026-01-16 02:34:00,1,36.34,41.16,54.75
USDJPY,TRANSITION,2026-01-16 02:35:00,2026-01-16 02:38:00,4,38.97,33.74,58.25
USDJPY,WIDE_RANGE,2026-01-16 02:39:00,2026-01-16 02:39:00,1,35.65,36.39,55.68
USDJPY,TRANSITION,2026-01-16 02:40:00,2026-01-16 02:45:00,6,38.58,33.39,57.78
USDJPY,WIDE_RANGE,2026-01-16 02:46:00,2026-01-16 02:47:00,2,33.05,44.45,51.25
USDJPY,TRANSITION,2026-01-16 02:48:00,2026-01-16 02:48:00,1,39.12,36.49,56.75
USDJPY,WIDE_RANGE,2026-01-16 02:49:00,2026-01-16 02:51:00,3,34.81,41.6,53.54
USDJPY,TRANSITION,2026-01-16 02:52:00,2026-01-16 02:55:00,4,41.35,31.52,60.4
USDJPY,WIDE_RANGE,2026-01-16 02:56:00,2026-01-16 02:59:00,4,33.19,44.39,53.05
USDJPY,TRANSITION,2026-01-16 03:00:00,2026-01-16 03:01:00,2,35.8,30.04,59.83
USDJPY,WIDE_RANGE,2026-01-16 03:02:00,2026-01-16 03:02:00,1,35.67,36.97,57.46
USDJPY,TRANSITION,2026-01-16 03:03:00,2026-01-16 03:06:00,4,40.87,33.2,61.38
USDJPY,WIDE_RANGE,2026-01-16 03:07:00,2026-01-16 03:17:00,11,26.76,45.59,50.81
USDJPY,TRANSITION,2026-01-16 03:18:00,2026-01-16 03:18:00,1,22.05,48.73,47.53
USDJPY,WIDE_RANGE,2026-01-16 03:19:00,2026-01-16 03:19:00,1,20.9,51.98,45.76
USDJPY,TRANSITION,2026-01-16 03:20:00,2026-01-16 10:11:00,412,28.48,37.61,50.66
USDJPY,WIDE_RANGE,2026-01-16 10:12:00,2026-01-16 10:13:00,2,31.48,51.42,45.83
USDJPY,TRANSITION,2026-01-16 10:14:00,2026-01-16 10:17:00,4,30.8,40.73,49.23
USDJPY,WIDE_RANGE,2026-01-16 10:18:00,2026-01-16 10:20:00,3,33.29,53.44,45.64
USDJPY,TRANSITION,2026-01-16 10:21:00,2026-01-16 11:34:00,74,34.64,39.25,52.87
USDJPY,LOW_LIQUIDITY,2026-01-16 11:35:00,2026-01-16 11:37:00,3,36.56,26.41,59.63
USDJPY,TIGHT_RANGE,2026-01-16 11:38:00,2026-01-16 11:44:00,7,15.06,46.0,43.31
USDJPY,LOW_LIQUIDITY,2026-01-16 11:45:00,2026-01-16 11:45:00,1,27.74,33.9,53.5
USDJPY,TIGHT_RANGE,2026-01-16 11:46:00,2026-01-16 11:52:00,7,23.32,44.54,47.56
USDJPY,LOW_LIQUIDITY,2026-01-16 11:53:00,2026-01-16 11:56:00,4,27.54,32.16,54.31
USDJPY,TIGHT_RANGE,2026-01-16 11:57:00,2026-01-16 11:59:00,3,24.62,32.48,54.07
USDJPY,LOW_LIQUIDITY,2026-01-16 12:00:00,2026-01-16 12:08:00,9,37.9,21.8,64.02
USDJPY,TIGHT_RANGE,2026-01-16 12:09:00,2026-01-16 12:14:00,6,16.15,35.63,49.32
USDJPY,LOW_LIQUIDITY,2026-01-16 12:15:00,2026-01-16 12:16:00,2,27.67,29.5,56.7
USDJPY,TIGHT_RANGE,2026-01-16 12:17:00,2026-01-16 12:17:00,1,26.02,29.47,55.95
USDJPY,LOW_LIQUIDITY,2026-01-16 12:18:00,2026-01-16 12:21:00,4,32.55,20.37,62.05
USDJPY,TIGHT_RANGE,2026-01-16 12:22:00,2026-01-16 12:27:00,6,20.89,37.77,50.77
USDJPY,LOW_LIQUIDITY,2026-01-16 12:28:00,2026-01-16 12:36:00,9,32.7,25.99,60.2
USDJPY,TIGHT_RANGE,2026-01-16 12:37:00,2026-01-16 12:48:00,12,20.34,34.79,51.12
USDJPY,LOW_LIQUIDITY,2026-01-16 12:49:00,2026-01-16 12:49:00,1,31.92,24.0,59.44
USDJPY,TIGHT_RANGE,2026-01-16 12:50:00,2026-01-16 12:52:00,3,15.72,44.51,45.23
USDJPY,LOW_LIQUIDITY,2026-01-16 12:53:00,2026-01-16 12:59:00,7,34.16,30.32,58.22
USDJPY,TRANSITION,2026-01-16 13:00:00,2026-01-16 13:34:00,35,29.13,34.91,54.68
USDJPY,TIGHT_RANGE,2026-01-16 13:35:00,2026-01-16 13:35:00,1,18.35,47.77,43.72
USDJPY,TRANSITION,2026-01-16 13:36:00,2026-01-16 13:36:00,1,18.34,46.66,43.94
USDJPY,TIGHT_RANGE,2026-01-16 13:37:00,2026-01-16 13:37:00,1,22.44,40.26,47.55
USDJPY,TRANSITION,2026-01-16 13:38:00,2026-01-16 13:38:00,1,20.34,44.31,44.84
USDJPY,LOW_LIQUIDITY,2026-01-16 13:39:00,2026-01-16 13:39:00,1,32.47,28.8,55.29
USDJPY,TRANSITION,2026-01-16 13:40:00,2026-01-16 13:41:00,2,39.0,24.69,59.77
USDJPY,LOW_LIQUIDITY,2026-01-16 13:42:00,2026-01-16 13:44:00,3,40.8,26.78,59.32
USDJPY,TRANSITION,2026-01-16 13:45:00,2026-01-16 15:26:00,102,30.42,35.46,51.76
USDJPY,LOW_LIQUIDITY,2026-01-16 15:27:00,2026-01-16 15:29:00,3,32.59,23.25,55.72
USDJPY,TRANSITION,2026-01-16 15:30:00,2026-01-16 16:24:00,55,25.42,44.63,43.32
USDJPY,LOW_LIQUIDITY,2026-01-16 16:25:00,2026-01-16 16:25:00,1,31.77,41.28,46.5
USDJPY,TRANSITION,2026-01-16 16:26:00,2026-01-16 16:33:00,8,16.66,50.23,41.11
USDJPY,LOW_LIQUIDITY,2026-01-16 16:34:00,2026-01-16 16:34:00,1,24.22,38.46,50.76
USDJPY,TIGHT_RANGE,2026-01-16 16:35:00,2026-01-16 16:42:00,8,22.67,45.98,46.7
USDJPY,LOW_LIQUIDITY,2026-01-16 16:43:00,2026-01-16 16:51:00,9,43.85,38.78,52.49
USDJPY,TRANSITION,2026-01-16 16:52:00,2026-01-16 16:56:00,5,31.34,51.25,38.16
USDJPY,WIDE_RANGE,2026-01-16 16:57:00,2026-01-16 16:59:00,3,31.6,62.78,30.82
USDJPY,TRANSITION,2026-01-18 17:00:00,2026-01-18 17:13:00,13,43.35,64.96,31.85
USDJPY,WHIPSAW,2026-01-18 17:14:00,2026-01-18 17:15:00,2,39.76,71.56,27.96
USDJPY,TRANSITION,2026-01-18 17:16:00,2026-01-18 17:17:00,2,42.31,66.81,30.76
USDJPY,WHIPSAW,2026-01-18 17:18:00,2026-01-18 17:19:00,2,33.39,70.38,25.43
USDJPY,TRANSITION,2026-01-18 17:20:00,2026-01-18 17:28:00,9,25.93,59.44,26.07
USDJPY,WHIPSAW,2026-01-18 17:29:00,2026-01-18 17:29:00,1,11.25,70.04,18.29
USDJPY,TRANSITION,2026-01-18 17:30:00,2026-01-18 17:34:00,5,23.29,64.22,23.89
USDJPY,WIDE_RANGE,2026-01-18 17:35:00,2026-01-18 17:35:00,1,27.38,62.79,25.25
USDJPY,TRANSITION,2026-01-18 17:36:00,2026-01-18 17:45:00,10,44.62,59.18,34.41
USDJPY,WHIPSAW,2026-01-18 17:46:00,2026-01-18 17:47:00,2,36.23,72.46,26.03
USDJPY,WIDE_RANGE,2026-01-18 17:48:00,2026-01-18 17:48:00,1,39.4,63.02,30.7
USDJPY,TRANSITION,2026-01-18 17:49:00,2026-01-18 18:14:00,26,44.98,49.11,41.56
USDJPY,WIDE_RANGE,2026-01-18 18:15:00,2026-01-18 18:15:00,1,39.3,51.85,48.61
USDJPY,TRANSITION,2026-01-18 18:16:00,2026-01-18 18:22:00,7,43.62,36.49,60.77
USDJPY,WIDE_RANGE,2026-01-18 18:23:00,2026-01-18 18:32:00,10,31.09,48.68,51.75
USDJPY,TRANSITION,2026-01-18 18:33:00,2026-01-18 18:38:00,6,40.2,41.03,58.54
USDJPY,WIDE_RANGE,2026-01-18 18:39:00,2026-01-18 18:40:00,2,31.49,43.45,53.72
USDJPY,TRANSITION,2026-01-18 18:41:00,2026-01-18 18:52:00,12,41.09,28.94,63.06
USDJPY,WIDE_RANGE,2026-01-18 18:53:00,2026-01-18 18:54:00,2,33.76,36.09,57.26
USDJPY,TRANSITION,2026-01-18 18:55:00,2026-01-18 19:00:00,6,32.16,31.24,58.17
USDJPY,WIDE_RANGE,2026-01-18 19:01:00,2026-01-18 19:01:00,1,24.31,46.65,49.32
USDJPY,TRANSITION,2026-01-18 19:02:00,2026-01-18 19:19:00,18,44.7,34.24,62.92
USDJPY,WIDE_RANGE,2026-01-18 19:20:00,2026-01-18 19:27:00,8,22.75,46.92,48.51
USDJPY,TRANSITION,2026-01-18 19:28:00,2026-01-18 20:50:00,83,30.94,34.79,54.18
USDJPY,STRONG_TREND_UP,2026-01-18 20:51:00,2026-01-18 20:52:00,2,67.81,18.25,76.47
USDJPY,TRANSITION,2026-01-18 20:53:00,2026-01-18 20:57:00,5,43.76,22.01,64.8
USDJPY,LOW_LIQUIDITY,2026-01-18 20:58:00,2026-01-18 20:59:00,2,44.98,16.87,67.19
USDJPY,TRANSITION,2026-01-18 21:00:00,2026-01-19 02:15:00,316,28.5,37.15,51.23
USDJPY,WIDE_RANGE,2026-01-19 02:16:00,2026-01-19 02:23:00,8,33.97,43.38,52.57
USDJPY,TRANSITION,2026-01-19 02:24:00,2026-01-19 02:39:00,16,48.93,27.87,66.08
USDJPY,STRONG_TREND_UP,2026-01-19 02:40:00,2026-01-19 02:42:00,3,66.0,21.11,74.82
USDJPY,TRANSITION,2026-01-19 02:43:00,2026-01-19 03:06:00,24,46.13,34.57,60.52
USDJPY,WIDE_RANGE,2026-01-19 03:07:00,2026-01-19 03:08:00,2,31.12,38.23,54.97
USDJPY,TRANSITION,2026-01-19 03:09:00,2026-01-19 03:10:00,2,42.84,30.16,62.61
USDJPY,WIDE_RANGE,2026-01-19 03:11:00,2026-01-19 03:22:00,12,23.01,47.25,46.17
USDJPY,TRANSITION,2026-01-19 03:23:00,2026-01-19 04:08:00,46,25.5,38.29,49.8
USDJPY,WIDE_RANGE,2026-01-19 04:09:00,2026-01-19 04:31:00,23,27.29,47.15,48.25
USDJPY,TRANSITION,2026-01-19 04:32:00,2026-01-19 04:32:00,1,36.93,35.74,55.58
USDJPY,WIDE_RANGE,2026-01-19 04:33:00,2026-01-19 04:34:00,2,32.75,41.77,50.66
USDJPY,TRANSITION,2026-01-19 04:35:00,2026-01-19 04:35:00,1,26.97,52.72,43.5
USDJPY,WIDE_RANGE,2026-01-19 04:36:00,2026-01-19 04:36:00,1,26.35,54.89,42.29
USDJPY,TRANSITION,2026-01-19 04:37:00,2026-01-19 05:23:00,47,27.54,40.43,47.93
USDJPY,TIGHT_RANGE,2026-01-19 05:24:00,2026-01-19 05:28:00,5,17.93,43.64,43.99
USDJPY,LOW_LIQUIDITY,2026-01-19 05:29:00,2026-01-19 05:29:00,1,25.19,23.82,53.67
USDJPY,TIGHT_RANGE,2026-01-19 05:30:00,2026-01-19 05:31:00,2,19.05,41.19,45.0
USDJPY,LOW_LIQUIDITY,2026-01-19 05:32:00,2026-01-19 05:32:00,1,23.61,28.09,51.62
USDJPY,TIGHT_RANGE,2026-01-19 05:33:00,2026-01-19 05:35:00,3,21.0,42.42,45.33
USDJPY,LOW_LIQUIDITY,2026-01-19 05:36:00,2026-01-19 05:39:00,4,29.43,30.68,53.73
USDJPY,TIGHT_RANGE,2026-01-19 05:40:00,2026-01-19 05:40:00,1,22.67,37.81,49.22
USDJPY,LOW_LIQUIDITY,2026-01-19 05:41:00,2026-01-19 05:41:00,1,24.2,33.97,51.36
USDJPY,TIGHT_RANGE,2026-01-19 05:42:00,2026-01-19 05:42:00,1,21.77,43.55,47.14
USDJPY,LOW_LIQUIDITY,2026-01-19 05:43:00,2026-01-19 05:43:00,1,29.46,29.37,55.58
USDJPY,TIGHT_RANGE,2026-01-19 05:44:00,2026-01-19 05:45:00,2,24.25,41.56,49.25
USDJPY,LOW_LIQUIDITY,2026-01-19 05:46:00,2026-01-19 05:47:00,2,27.39,36.02,52.98
USDJPY,TIGHT_RANGE,2026-01-19 05:48:00,2026-01-19 05:49:00,2,21.13,42.52,48.19
USDJPY,LOW_LIQUIDITY,2026-01-19 05:50:00,2026-01-19 05:51:00,2,25.46,25.46,55.6
USDJPY,TIGHT_RANGE,2026-01-19 05:52:00,2026-01-19 05:52:00,1,17.35,38.83,47.04
USDJPY,LOW_LIQUIDITY,2026-01-19 05:53:00,2026-01-19 05:56:00,4,26.57,29.86,54.35
USDJPY,TIGHT_RANGE,2026-01-19 05:57:00,2026-01-19 06:02:00,6,25.64,40.01,51.87
USDJPY,LOW_LIQUIDITY,2026-01-19 06:03:00,2026-01-19 06:05:00,3,36.44,32.93,59.07
USDJPY,TRANSITION,2026-01-19 06:06:00,2026-01-19 10:27:00,262,29.7,35.91,52.44
USDJPY,STRONG_TREND_UP,2026-01-19 10:28:00,2026-01-19 10:28:00,1,65.17,12.07,76.24
USDJPY,TRANSITION,2026-01-19 10:29:00,2026-01-19 11:08:00,40,45.43,32.88,58.1
USDJPY,WIDE_RANGE,2026-01-19 11:09:00,2026-01-19 11:09:00,1,30.2,49.47,46.47
USDJPY,TRANSITION,2026-01-19 11:10:00,2026-01-19 12:16:00,67,25.17,37.16,48.91
USDJPY,TIGHT_RANGE,2026-01-19 12:17:00,2026-01-19 12:31:00,15,16.82,41.74,44.9
USDJPY,LOW_LIQUIDITY,2026-01-19 12:32:00,2026-01-19 12:50:00,18,37.61,22.09,63.2
USDJPY,TIGHT_RANGE,2026-01-19 12:51:00,2026-01-19 13:01:00,11,20.99,29.96,52.42
USDJPY,LOW_LIQUIDITY,2026-01-19 13:02:00,2026-01-19 13:02:00,1,22.96,22.8,53.2
USDJPY,TIGHT_RANGE,2026-01-19 13:03:00,2026-01-19 13:09:00,7,19.84,42.06,41.99
USDJPY,LOW_LIQUIDITY,2026-01-19 13:10:00,2026-01-19 13:18:00,8,38.62,26.73,51.88
USDJPY,TIGHT_RANGE,2026-01-19 13:19:00,2026-01-19 13:19:00,1,29.99,38.9,42.36
USDJPY,LOW_LIQUIDITY,2026-01-19 13:20:00,2026-01-19 13:20:00,1,29.64,30.16,44.81
USDJPY,TIGHT_RANGE,2026-01-19 13:21:00,2026-01-19 13:30:00,10,24.0,40.92,41.54
USDJPY,LOW_LIQUIDITY,2026-01-19 13:31:00,2026-01-19 14:02:00,30,44.94,30.37,60.87
USDJPY,TRANSITION,2026-01-19 14:03:00,2026-01-19 14:05:00,3,41.58,28.61,59.91
USDJPY,LOW_LIQUIDITY,2026-01-19 14:06:00,2026-01-19 14:07:00,2,29.39,36.97,51.82
USDJPY,TRANSITION,2026-01-19 14:08:00,2026-01-19 14:32:00,23,35.08,31.73,56.49
USDJPY,TIGHT_RANGE,2026-01-19 14:33:00,2026-01-19 14:33:00,1,23.43,35.24,50.81
USDJPY,LOW_LIQUIDITY,2026-01-19 14:34:00,2026-01-19 14:34:00,1,20.97,41.15,47.94
USDJPY,TRANSITION,2026-01-19 14:35:00,2026-01-19 14:35:00,1,19.95,41.81,47.71
USDJPY,LOW_LIQUIDITY,2026-01-19 14:36:00,2026-01-19 14:40:00,4,29.87,38.4,53.52
USDJPY,TIGHT_RANGE,2026-01-19 14:41:00,2026-01-19 14:41:00,1,25.84,47.76,49.02
USDJPY,TRANSITION,2026-01-19 14:42:00,2026-01-19 14:48:00,6,30.27,38.46,54.68
USDJPY,LOW_LIQUIDITY,2026-01-19 14:49:00,2026-01-19 14:49:00,1,29.59,34.37,55.1
USDJPY,TIGHT_RANGE,2026-01-19 14:50:00,2026-01-19 14:55:00,6,16.56,55.31,40.76
USDJPY,LOW_LIQUIDITY,2026-01-19 14:57:00,2026-01-19 14:58:00,2,30.59,37.48,52.88
USDJPY,TRANSITION,2026-01-19 14:59:00,2026-01-19 15:20:00,22,40.04,33.12,59.74
USDJPY,STRONG_TREND_UP,2026-01-19 15:22:00,2026-01-19 15:24:00,3,70.29,15.87,78.7
USDJPY,TRANSITION,2026-01-19 15:25:00,2026-01-19 16:03:00,35,30.85,41.77,48.26
USDJPY,TIGHT_RANGE,2026-01-19 16:04:00,2026-01-19 16:04:00,1,21.56,51.07,40.07
USDJPY,TRANSITION,2026-01-19 16:05:00,2026-01-19 16:07:00,3,18.61,50.16,37.78
USDJPY,TIGHT_RANGE,2026-01-19 16:08:00,2026-01-19 16:09:00,2,23.14,53.99,37.67
USDJPY,TRANSITION,2026-01-19 16:10:00,2026-01-19 16:10:00,1,24.72,57.31,37.0
USDJPY,TIGHT_RANGE,2026-01-19 16:12:00,2026-01-19 16:12:00,1,26.16,55.41,38.28
USDJPY,TRANSITION,2026-01-19 16:13:00,2026-01-19 16:14:00,2,32.33,43.42,45.28
USDJPY,TIGHT_RANGE,2026-01-19 16:15:00,2026-01-19 16:17:00,3,21.13,52.07,37.03
USDJPY,TRANSITION,2026-01-19 16:18:00,2026-01-19 16:20:00,3,32.62,33.0,49.46
USDJPY,TIGHT_RANGE,2026-01-19 16:21:00,2026-01-19 16:21:00,1,21.54,48.79,39.95
USDJPY,TRANSITION,2026-01-19 16:22:00,2026-01-19 16:50:00,24,24.04,37.25,47.79
USDJPY,TIGHT_RANGE,2026-01-19 16:51:00,2026-01-19 16:51:00,1,15.83,54.03,35.52
USDJPY,LOW_LIQUIDITY,2026-01-19 16:52:00,2026-01-19 16:54:00,2,29.34,40.17,45.94
USDJPY,TIGHT_RANGE,2026-01-19 16:55:00,2026-01-19 16:58:00,4,26.5,49.27,39.4
USDJPY,TRANSITION,2026-01-19 16:59:00,2026-01-19 17:08:00,6,39.82,52.65,35.55
USDJPY,WHIPSAW,2026-01-19 17:09:00,2026-01-19 17:29:00,20,27.28,80.47,19.19
USDJPY,TRANSITION,2026-01-19 17:30:00,2026-01-19 17:32:00,3,63.22,51.51,45.57
USDJPY,WHIPSAW,2026-01-19 17:33:00,2026-01-19 17:44:00,12,29.56,78.58,21.86
USDJPY,TRANSITION,2026-01-19 17:45:00,2026-01-19 17:53:00,9,45.48,44.72,52.02
USDJPY,TIGHT_RANGE,2026-01-19 17:54:00,2026-01-19 17:57:00,4,20.84,50.98,41.94
USDJPY,TRANSITION,2026-01-19 17:58:00,2026-01-19 18:03:00,6,42.43,41.54,56.1
USDJPY,WIDE_RANGE,2026-01-19 18:04:00,2026-01-19 18:06:00,3,31.94,56.53,48.51
USDJPY,TRANSITION,2026-01-19 18:07:00,2026-01-19 18:23:00,17,53.09,38.74,65.25
USDJPY,STRONG_TREND_UP,2026-01-19 18:24:00,2026-01-19 18:24:00,1,66.0,24.65,75.98
USDJPY,TRANSITION,2026-01-19 18:25:00,2026-01-19 18:30:00,6,56.71,25.8,71.31
USDJPY,WIDE_RANGE,2026-01-19 18:31:00,2026-01-19 18:44:00,14,30.87,42.46,53.77
USDJPY,TRANSITION,2026-01-19 18:45:00,2026-01-19 18:45:00,1,33.92,38.14,56.64
USDJPY,WIDE_RANGE,2026-01-19 18:46:00,2026-01-19 18:58:00,13,25.37,46.82,49.75
USDJPY,TRANSITION,2026-01-19 18:59:00,2026-01-19 19:00:00,2,31.97,31.14,58.11
USDJPY,WIDE_RANGE,2026-01-19 19:01:00,2026-01-19 19:01:00,1,26.7,49.25,49.54
USDJPY,TRANSITION,2026-01-19 19:02:00,2026-01-19 19:02:00,1,33.32,33.43,57.96
USDJPY,WIDE_RANGE,2026-01-19 19:03:00,2026-01-19 19:07:00,5,36.16,46.15,54.94
USDJPY,TRANSITION,2026-01-19 19:08:00,2026-01-19 19:08:00,1,45.79,35.54,62.98
USDJPY,WIDE_RANGE,2026-01-19 19:09:00,2026-01-19 19:10:00,2,35.1,46.98,54.17
USDJPY,TRANSITION,2026-01-19 19:11:00,2026-01-19 19:11:00,1,41.76,40.43,59.46
USDJPY,WIDE_RANGE,2026-01-19 19:12:00,2026-01-19 19:13:00,2,37.48,46.09,55.58
USDJPY,TRANSITION,2026-01-19 19:14:00,2026-01-19 19:15:00,2,49.78,34.89,65.04
USDJPY,WIDE_RANGE,2026-01-19 19:16:00,2026-01-19 19:24:00,9,28.16,51.26,49.53
USDJPY,TRANSITION,2026-01-19 19:25:00,2026-01-19 19:28:00,4,41.11,39.89,59.35
USDJPY,WIDE_RANGE,2026-01-19 19:29:00,2026-01-19 19:30:00,2,36.78,52.05,53.22
USDJPY,TRANSITION,2026-01-19 19:31:00,2026-01-19 19:32:00,2,43.16,47.69,57.64
USDJPY,WIDE_RANGE,2026-01-19 19:33:00,2026-01-19 19:40:00,8,35.23,51.94,52.55
USDJPY,TRANSITION,2026-01-19 19:41:00,2026-01-19 19:59:00,19,41.21,38.14,59.99
USDJPY,STRONG_TREND_DOWN,2026-01-19 20:00:00,2026-01-19 20:06:00,7,66.96,33.32,71.33
USDJPY,TRANSITION,2026-01-19 20:07:00,2026-01-19 20:15:00,9,56.45,40.24,59.56
USDJPY,WIDE_RANGE,2026-01-19 20:16:00,2026-01-19 20:19:00,4,36.05,55.03,43.86
USDJPY,TRANSITION,2026-01-19 20:20:00,2026-01-19 20:47:00,28,46.15,29.17,58.68
USDJPY,LOW_LIQUIDITY,2026-01-19 20:48:00,2026-01-19 20:49:00,2,33.88,35.0,51.03
USDJPY,TIGHT_RANGE,2026-01-19 20:50:00,2026-01-19 20:53:00,4,12.58,53.1,36.48
USDJPY,TRANSITION,2026-01-19 20:54:00,2026-01-19 21:46:00,53,26.18,37.27,50.96
USDJPY,TIGHT_RANGE,2026-01-19 21:47:00,2026-01-19 21:48:00,2,19.96,46.56,44.42
USDJPY,TRANSITION,2026-01-19 21:49:00,2026-01-19 23:43:00,115,29.29,34.59,52.05
USDJPY,STRONG_TREND_UP,2026-01-19 23:44:00,2026-01-19 23:47:00,4,74.38,14.5,81.25
USDJPY,TRANSITION,2026-01-19 23:48:00,2026-01-20 01:16:00,89,33.93,35.44,54.25
USDJPY,STRONG_TREND_UP,2026-01-20 01:17:00,2026-01-20 01:17:00,1,68.08,12.04,81.22
USDJPY,TRANSITION,2026-01-20 01:18:00,2026-01-20 01:20:00,3,60.67,17.06,75.81
USDJPY,STRONG_TREND_UP,2026-01-20 01:21:00,2026-01-20 01:33:00,13,70.02,16.72,79.77
USDJPY,TRANSITION,2026-01-20 01:34:00,2026-01-20 01:43:00,10,47.58,31.71,63.64
USDJPY,WIDE_RANGE,2026-01-20 01:44:00,2026-01-20 01:53:00,10,24.98,53.18,44.45
USDJPY,TRANSITION,2026-01-20 01:54:00,2026-01-20 02:14:00,21,33.14,34.95,54.71
USDJPY,WIDE_RANGE,2026-01-20 02:15:00,2026-01-20 02:17:00,3,28.16,39.4,51.51
USDJPY,TRANSITION,2026-01-20 02:18:00,2026-01-20 02:18:00,1,36.14,35.7,56.4
USDJPY,WIDE_RANGE,2026-01-20 02:19:00,2026-01-20 02:19:00,1,27.97,40.53,50.48
USDJPY,TRANSITION,2026-01-20 02:20:00,2026-01-20 02:21:00,2,30.19,40.77,51.3
USDJPY,WIDE_RANGE,2026-01-20 02:22:00,2026-01-20 02:23:00,2,23.31,50.34,44.24
USDJPY,TRANSITION,2026-01-20 02:24:00,2026-01-20 02:45:00,22,34.29,36.6,52.13
USDJPY,WIDE_RANGE,2026-01-20 02:46:00,2026-01-20 02:46:00,1,33.7,43.17,49.15
USDJPY,TRANSITION,2026-01-20 02:47:00,2026-01-20 02:52:00,6,42.52,32.67,56.84
USDJPY,WIDE_RANGE,2026-01-20 02:53:00,2026-01-20 02:58:00,6,30.12,51.81,45.56
USDJPY,TRANSITION,2026-01-20 02:59:00,2026-01-20 02:59:00,1,32.61,38.27,52.3
USDJPY,WIDE_RANGE,2026-01-20 03:00:00,2026-01-20 03:02:00,3,28.42,49.58,47.22
USDJPY,TRANSITION,2026-01-20 03:03:00,2026-01-20 05:39:00,157,34.51,33.69,55.64
USDJPY,TIGHT_RANGE,2026-01-20 05:40:00,2026-01-20 05:40:00,1,18.79,44.86,46.31
USDJPY,TRANSITION,2026-01-20 05:41:00,2026-01-20 05:50:00,10,17.65,42.46,45.83
USDJPY,TIGHT_RANGE,2026-01-20 05:51:00,2026-01-20 05:51:00,1,21.05,36.68,48.97
USDJPY,TRANSITION,2026-01-20 05:52:00,2026-01-20 05:52:00,1,17.01,42.9,44.79
USDJPY,TIGHT_RANGE,2026-01-20 05:53:00,2026-01-20 05:53:00,1,18.1,40.75,45.5
USDJPY,TRANSITION,2026-01-20 05:54:00,2026-01-20 05:56:00,3,19.18,42.21,44.74
USDJPY,LOW_LIQUIDITY,2026-01-20 05:57:00,2026-01-20 06:00:00,4,30.64,28.62,53.0
USDJPY,TRANSITION,2026-01-20 06:01:00,2026-01-20 08:32:00,152,31.04,33.07,53.92
USDJPY,WIDE_RANGE,2026-01-20 08:33:00,2026-01-20 08:33:00,1,17.43,44.41,40.13
USDJPY,TRANSITION,2026-01-20 08:34:00,2026-01-20 08:37:00,3,32.18,40.92,45.93
USDJPY,WIDE_RANGE,2026-01-20 08:38:00,2026-01-20 08:51:00,14,29.72,61.76,34.83
USDJPY,WHIPSAW,2026-01-20 08:52:00,2026-01-20 08:54:00,3,27.42,71.92,30.84
USDJPY,TRANSITION,2026-01-20 08:55:00,2026-01-20 08:57:00,3,42.89,43.91,49.54
USDJPY,WIDE_RANGE,2026-01-20 08:58:00,2026-01-20 08:58:00,1,25.29,54.65,38.78
USDJPY,TRANSITION,2026-01-20 08:59:00,2026-01-20 08:59:00,1,24.55,59.82,37.09
USDJPY,WIDE_RANGE,2026-01-20 09:00:00,2026-01-20 09:00:00,1,19.22,64.98,32.97
USDJPY,TRANSITION,2026-01-20 09:01:00,2026-01-20 09:10:00,10,29.14,49.68,43.76
USDJPY,WIDE_RANGE,2026-01-20 09:11:00,2026-01-20 09:30:00,20,24.42,54.31,40.35
USDJPY,TRANSITION,2026-01-20 09:31:00,2026-01-20 10:29:00,59,29.37,34.0,54.33
USDJPY,TIGHT_RANGE,2026-01-20 10:30:00,2026-01-20 10:33:00,4,23.91,39.85,51.45
USDJPY,LOW_LIQUIDITY,2026-01-20 10:34:00,2026-01-20 10:34:00,1,26.87,32.26,55.39
USDJPY,TIGHT_RANGE,2026-01-20 10:35:00,2026-01-20 10:38:00,4,21.43,34.1,52.26
USDJPY,LOW_LIQUIDITY,2026-01-20 10:39:00,2026-01-20 10:39:00,1,21.9,26.72,54.99
USDJPY,TIGHT_RANGE,2026-01-20 10:40:00,2026-01-20 10:40:00,1,20.01,29.52,53.17
USDJPY,LOW_LIQUIDITY,2026-01-20 10:41:00,2026-01-20 10:42:00,2,21.89,29.41,54.07
USDJPY,TRANSITION,2026-01-20 10:43:00,2026-01-20 10:47:00,5,21.18,36.45,51.35
USDJPY,LOW_LIQUIDITY,2026-01-20 10:48:00,2026-01-20 10:49:00,2,35.5,14.75,64.59
USDJPY,TRANSITION,2026-01-20 10:50:00,2026-01-20 14:08:00,199,31.49,33.05,54.38
USDJPY,STRONG_TREND_UP,2026-01-20 14:09:00,2026-01-20 14:15:00,7,67.1,20.53,70.9
USDJPY,TRANSITION,2026-01-20 14:16:00,2026-01-20 15:06:00,51,39.04,33.64,55.49
USDJPY,WIDE_RANGE,2026-01-20 15:07:00,2026-01-20 15:08:00,2,26.21,43.72,48.48
USDJPY,TRANSITION,2026-01-20 15:09:00,2026-01-20 15:13:00,5,19.18,47.41,43.2
USDJPY,WIDE_RANGE,2026-01-20 15:14:00,2026-01-20 15:14:00,1,21.63,51.63,41.96
USDJPY,TRANSITION,2026-01-20 15:15:00,2026-01-20 16:14:00,60,23.14,40.45,47.44
USDJPY,TIGHT_RANGE,2026-01-20 16:15:00,2026-01-20 16:23:00,9,21.64,50.42,33.67
USDJPY,LOW_LIQUIDITY,2026-01-20 16:24:00,2026-01-20 16:24:00,1,34.71,34.19,45.55
USDJPY,TIGHT_RANGE,2026-01-20 16:25:00,2026-01-20 16:25:00,1,22.04,46.81,35.85
USDJPY,LOW_LIQUIDITY,2026-01-20 16:26:00,2026-01-20 16:34:00,9,25.07,33.97,45.22
USDJPY,TIGHT_RANGE,2026-01-20 16:35:00,2026-01-20 16:37:00,3,24.65,46.17,41.3
USDJPY,LOW_LIQUIDITY,2026-01-20 16:38:00,2026-01-20 16:38:00,1,25.56,41.63,42.53
USDJPY,TIGHT_RANGE,2026-01-20 16:39:00,2026-01-20 16:52:00,14,18.68,52.0,34.76
USDJPY,LOW_LIQUIDITY,2026-01-20 16:53:00,2026-01-20 16:59:00,7,30.95,41.99,41.97
USDJPY,TRANSITION,2026-01-20 17:00:00,2026-01-20 17:40:00,38,24.14,56.33,25.95
USDJPY,WHIPSAW,2026-01-20 17:41:00,2026-01-20 17:41:00,1,18.11,72.95,19.06
USDJPY,TRANSITION,2026-01-20 17:42:00,2026-01-20 17:43:00,2,24.34,57.39,28.2
USDJPY,TIGHT_RANGE,2026-01-20 17:44:00,2026-01-20 17:44:00,1,20.69,63.11,25.3
USDJPY,LOW_LIQUIDITY,2026-01-20 17:45:00,2026-01-20 17:45:00,1,26.13,49.91,32.89
USDJPY,TIGHT_RANGE,2026-01-20 17:46:00,2026-01-20 17:53:00,8,22.58,56.17,29.25
USDJPY,LOW_LIQUIDITY,2026-01-20 17:54:00,2026-01-20 17:58:00,5,44.12,40.65,44.79
USDJPY,TRANSITION,2026-01-20 17:59:00,2026-01-20 18:03:00,5,29.72,52.47,37.17
USDJPY,WIDE_RANGE,2026-01-20 18:04:00,2026-01-20 18:07:00,4,24.96,56.07,37.52
USDJPY,TRANSITION,2026-01-20 18:08:00,2026-01-20 18:11:00,4,34.9,51.27,47.12
USDJPY,WIDE_RANGE,2026-01-20 18:12:00,2026-01-20 18:13:00,2,33.7,54.32,49.1
USDJPY,TRANSITION,2026-01-20 18:14:00,2026-01-20 18:15:00,2,48.08,41.12,62.11
USDJPY,WIDE_RANGE,2026-01-20 18:16:00,2026-01-20 18:22:00,7,31.24,46.02,52.72
USDJPY,TRANSITION,2026-01-20 18:23:00,2026-01-20 18:55:00,33,36.65,29.99,60.66
USDJPY,WIDE_RANGE,2026-01-20 18:56:00,2026-01-20 19:05:00,10,34.85,50.41,52.89
USDJPY,TRANSITION,2026-01-20 19:06:00,2026-01-20 19:19:00,14,46.71,37.47,62.75
USDJPY,WIDE_RANGE,2026-01-20 19:20:00,2026-01-20 19:20:00,1,30.63,51.24,50.67
USDJPY,TRANSITION,2026-01-20 19:21:00,2026-01-20 19:22:00,2,37.34,38.6,58.05
USDJPY,WIDE_RANGE,2026-01-20 19:23:00,2026-01-20 19:30:00,8,27.58,46.22,50.97
USDJPY,TRANSITION,2026-01-20 19:31:00,2026-01-20 19:55:00,25,28.01,35.9,54.68
USDJPY,WIDE_RANGE,2026-01-20 19:56:00,2026-01-20 19:58:00,3,28.99,46.39,51.57
USDJPY,TRANSITION,2026-01-20 19:59:00,2026-01-20 20:08:00,10,40.9,36.74,56.65
USDJPY,WIDE_RANGE,2026-01-20 20:09:00,2026-01-20 20:09:00,1,38.54,44.56,51.01
USDJPY,TRANSITION,2026-01-20 20:10:00,2026-01-20 20:14:00,5,37.54,41.3,51.4
USDJPY,WIDE_RANGE,2026-01-20 20:15:00,2026-01-20 20:21:00,7,28.08,53.6,43.44
USDJPY,TRANSITION,2026-01-20 20:22:00,2026-01-20 20:22:00,1,30.54,33.86,51.46
USDJPY,WIDE_RANGE,2026-01-20 20:23:00,2026-01-20 20:25:00,3,27.24,40.25,47.41
USDJPY,TRANSITION,2026-01-20 20:26:00,2026-01-20 21:53:00,88,31.08,33.04,54.35
USDJPY,TIGHT_RANGE,2026-01-20 21:54:00,2026-01-20 22:00:00,7,19.9,40.63,49.23
USDJPY,TRANSITION,2026-01-20 22:01:00,2026-01-20 22:02:00,2,21.7,35.06,52.06
USDJPY,TIGHT_RANGE,2026-01-20 22:03:00,2026-01-20 22:10:00,8,19.28,43.47,48.09
USDJPY,TRANSITION,2026-01-20 22:11:00,2026-01-20 22:29:00,19,47.83,25.01,67.02
USDJPY,STRONG_TREND_UP,2026-01-20 22:30:00,2026-01-20 22:30:00,1,65.88,13.61,78.65
USDJPY,TRANSITION,2026-01-20 22:31:00,2026-01-21 03:05:00,275,30.62,37.55,51.76
USDJPY,WIDE_RANGE,2026-01-21 03:06:00,2026-01-21 03:17:00,12,23.59,46.42,47.76
USDJPY,TRANSITION,2026-01-21 03:18:00,2026-01-21 03:19:00,2,35.97,32.12,59.62
USDJPY,WIDE_RANGE,2026-01-21 03:20:00,2026-01-21 03:21:00,2,30.62,39.3,54.73
USDJPY,TRANSITION,2026-01-21 03:22:00,2026-01-21 08:23:00,302,32.46,32.37,54.63
USDJPY,STRONG_TREND_UP,2026-01-21 08:24:00,2026-01-21 08:25:00,2,78.09,6.03,87.87
USDJPY,TRANSITION,2026-01-21 08:26:00,2026-01-21 08:53:00,28,32.51,31.54,56.01
USDJPY,WIDE_RANGE,2026-01-21 08:54:00,2026-01-21 09:03:00,10,29.44,57.97,40.68
USDJPY,TRANSITION,2026-01-21 09:04:00,2026-01-21 09:05:00,2,50.83,48.28,54.2
USDJPY,WIDE_RANGE,2026-01-21 09:06:00,2026-01-21 09:07:00,2,32.23,62.89,40.41
USDJPY,TRANSITION,2026-01-21 09:08:00,2026-01-21 09:20:00,13,43.45,47.95,51.54
USDJPY,WIDE_RANGE,2026-01-21 09:21:00,2026-01-21 09:21:00,1,39.35,51.49,49.28
USDJPY,TRANSITION,2026-01-21 09:22:00,2026-01-21 09:24:00,3,42.85,46.86,51.94
USDJPY,WIDE_RANGE,2026-01-21 09:25:00,2026-01-21 09:25:00,1,38.39,54.6,47.69
USDJPY,TRANSITION,2026-01-21 09:26:00,2026-01-21 09:27:00,2,43.8,44.24,54.13
USDJPY,WIDE_RANGE,2026-01-21 09:28:00,2026-01-21 09:28:00,1,33.44,47.54,48.42
USDJPY,TRANSITION,2026-01-21 09:29:00,2026-01-21 09:29:00,1,36.61,39.82,52.54
USDJPY,WIDE_RANGE,2026-01-21 09:30:00,2026-01-21 09:31:00,2,26.38,44.96,46.11
USDJPY,TRANSITION,2026-01-21 09:32:00,2026-01-21 12:57:00,206,29.35,34.87,52.35
USDJPY,TIGHT_RANGE,2026-01-21 12:58:00,2026-01-21 13:04:00,7,19.49,42.07,48.12
USDJPY,LOW_LIQUIDITY,2026-01-21 13:05:00,2026-01-21 13:05:00,1,31.65,30.11,57.87
USDJPY,TIGHT_RANGE,2026-01-21 13:06:00,2026-01-21 13:06:00,1,24.6,41.64,50.68
USDJPY,TRANSITION,2026-01-21 13:07:00,2026-01-21 13:25:00,19,24.49,37.38,50.22
USDJPY,TIGHT_RANGE,2026-01-21 13:26:00,2026-01-21 13:27:00,2,21.13,47.45,42.66
USDJPY,LOW_LIQUIDITY,2026-01-21 13:28:00,2026-01-21 13:28:00,1,32.36,35.73,51.62
USDJPY,TIGHT_RANGE,2026-01-21 13:29:00,2026-01-21 13:32:00,4,18.25,47.37,41.92
USDJPY,LOW_LIQUIDITY,2026-01-21 13:33:00,2026-01-21 13:40:00,8,33.84,29.98,56.53
USDJPY,TRANSITION,2026-01-21 13:41:00,2026-01-21 13:42:00,2,32.8,34.36,56.62
USDJPY,LOW_LIQUIDITY,2026-01-21 13:43:00,2026-01-21 13:43:00,1,33.82,29.74,59.37
USDJPY,TIGHT_RANGE,2026-01-21 13:44:00,2026-01-21 13:44:00,1,23.21,33.84,52.94
USDJPY,TRANSITION,2026-01-21 13:45:00,2026-01-21 13:48:00,4,14.34,38.0,46.93
USDJPY,TIGHT_RANGE,2026-01-21 13:49:00,2026-01-21 13:50:00,2,19.45,38.0,48.87
USDJPY,LOW_LIQUIDITY,2026-01-21 13:51:00,2026-01-21 13:51:00,1,28.46,33.05,54.6
USDJPY,TRANSITION,2026-01-21 13:52:00,2026-01-21 14:29:00,38,25.58,37.48,51.22
USDJPY,STRONG_TREND_UP,2026-01-21 14:30:00,2026-01-21 14:31:00,2,72.09,34.44,70.88
USDJPY,TRANSITION,2026-01-21 14:32:00,2026-01-21 14:38:00,7,62.36,40.58,63.33
USDJPY,STRONG_TREND_UP,2026-01-21 14:39:00,2026-01-21 14:39:00,1,65.63,40.6,64.54
USDJPY,TRANSITION,2026-01-21 14:40:00,2026-01-21 14:40:00,1,64.06,40.88,63.69
USDJPY,STRONG_TREND_UP,2026-01-21 14:41:00,2026-01-21 14:45:00,5,69.32,44.21,64.94
USDJPY,TRANSITION,2026-01-21 14:46:00,2026-01-21 14:49:00,4,48.18,51.68,52.95
USDJPY,WIDE_RANGE,2026-01-21 14:50:00,2026-01-21 14:54:00,5,27.3,55.83,43.08
USDJPY,TRANSITION,2026-01-21 14:55:00,2026-01-21 15:54:00,60,28.61,33.89,53.99
USDJPY,LOW_LIQUIDITY,2026-01-21 15:55:00,2026-01-21 15:57:00,3,50.02,26.65,66.64
USDJPY,TRANSITION,2026-01-21 15:58:00,2026-01-21 16:18:00,21,25.43,45.09,43.99
USDJPY,TIGHT_RANGE,2026-01-21 16:19:00,2026-01-21 16:22:00,4,17.61,46.02,39.27
USDJPY,LOW_LIQUIDITY,2026-01-21 16:23:00,2026-01-21 16:23:00,1,23.58,41.96,45.02
USDJPY,TIGHT_RANGE,2026-01-21 16:24:00,2026-01-21 16:24:00,1,23.74,41.57,45.74
USDJPY,LOW_LIQUIDITY,2026-01-21 16:25:00,2026-01-21 16:30:00,6,35.49,25.14,58.27
USDJPY,TIGHT_RANGE,2026-01-21 16:31:00,2026-01-21 16:31:00,1,16.5,47.59,42.62
USDJPY,LOW_LIQUIDITY,2026-01-21 16:32:00,2026-01-21 16:38:00,7,33.08,28.88,55.03
USDJPY,TRANSITION,2026-01-21 16:39:00,2026-01-21 16:41:00,3,40.3,33.98,54.78
USDJPY,LOW_LIQUIDITY,2026-01-21 16:42:00,2026-01-21 16:43:00,2,44.15,31.62,56.17
USDJPY,TRANSITION,2026-01-21 16:44:00,2026-01-21 16:52:00,9,40.76,34.0,51.13
USDJPY,TIGHT_RANGE,2026-01-21 16:53:00,2026-01-21 16:54:00,2,24.84,47.39,37.43
USDJPY,LOW_LIQUIDITY,2026-01-21 16:55:00,2026-01-21 16:57:00,3,41.9,33.01,49.35
USDJPY,TIGHT_RANGE,2026-01-21 16:58:00,2026-01-21 16:58:00,1,23.14,47.75,32.36
USDJPY,TRANSITION,2026-01-21 16:59:00,2026-01-21 17:12:00,12,24.65,48.78,28.79
USDJPY,TIGHT_RANGE,2026-01-21 17:13:00,2026-01-21 17:13:00,1,16.4,63.95,19.8
USDJPY,TRANSITION,2026-01-21 17:15:00,2026-01-21 17:19:00,5,20.23,57.64,23.71
USDJPY,TIGHT_RANGE,2026-01-21 17:20:00,2026-01-21 17:21:00,2,16.25,55.56,22.58
USDJPY,LOW_LIQUIDITY,2026-01-21 17:22:00,2026-01-21 17:25:00,4,26.45,44.59,31.01
USDJPY,TIGHT_RANGE,2026-01-21 17:26:00,2026-01-21 17:26:00,1,27.12,47.93,30.18
USDJPY,LOW_LIQUIDITY,2026-01-21 17:27:00,2026-01-21 17:28:00,2,34.85,41.67,35.86
USDJPY,TIGHT_RANGE,2026-01-21 17:29:00,2026-01-21 17:33:00,5,15.56,53.5,22.97
USDJPY,TRANSITION,2026-01-21 17:34:00,2026-01-21 17:48:00,15,22.36,57.37,25.02
USDJPY,WIDE_RANGE,2026-01-21 17:49:00,2026-01-21 17:54:00,6,28.91,60.41,29.54
USDJPY,TRANSITION,2026-01-21 17:55:00,2026-01-21 17:59:00,5,32.0,48.09,38.19
USDJPY,WIDE_RANGE,2026-01-21 18:00:00,2026-01-21 18:06:00,7,28.93,55.48,36.88
USDJPY,TRANSITION,2026-01-21 18:07:00,2026-01-21 18:07:00,1,35.84,41.85,48.85
USDJPY,WIDE_RANGE,2026-01-21 18:08:00,2026-01-21 18:10:00,3,27.8,51.82,45.38
USDJPY,TRANSITION,2026-01-21 18:11:00,2026-01-21 19:04:00,54,35.43,31.6,59.54
USDJPY,WIDE_RANGE,2026-01-21 19:05:00,2026-01-21 19:15:00,11,25.51,56.63,46.48
USDJPY,TRANSITION,2026-01-21 19:16:00,2026-01-21 19:35:00,20,42.44,38.44,60.45
USDJPY,WIDE_RANGE,2026-01-21 19:36:00,2026-01-21 19:38:00,3,32.68,33.43,57.67
USDJPY,TRANSITION,2026-01-21 19:39:00,2026-01-21 19:39:00,1,33.3,25.19,60.75
USDJPY,WIDE_RANGE,2026-01-21 19:40:00,2026-01-21 19:43:00,4,28.03,35.95,54.67
USDJPY,TRANSITION,2026-01-21 19:44:00,2026-01-21 19:47:00,4,32.79,34.63,57.31
USDJPY,WIDE_RANGE,2026-01-21 19:48:00,2026-01-21 19:50:00,3,29.49,36.62,55.11
USDJPY,TRANSITION,2026-01-21 19:51:00,2026-01-21 19:51:00,1,32.04,31.58,58.0
USDJPY,WIDE_RANGE,2026-01-21 19:52:00,2026-01-21 19:52:00,1,31.16,37.18,55.69
USDJPY,TRANSITION,2026-01-21 19:53:00,2026-01-21 19:58:00,6,39.61,34.93,60.34
USDJPY,WIDE_RANGE,2026-01-21 19:59:00,2026-01-21 20:12:00,14,31.59,55.27,48.26
USDJPY,TRANSITION,2026-01-21 20:13:00,2026-01-21 21:00:00,48,32.28,33.91,54.27
USDJPY,LOW_LIQUIDITY,2026-01-21 21:01:00,2026-01-21 21:02:00,2,47.77,25.42,64.44
USDJPY,TRANSITION,2026-01-21 21:03:00,2026-01-21 22:51:00,109,30.35,34.02,54.89
USDJPY,STRONG_TREND_UP,2026-01-21 22:52:00,2026-01-21 22:53:00,2,68.2,19.72,78.45
USDJPY,TRANSITION,2026-01-21 22:54:00,2026-01-22 01:25:00,152,33.28,36.08,53.42
USDJPY,WIDE_RANGE,2026-01-22 01:26:00,2026-01-22 01:33:00,8,27.63,47.01,46.16
USDJPY,TRANSITION,2026-01-22 01:34:00,2026-01-22 03:00:00,87,29.79,40.55,50.48
USDJPY,WIDE_RANGE,2026-01-22 03:01:00,2026-01-22 03:04:00,4,24.44,45.32,46.78
USDJPY,TRANSITION,2026-01-22 03:05:00,2026-01-22 03:05:00,1,32.36,31.93,54.53
USDJPY,WIDE_RANGE,2026-01-22 03:06:00,2026-01-22 03:06:00,1,35.65,36.19,54.47
USDJPY,TRANSITION,2026-01-22 03:07:00,2026-01-22 03:07:00,1,35.89,34.01,55.39
USDJPY,WIDE_RANGE,2026-01-22 03:08:00,2026-01-22 03:19:00,12,26.34,47.84,46.71
USDJPY,TRANSITION,2026-01-22 03:20:00,2026-01-22 07:51:00,272,32.64,33.28,53.75
USDJPY,STRONG_TREND_UP,2026-01-22 07:52:00,2026-01-22 07:52:00,1,65.17,20.83,73.91
USDJPY,TRANSITION,2026-01-22 07:53:00,2026-01-22 07:55:00,3,62.99,22.07,72.36
USDJPY,STRONG_TREND_UP,2026-01-22 07:56:00,2026-01-22 07:56:00,1,65.13,20.31,74.11
USDJPY,TRANSITION,2026-01-22 07:57:00,2026-01-22 07:58:00,2,63.74,19.18,74.04
USDJPY,STRONG_TREND_UP,2026-01-22 07:59:00,2026-01-22 08:01:00,3,68.01,17.24,77.24
USDJPY,TRANSITION,2026-01-22 08:02:00,2026-01-22 08:31:00,30,38.26,29.47,60.33
USDJPY,WIDE_RANGE,2026-01-22 08:32:00,2026-01-22 08:38:00,7,24.5,43.94,48.7
USDJPY,TRANSITION,2026-01-22 08:39:00,2026-01-22 08:40:00,2,28.71,40.34,51.63
USDJPY,WIDE_RANGE,2026-01-22 08:41:00,2026-01-22 08:49:00,9,23.65,53.76,44.62
USDJPY,TRANSITION,2026-01-22 08:50:00,2026-01-22 08:53:00,4,32.99,32.87,57.9
USDJPY,WIDE_RANGE,2026-01-22 08:54:00,2026-01-22 08:54:00,1,18.14,50.39,44.9
USDJPY,TRANSITION,2026-01-22 08:55:00,2026-01-22 12:09:00,195,30.18,37.58,52.04
USDJPY,WIDE_RANGE,2026-01-22 12:10:00,2026-01-22 12:20:00,11,24.22,46.95,44.59
USDJPY,TRANSITION,2026-01-22 12:21:00,2026-01-22 12:22:00,2,32.54,33.48,53.5
USDJPY,WIDE_RANGE,2026-01-22 12:23:00,2026-01-22 12:27:00,5,27.99,43.93,47.15
USDJPY,TRANSITION,2026-01-22 12:28:00,2026-01-22 13:26:00,59,23.12,38.94,48.24
USDJPY,TIGHT_RANGE,2026-01-22 13:27:00,2026-01-22 13:40:00,14,17.59,45.55,46.51
USDJPY,LOW_LIQUIDITY,2026-01-22 13:41:00,2026-01-22 13:41:00,1,29.21,31.47,55.71
USDJPY,TIGHT_RANGE,2026-01-22 13:42:00,2026-01-22 13:45:00,4,21.35,42.05,48.09
USDJPY,LOW_LIQUIDITY,2026-01-22 13:46:00,2026-01-22 13:52:00,7,25.33,26.42,54.26
USDJPY,TIGHT_RANGE,2026-01-22 13:53:00,2026-01-22 13:57:00,5,23.26,38.51,47.51
USDJPY,LOW_LIQUIDITY,2026-01-22 13:58:00,2026-01-22 13:58:00,1,32.42,23.58,55.67
USDJPY,TIGHT_RANGE,2026-01-22 13:59:00,2026-01-22 14:04:00,6,22.95,39.33,44.85
USDJPY,LOW_LIQUIDITY,2026-01-22 14:05:00,2026-01-22 14:08:00,4,39.96,31.07,53.11
USDJPY,TRANSITION,2026-01-22 14:09:00,2026-01-22 14:50:00,42,40.97,30.05,57.31
USDJPY,TIGHT_RANGE,2026-01-22 14:51:00,2026-01-22 14:51:00,1,27.64,37.07,53.43
USDJPY,TRANSITION,2026-01-22 14:52:00,2026-01-22 16:02:00,71,27.59,34.77,53.1
USDJPY,STRONG_TREND_UP,2026-01-22 16:03:00,2026-01-22 16:03:00,1,66.27,21.12,74.08
USDJPY,TRANSITION,2026-01-22 16:04:00,2026-01-22 16:04:00,1,63.78,21.84,71.88
USDJPY,STRONG_TREND_UP,2026-01-22 16:05:00,2026-01-22 16:05:00,1,66.62,22.92,72.06
USDJPY,TRANSITION,2026-01-22 16:06:00,2026-01-22 17:18:00,73,25.69,46.0,40.72
USDJPY,TIGHT_RANGE,2026-01-22 17:19:00,2026-01-22 17:21:00,3,15.47,65.17,18.96
USDJPY,TRANSITION,2026-01-22 17:22:00,2026-01-22 17:39:00,18,29.83,46.64,31.87
USDJPY,LOW_LIQUIDITY,2026-01-22 17:40:00,2026-01-22 17:43:00,4,32.27,49.17,33.76
USDJPY,TIGHT_RANGE,2026-01-22 17:44:00,2026-01-22 17:44:00,1,18.57,62.77,24.93
USDJPY,LOW_LIQUIDITY,2026-01-22 17:45:00,2026-01-22 17:45:00,1,40.3,46.56,41.37
USDJPY,TRANSITION,2026-01-22 17:46:00,2026-01-22 18:07:00,22,37.64,41.83,50.46
USDJPY,WIDE_RANGE,2026-01-22 18:08:00,2026-01-22 18:14:00,7,28.31,47.75,50.59
USDJPY,TRANSITION,2026-01-22 18:15:00,2026-01-22 18:15:00,1,27.73,48.68,50.2
USDJPY,WIDE_RANGE,2026-01-22 18:16:00,2026-01-22 18:19:00,4,25.05,50.31,48.42
USDJPY,TRANSITION,2026-01-22 18:20:00,2026-01-22 18:47:00,27,32.72,39.32,55.68
USDJPY,WIDE_RANGE,2026-01-22 18:48:00,2026-01-22 18:48:00,1,38.36,50.71,54.4
USDJPY,TRANSITION,2026-01-22 18:49:00,2026-01-22 19:01:00,13,50.94,41.81,63.22
USDJPY,WIDE_RANGE,2026-01-22 19:02:00,2026-01-22 19:02:00,1,29.11,56.2,48.28
USDJPY,TRANSITION,2026-01-22 19:03:00,2026-01-22 19:06:00,4,41.14,39.97,59.34
USDJPY,WIDE_RANGE,2026-01-22 19:07:00,2026-01-22 19:07:00,1,42.98,40.06,60.15
USDJPY,TRANSITION,2026-01-22 19:08:00,2026-01-22 19:10:00,3,43.95,36.16,61.93
USDJPY,WIDE_RANGE,2026-01-22 19:11:00,2026-01-22 19:22:00,12,26.16,50.71,48.79
USDJPY,TRANSITION,2026-01-22 19:23:00,2026-01-22 19:32:00,10,36.83,34.31,59.28
USDJPY,WIDE_RANGE,2026-01-22 19:33:00,2026-01-22 19:34:00,2,34.14,38.25,56.7
USDJPY,TRANSITION,2026-01-22 19:35:00,2026-01-22 19:54:00,20,38.12,27.66,62.13
USDJPY,WIDE_RANGE,2026-01-22 19:55:00,2026-01-22 20:13:00,19,24.95,46.03,49.11
USDJPY,TRANSITION,2026-01-22 20:14:00,2026-01-22 21:59:00,106,30.13,36.17,51.14
USDJPY,WIDE_RANGE,2026-01-22 22:00:00,2026-01-22 22:04:00,5,23.81,56.64,31.01
USDJPY,TRANSITION,2026-01-22 22:05:00,2026-01-22 22:08:00,4,39.1,48.23,39.96
USDJPY,WHIPSAW,2026-01-22 22:09:00,2026-01-22 22:10:00,2,26.0,73.75,24.73
USDJPY,WIDE_RANGE,2026-01-22 22:11:00,2026-01-22 22:11:00,1,34.2,67.22,31.42
USDJPY,TRANSITION,2026-01-22 22:12:00,2026-01-22 22:12:00,1,41.58,57.47,38.27
USDJPY,WIDE_RANGE,2026-01-22 22:13:00,2026-01-22 22:13:00,1,33.62,63.86,32.35
USDJPY,TRANSITION,2026-01-22 22:14:00,2026-01-22 22:14:00,1,41.22,56.45,38.57
USDJPY,WIDE_RANGE,2026-01-22 22:15:00,2026-01-22 22:19:00,5,31.92,62.1,33.28
USDJPY,TRANSITION,2026-01-22 22:20:00,2026-01-22 22:23:00,4,40.23,47.35,43.41
USDJPY,WIDE_RANGE,2026-01-22 22:24:00,2026-01-22 22:24:00,1,35.66,45.96,42.93
USDJPY,TRANSITION,2026-01-22 22:25:00,2026-01-22 22:26:00,2,37.84,42.44,45.62
USDJPY,WIDE_RANGE,2026-01-22 22:27:00,2026-01-22 22:28:00,2,25.63,56.97,37.0
USDJPY,TRANSITION,2026-01-22 22:29:00,2026-01-22 23:27:00,59,28.67,39.28,49.06
USDJPY,TIGHT_RANGE,2026-01-22 23:28:00,2026-01-22 23:30:00,3,21.23,40.23,49.56
USDJPY,LOW_LIQUIDITY,2026-01-22 23:31:00,2026-01-22 23:38:00,8,34.38,26.99,60.63
USDJPY,TIGHT_RANGE,2026-01-22 23:39:00,2026-01-22 23:46:00,8,15.88,43.72,46.44
USDJPY,LOW_LIQUIDITY,2026-01-22 23:47:00,2026-01-22 23:52:00,6,34.61,24.09,61.68
USDJPY,TRANSITION,2026-01-22 23:53:00,2026-01-23 01:34:00,102,30.42,36.63,52.88
USDJPY,WIDE_RANGE,2026-01-23 01:35:00,2026-01-23 01:38:00,4,18.47,59.22,39.1
USDJPY,TRANSITION,2026-01-23 01:39:00,2026-01-23 01:40:00,2,42.99,48.36,54.45
USDJPY,WIDE_RANGE,2026-01-23 01:41:00,2026-01-23 01:41:00,1,40.73,56.19,51.35
USDJPY,TRANSITION,2026-01-23 01:42:00,2026-01-23 01:44:00,3,44.58,54.52,53.76
USDJPY,WIDE_RANGE,2026-01-23 01:45:00,2026-01-23 01:45:00,1,34.87,64.87,45.39
USDJPY,TRANSITION,2026-01-23 01:46:00,2026-01-23 02:05:00,20,46.68,51.33,55.84
USDJPY,WIDE_RANGE,2026-01-23 02:06:00,2026-01-23 02:13:00,8,30.41,56.27,47.15
USDJPY,TRANSITION,2026-01-23 02:14:00,2026-01-23 02:43:00,30,47.53,27.76,66.37
USDJPY,STRONG_TREND_DOWN,2026-01-23 02:44:00,2026-01-23 02:44:00,1,65.66,29.39,71.93
USDJPY,TRANSITION,2026-01-23 02:45:00,2026-01-23 03:02:00,18,46.48,51.51,45.84
USDJPY,WHIPSAW,2026-01-23 03:03:00,2026-01-23 03:03:00,1,29.01,72.47,25.9
USDJPY,TRANSITION,2026-01-23 03:04:00,2026-01-23 03:06:00,3,46.79,46.4,46.84
USDJPY,WIDE_RANGE,2026-01-23 03:07:00,2026-01-23 03:07:00,1,27.73,64.45,33.61
USDJPY,TRANSITION,2026-01-23 03:08:00,2026-01-23 03:08:00,1,38.73,43.65,46.64
USDJPY,WIDE_RANGE,2026-01-23 03:09:00,2026-01-23 03:10:00,2,33.0,46.73,44.11
USDJPY,TRANSITION,2026-01-23 03:11:00,2026-01-23 03:28:00,18,25.92,46.37,45.86
USDJPY,TIGHT_RANGE,2026-01-23 03:29:00,2026-01-23 03:32:00,4,21.98,38.34,50.8
USDJPY,LOW_LIQUIDITY,2026-01-23 03:33:00,2026-01-23 03:33:00,1,37.82,21.14,64.21
USDJPY,TIGHT_RANGE,2026-01-23 03:34:00,2026-01-23 03:35:00,2,31.73,31.15,58.01
USDJPY,LOW_LIQUIDITY,2026-01-23 03:36:00,2026-01-23 03:36:00,1,34.36,24.24,61.56
USDJPY,TIGHT_RANGE,2026-01-23 03:37:00,2026-01-23 03:39:00,3,22.07,33.95,52.61
USDJPY,LOW_LIQUIDITY,2026-01-23 03:40:00,2026-01-23 03:40:00,1,31.02,22.79,60.52
USDJPY,TIGHT_RANGE,2026-01-23 03:41:00,2026-01-23 03:43:00,3,16.73,36.86,49.16
USDJPY,LOW_LIQUIDITY,2026-01-23 03:44:00,2026-01-23 03:44:00,1,21.27,30.48,53.42
USDJPY,TIGHT_RANGE,2026-01-23 03:45:00,2026-01-23 03:46:00,2,20.61,36.93,50.93
USDJPY,LOW_LIQUIDITY,2026-01-23 03:47:00,2026-01-23 04:15:00,29,39.68,20.96,64.4
USDJPY,TIGHT_RANGE,2026-01-23 04:16:00,2026-01-23 04:17:00,2,27.12,40.03,51.7
USDJPY,TRANSITION,2026-01-23 04:18:00,2026-01-23 04:18:00,1,25.94,42.67,50.12
USDJPY,TIGHT_RANGE,2026-01-23 04:19:00,2026-01-23 04:19:00,1,25.65,45.53,49.07
USDJPY,TRANSITION,2026-01-23 04:20:00,2026-01-23 04:25:00,6,23.26,39.04,49.58
USDJPY,TIGHT_RANGE,2026-01-23 04:26:00,2026-01-23 04:29:00,4,20.15,43.14,46.32
USDJPY,LOW_LIQUIDITY,2026-01-23 04:30:00,2026-01-23 04:30:00,1,29.99,27.9,55.91
USDJPY,TIGHT_RANGE,2026-01-23 04:31:00,2026-01-23 04:45:00,15,19.13,42.63,47.0
USDJPY,TRANSITION,2026-01-23 04:46:00,2026-01-23 05:25:00,40,27.83,34.07,54.39
USDJPY,TIGHT_RANGE,2026-01-23 05:26:00,2026-01-23 05:29:00,4,17.4,44.66,45.23
USDJPY,TRANSITION,2026-01-23 05:30:00,2026-01-23 05:37:00,8,23.63,38.95,49.59
USDJPY,TIGHT_RANGE,2026-01-23 05:38:00,2026-01-23 05:39:00,2,23.91,40.81,48.04
USDJPY,LOW_LIQUIDITY,2026-01-23 05:40:00,2026-01-23 05:50:00,11,39.87,30.46,58.86
USDJPY,TIGHT_RANGE,2026-01-23 05:51:00,2026-01-23 06:00:00,10,17.96,46.26,43.22
USDJPY,TRANSITION,2026-01-23 06:01:00,2026-01-23 06:33:00,33,28.72,36.8,52.46
USDJPY,LOW_LIQUIDITY,2026-01-23 06:34:00,2026-01-23 06:34:00,1,30.48,28.39,56.36
USDJPY,TRANSITION,2026-01-23 06:35:00,2026-01-23 07:29:00,55,30.03,31.28,55.36
USDJPY,TIGHT_RANGE,2026-01-23 07:30:00,2026-01-23 07:31:00,2,26.57,37.94,52.57
USDJPY,LOW_LIQUIDITY,2026-01-23 07:32:00,2026-01-23 07:33:00,2,29.15,32.44,55.35
USDJPY,TIGHT_RANGE,2026-01-23 07:34:00,2026-01-23 07:41:00,8,22.88,43.44,47.39
USDJPY,LOW_LIQUIDITY,2026-01-23 07:42:00,2026-01-23 07:43:00,2,36.29,32.91,55.55
USDJPY,TRANSITION,2026-01-23 07:44:00,2026-01-23 07:44:00,1,47.93,30.04,61.8
USDJPY,LOW_LIQUIDITY,2026-01-23 07:45:00,2026-01-23 07:46:00,2,45.19,31.03,60.17
USDJPY,TRANSITION,2026-01-23 07:47:00,2026-01-23 09:37:00,111,31.84,36.85,53.38
USDJPY,WIDE_RANGE,2026-01-23 09:38:00,2026-01-23 09:40:00,3,28.88,47.81,50.36
USDJPY,TRANSITION,2026-01-23 09:41:00,2026-01-23 11:19:00,99,34.29,38.78,52.12
USDJPY,WIDE_RANGE,2026-01-23 11:20:00,2026-01-23 11:20:00,1,21.72,46.07,44.53
USDJPY,TRANSITION,2026-01-23 11:21:00,2026-01-23 11:33:00,13,45.78,42.11,55.89
USDJPY,STRONG_TREND_DOWN,2026-01-23 11:34:00,2026-01-23 11:38:00,5,66.48,37.41,64.7
USDJPY,TRANSITION,2026-01-23 11:39:00,2026-01-23 11:41:00,3,61.17,40.91,59.98
USDJPY,STRONG_TREND_DOWN,2026-01-23 11:42:00,2026-01-23 11:43:00,2,66.11,36.75,63.17
USDJPY,TRANSITION,2026-01-23 11:44:00,2026-01-23 11:52:00,9,55.74,32.57,59.4
USDJPY,WIDE_RANGE,2026-01-23 11:53:00,2026-01-23 12:11:00,19,26.12,52.91,39.95
USDJPY,TRANSITION,2026-01-23 12:12:00,2026-01-23 12:35:00,24,54.91,44.46,56.99
USDJPY,WIDE_RANGE,2026-01-23 12:36:00,2026-01-23 12:39:00,4,38.08,60.19,41.49
USDJPY,TRANSITION,2026-01-23 12:40:00,2026-01-23 12:40:00,1,38.7,49.91,45.11
USDJPY,WIDE_RANGE,2026-01-23 12:41:00,2026-01-23 12:41:00,1,34.21,57.46,40.22
USDJPY,TRANSITION,2026-01-23 12:42:00,2026-01-23 12:42:00,1,35.21,53.51,42.02
USDJPY,WIDE_RANGE,2026-01-23 12:43:00,2026-01-23 12:45:00,3,30.08,61.09,37.12
USDJPY,WHIPSAW,2026-01-23 12:46:00,2026-01-23 12:47:00,2,25.89,71.01,31.52
USDJPY,WIDE_RANGE,2026-01-23 12:48:00,2026-01-23 12:50:00,3,26.32,67.65,32.75
USDJPY,TRANSITION,2026-01-23 12:51:00,2026-01-23 12:51:00,1,33.13,55.83,40.08
USDJPY,WIDE_RANGE,2026-01-23 12:52:00,2026-01-23 12:53:00,2,26.34,64.74,34.41
USDJPY,TRANSITION,2026-01-23 12:54:00,2026-01-23 12:54:00,1,34.25,49.09,43.89
USDJPY,WIDE_RANGE,2026-01-23 12:55:00,2026-01-23 12:55:00,1,31.16,53.31,41.66
USDJPY,TRANSITION,2026-01-23 12:56:00,2026-01-23 13:51:00,56,29.52,42.68,47.51
USDJPY,TIGHT_RANGE,2026-01-23 13:52:00,2026-01-23 13:59:00,8,16.81,46.39,45.56
USDJPY,LOW_LIQUIDITY,2026-01-23 14:00:00,2026-01-23 14:01:00,2,22.68,27.87,54.93
USDJPY,TIGHT_RANGE,2026-01-23 14:02:00,2026-01-23 14:05:00,4,14.72,43.56,45.96
USDJPY,LOW_LIQUIDITY,2026-01-23 14:06:00,2026-01-23 14:07:00,2,28.49,33.45,55.73
USDJPY,TIGHT_RANGE,2026-01-23 14:08:00,2026-01-23 14:09:00,2,23.68,42.9,50.3
USDJPY,LOW_LIQUIDITY,2026-01-23 14:10:00,2026-01-23 14:20:00,11,34.13,22.76,61.96
USDJPY,TIGHT_RANGE,2026-01-23 14:21:00,2026-01-23 14:23:00,3,26.47,31.72,55.39
USDJPY,LOW_LIQUIDITY,2026-01-23 14:24:00,2026-01-23 14:25:00,2,37.35,25.49,62.52
USDJPY,TRANSITION,2026-01-23 14:26:00,2026-01-23 14:43:00,18,24.55,32.38,53.13
USDJPY,LOW_LIQUIDITY,2026-01-23 14:44:00,2026-01-23 14:51:00,8,33.56,20.73,60.73
USDJPY,TRANSITION,2026-01-23 14:52:00,2026-01-23 15:20:00,29,31.45,34.47,53.56
USDJPY,LOW_LIQUIDITY,2026-01-23 15:21:00,2026-01-23 15:22:00,2,28.3,42.78,44.49
USDJPY,TRANSITION,2026-01-23 15:23:00,2026-01-23 15:23:00,1,34.23,36.91,49.32
USDJPY,LOW_LIQUIDITY,2026-01-23 15:24:00,2026-01-23 15:24:00,1,34.41,34.07,50.54
USDJPY,TRANSITION,2026-01-23 15:25:00,2026-01-23 15:25:00,1,36.86,27.61,53.97
USDJPY,LOW_LIQUIDITY,2026-01-23 15:26:00,2026-01-23 15:26:00,1,33.58,32.36,51.06
USDJPY,TRANSITION,2026-01-23 15:27:00,2026-01-23 16:31:00,65,25.46,34.98,47.12
USDJPY,TIGHT_RANGE,2026-01-23 16:32:00,2026-01-23 16:32:00,1,19.81,47.42,40.91
USDJPY,LOW_LIQUIDITY,2026-01-23 16:33:00,2026-01-23 16:40:00,8,36.75,31.51,54.15
USDJPY,TIGHT_RANGE,2026-01-23 16:41:00,2026-01-23 16:44:00,4,14.06,53.44,35.74
USDJPY,TRANSITION,2026-01-23 16:45:00,2026-01-25 17:30:00,45,35.17,51.71,36.08
USDJPY,WHIPSAW,2026-01-25 17:31:00,2026-01-25 17:31:00,1,9.59,73.29,13.49
USDJPY,TRANSITION,2026-01-25 17:32:00,2026-01-25 17:47:00,16,42.97,47.95,38.75
USDJPY,STRONG_TREND_DOWN,2026-01-25 17:48:00,2026-01-25 17:52:00,5,67.31,38.77,57.67
USDJPY,TRANSITION,2026-01-25 17:53:00,2026-01-25 17:53:00,1,64.63,39.42,57.1
USDJPY,STRONG_TREND_DOWN,2026-01-25 17:54:00,2026-01-25 17:54:00,1,65.67,40.39,57.58
USDJPY,TRANSITION,2026-01-25 17:55:00,2026-01-25 17:58:00,4,45.14,53.71,43.35
USDJPY,WIDE_RANGE,2026-01-25 17:59:00,2026-01-25 18:01:00,3,31.75,62.69,34.62
USDJPY,WHIPSAW,2026-01-25 18:02:00,2026-01-25 18:02:00,1,24.33,71.11,29.62
USDJPY,TRANSITION,2026-01-25 18:03:00,2026-01-25 18:04:00,2,43.87,53.27,45.54
USDJPY,WIDE_RANGE,2026-01-25 18:05:00,2026-01-25 18:05:00,1,35.22,59.05,40.76
USDJPY,TRANSITION,2026-01-25 18:06:00,2026-01-25 18:14:00,9,41.9,49.8,51.12
USDJPY,WIDE_RANGE,2026-01-25 18:15:00,2026-01-25 18:21:00,7,35.79,41.46,56.18
USDJPY,TRANSITION,2026-01-25 18:22:00,2026-01-25 18:33:00,12,55.3,20.74,72.38
USDJPY,STRONG_TREND_UP,2026-01-25 18:34:00,2026-01-25 18:34:00,1,65.48,17.32,78.23
USDJPY,TRANSITION,2026-01-25 18:35:00,2026-01-25 18:48:00,14,37.0,37.72,58.19
USDJPY,WIDE_RANGE,2026-01-25 18:49:00,2026-01-25 18:49:00,1,35.89,51.34,53.05
USDJPY,TRANSITION,2026-01-25 18:50:00,2026-01-25 18:50:00,1,31.13,50.71,51.08
USDJPY,WIDE_RANGE,2026-01-25 18:51:00,2026-01-25 18:57:00,7,28.87,44.43,52.17
USDJPY,TRANSITION,2026-01-25 18:58:00,2026-01-25 22:24:00,207,30.06,36.21,53.41
USDJPY,LOW_LIQUIDITY,2026-01-25 22:25:00,2026-01-25 22:25:00,1,23.52,37.63,49.14
USDJPY,TRANSITION,2026-01-25 22:26:00,2026-01-25 22:27:00,2,22.64,36.31,49.15
USDJPY,TIGHT_RANGE,2026-01-25 22:28:00,2026-01-25 22:32:00,5,19.82,43.14,46.27
USDJPY,LOW_LIQUIDITY,2026-01-25 22:33:00,2026-01-25 22:33:00,1,23.67,31.9,52.48
USDJPY,TRANSITION,2026-01-25 22:34:00,2026-01-25 22:45:00,12,23.41,40.59,49.82
USDJPY,TIGHT_RANGE,2026-01-25 22:46:00,2026-01-25 22:47:00,2,17.77,44.38,45.95
USDJPY,TRANSITION,2026-01-25 22:48:00,2026-01-25 22:51:00,4,16.79,51.2,42.58
USDJPY,TIGHT_RANGE,2026-01-25 22:52:00,2026-01-25 22:52:00,1,24.9,41.89,48.69
USDJPY,LOW_LIQUIDITY,2026-01-25 22:53:00,2026-01-25 22:53:00,1,25.6,37.26,50.54
USDJPY,TIGHT_RANGE,2026-01-25 22:54:00,2026-01-25 23:07:00,14,19.43,40.41,46.84
USDJPY,TRANSITION,2026-01-25 23:08:00,2026-01-26 00:47:00,100,28.24,40.45,50.46
USDJPY,LOW_LIQUIDITY,2026-01-26 00:48:00,2026-01-26 00:50:00,3,36.26,29.22,60.25
USDJPY,TIGHT_RANGE,2026-01-26 00:51:00,2026-01-26 00:54:00,4,23.8,35.3,52.69
USDJPY,TRANSITION,2026-01-26 00:55:00,2026-01-26 01:13:00,19,39.31,28.95,61.88
USDJPY,STRONG_TREND_UP,2026-01-26 01:14:00,2026-01-26 01:15:00,2,69.74,20.55,77.45
USDJPY,TRANSITION,2026-01-26 01:16:00,2026-01-26 03:00:00,105,32.07,38.31,51.34
USDJPY,WIDE_RANGE,2026-01-26 03:01:00,2026-01-26 03:08:00,8,26.73,46.54,47.6
USDJPY,TRANSITION,2026-01-26 03:09:00,2026-01-26 03:09:00,1,35.27,37.0,54.25
USDJPY,WIDE_RANGE,2026-01-26 03:10:00,2026-01-26 03:14:00,5,29.44,42.21,49.72
USDJPY,TRANSITION,2026-01-26 03:15:00,2026-01-26 03:17:00,3,36.23,38.44,53.84
USDJPY,WIDE_RANGE,2026-01-26 03:18:00,2026-01-26 03:18:00,1,34.09,46.0,50.09
USDJPY,TRANSITION,2026-01-26 03:19:00,2026-01-26 03:20:00,2,39.89,37.86,55.15
USDJPY,WIDE_RANGE,2026-01-26 03:21:00,2026-01-26 03:22:00,2,32.0,38.14,51.44
USDJPY,TRANSITION,2026-01-26 03:23:00,2026-01-26 03:24:00,2,27.91,45.47,47.42
USDJPY,WIDE_RANGE,2026-01-26 03:25:00,2026-01-26 03:27:00,3,25.03,50.97,44.89
USDJPY,TRANSITION,2026-01-26 03:28:00,2026-01-26 03:39:00,12,39.89,31.1,57.7
USDJPY,WIDE_RANGE,2026-01-26 03:40:00,2026-01-26 03:40:00,1,41.24,41.17,53.21
USDJPY,TRANSITION,2026-01-26 03:41:00,2026-01-26 03:41:00,1,41.16,39.68,53.54
USDJPY,WIDE_RANGE,2026-01-26 03:42:00,2026-01-26 03:54:00,13,31.9,48.96,45.13
USDJPY,TRANSITION,2026-01-26 03:55:00,2026-01-26 04:01:00,7,36.84,34.01,53.38
USDJPY,WIDE_RANGE,2026-01-26 04:02:00,2026-01-26 04:19:00,18,25.17,49.73,43.73
USDJPY,TRANSITION,2026-01-26 04:20:00,2026-01-26 05:16:00,57,31.0,35.79,53.79
USDJPY,TIGHT_RANGE,2026-01-26 05:17:00,2026-01-26 05:26:00,10,18.07,41.39,48.24
USDJPY,LOW_LIQUIDITY,2026-01-26 05:27:00,2026-01-26 05:28:00,2,23.33,31.9,53.89
USDJPY,TIGHT_RANGE,2026-01-26 05:29:00,2026-01-26 05:29:00,1,23.1,34.76,52.81
USDJPY,LOW_LIQUIDITY,2026-01-26 05:30:00,2026-01-26 05:30:00,1,28.66,32.19,56.24
USDJPY,TIGHT_RANGE,2026-01-26 05:31:00,2026-01-26 05:33:00,3,30.41,31.97,57.12
USDJPY,LOW_LIQUIDITY,2026-01-26 05:34:00,2026-01-26 05:34:00,1,29.32,29.23,57.55
USDJPY,TIGHT_RANGE,2026-01-26 05:35:00,2026-01-26 05:37:00,3,21.23,39.3,50.28
USDJPY,TRANSITION,2026-01-26 05:38:00,2026-01-26 05:40:00,3,19.64,35.02,50.82
USDJPY,TIGHT_RANGE,2026-01-26 05:41:00,2026-01-26 05:41:00,1,14.24,40.73,46.43
USDJPY,TRANSITION,2026-01-26 05:42:00,2026-01-26 14:50:00,549,31.32,34.07,53.73
USDJPY,WIDE_RANGE,2026-01-26 14:51:00,2026-01-26 14:54:00,4,26.08,49.26,46.09
USDJPY,TRANSITION,2026-01-26 14:55:00,2026-01-26 14:56:00,2,32.32,42.24,51.39
USDJPY,WIDE_RANGE,2026-01-26 14:57:00,2026-01-26 14:58:00,2,32.32,46.31,50.19
USDJPY,TRANSITION,2026-01-26 14:59:00,2026-01-26 15:01:00,3,45.25,41.82,57.45
USDJPY,WIDE_RANGE,2026-01-26 15:02:00,2026-01-26 15:11:00,10,32.94,55.55,46.84
USDJPY,TRANSITION,2026-01-26 15:12:00,2026-01-26 15:14:00,3,35.09,43.14,51.48
USDJPY,WIDE_RANGE,2026-01-26 15:15:00,2026-01-26 15:22:00,8,31.11,48.25,46.03
USDJPY,TRANSITION,2026-01-26 15:23:00,2026-01-26 15:41:00,19,31.41,31.89,51.7
USDJPY,LOW_LIQUIDITY,2026-01-26 15:42:00,2026-01-26 15:42:00,1,43.72,13.9,63.77
USDJPY,TRANSITION,2026-01-26 15:43:00,2026-01-26 15:43:00,1,45.1,13.73,64.34
USDJPY,LOW_LIQUIDITY,2026-01-26 15:44:00,2026-01-26 15:44:00,1,40.65,17.29,61.25
USDJPY,TRANSITION,2026-01-26 15:45:00,2026-01-26 15:45:00,1,37.05,18.86,59.1
USDJPY,LOW_LIQUIDITY,2026-01-26 15:46:00,2026-01-26 15:47:00,2,31.23,22.81,55.17
USDJPY,TIGHT_RANGE,2026-01-26 15:48:00,2026-01-26 15:48:00,1,21.93,31.75,48.11
USDJPY,LOW_LIQUIDITY,2026-01-26 15:49:00,2026-01-26 15:49:00,1,25.98,29.72,50.31
USDJPY,TIGHT_RANGE,2026-01-26 15:50:00,2026-01-26 15:52:00,3,20.21,42.21,43.02
USDJPY,LOW_LIQUIDITY,2026-01-26 15:53:00,2026-01-26 15:56:00,4,31.0,31.2,51.93
USDJPY,TIGHT_RANGE,2026-01-26 15:57:00,2026-01-26 16:08:00,12,19.77,42.21,42.08
USDJPY,TRANSITION,2026-01-26 16:09:00,2026-01-26 16:18:00,10,31.43,36.9,45.94
USDJPY,LOW_LIQUIDITY,2026-01-26 16:19:00,2026-01-26 16:25:00,7,38.87,33.39,50.85
USDJPY,TRANSITION,2026-01-26 16:26:00,2026-01-26 16:27:00,2,34.32,32.41,51.22
USDJPY,LOW_LIQUIDITY,2026-01-26 16:28:00,2026-01-26 16:30:00,3,27.67,33.81,48.54
USDJPY,TIGHT_RANGE,2026-01-26 16:31:00,2026-01-26 16:31:00,1,26.48,38.29,46.78
USDJPY,LOW_LIQUIDITY,2026-01-26 16:32:00,2026-01-26 16:42:00,11,32.88,28.09,54.12
USDJPY,TIGHT_RANGE,2026-01-26 16:43:00,2026-01-26 16:44:00,2,22.49,41.37,46.14
USDJPY,LOW_LIQUIDITY,2026-01-26 16:45:00,2026-01-26 16:51:00,7,39.41,27.25,58.42
USDJPY,TIGHT_RANGE,2026-01-26 16:52:00,2026-01-26 16:56:00,5,12.65,48.06,37.51
USDJPY,LOW_LIQUIDITY,2026-01-26 16:57:00,2026-01-26 16:57:00,1,26.88,37.53,44.58
USDJPY,TIGHT_RANGE,2026-01-26 16:58:00,2026-01-26 16:58:00,1,25.78,46.75,38.94
USDJPY,TRANSITION,2026-01-26 16:59:00,2026-01-26 17:12:00,12,34.07,54.08,31.96
USDJPY,WHIPSAW,2026-01-26 17:13:00,2026-01-26 17:16:00,4,25.14,73.4,20.61
USDJPY,TRANSITION,2026-01-26 17:17:00,2026-01-26 17:20:00,4,19.44,62.48,21.7
USDJPY,WHIPSAW,2026-01-26 17:21:00,2026-01-26 17:22:00,2,11.3,72.13,14.68
USDJPY,TRANSITION,2026-01-26 17:23:00,2026-01-26 17:23:00,1,16.52,68.22,18.4
USDJPY,WHIPSAW,2026-01-26 17:24:00,2026-01-26 17:28:00,5,13.74,73.46,15.34
USDJPY,TRANSITION,2026-01-26 17:29:00,2026-01-26 17:29:00,1,17.15,68.88,18.47
USDJPY,WHIPSAW,2026-01-26 17:30:00,2026-01-26 17:30:00,1,12.67,74.34,14.55
USDJPY,TRANSITION,2026-01-26 17:31:00,2026-01-26 17:34:00,4,31.02,54.64,29.69
USDJPY,TIGHT_RANGE,2026-01-26 17:35:00,2026-01-26 17:35:00,1,24.92,53.99,27.11
USDJPY,LOW_LIQUIDITY,2026-01-26 17:36:00,2026-01-26 17:36:00,1,24.96,52.56,27.61
USDJPY,TIGHT_RANGE,2026-01-26 17:37:00,2026-01-26 17:41:00,5,19.55,57.71,23.37
USDJPY,LOW_LIQUIDITY,2026-01-26 17:42:00,2026-01-26 17:42:00,1,24.47,48.13,28.89
USDJPY,TIGHT_RANGE,2026-01-26 17:43:00,2026-01-26 17:43:00,1,14.49,69.6,17.0
USDJPY,LOW_LIQUIDITY,2026-01-26 17:44:00,2026-01-26 17:44:00,1,23.97,50.93,27.71
USDJPY,TIGHT_RANGE,2026-01-26 17:45:00,2026-01-26 17:45:00,1,16.82,63.76,20.06
USDJPY,LOW_LIQUIDITY,2026-01-26 17:46:00,2026-01-26 17:49:00,4,30.25,46.23,32.2
USDJPY,TIGHT_RANGE,2026-01-26 17:50:00,2026-01-26 17:51:00,2,15.55,62.77,19.81
USDJPY,WHIPSAW,2026-01-26 17:52:00,2026-01-26 17:52:00,1,9.12,72.56,13.52
USDJPY,LOW_LIQUIDITY,2026-01-26 17:53:00,2026-01-26 17:55:00,3,21.13,57.81,24.06
USDJPY,WHIPSAW,2026-01-26 17:56:00,2026-01-26 17:56:00,1,15.6,76.04,15.32
USDJPY,TRANSITION,2026-01-26 17:57:00,2026-01-26 17:58:00,2,23.05,60.15,24.16
USDJPY,WHIPSAW,2026-01-26 17:59:00,2026-01-26 17:59:00,1,20.15,73.41,18.67
USDJPY,TRANSITION,2026-01-26 18:00:00,2026-01-26 18:00:00,1,25.55,52.27,29.53
USDJPY,WHIPSAW,2026-01-26 18:01:00,2026-01-26 18:01:00,1,17.88,70.38,21.05
USDJPY,TRANSITION,2026-01-26 18:02:00,2026-01-26 18:04:00,3,26.83,61.43,30.9
USDJPY,WIDE_RANGE,2026-01-26 18:05:00,2026-01-26 18:16:00,12,22.22,54.27,42.28
USDJPY,TRANSITION,2026-01-26 18:17:00,2026-01-26 18:17:00,1,37.64,24.83,62.87
USDJPY,WIDE_RANGE,2026-01-26 18:18:00,2026-01-26 18:21:00,4,25.42,38.41,52.63
USDJPY,TRANSITION,2026-01-26 18:22:00,2026-01-26 18:48:00,27,29.89,36.38,55.38
USDJPY,STRONG_TREND_UP,2026-01-26 18:49:00,2026-01-26 18:50:00,2,73.74,30.75,77.47
USDJPY,TRANSITION,2026-01-26 18:51:00,2026-01-26 19:00:00,10,54.73,38.3,66.15
USDJPY,WIDE_RANGE,2026-01-26 19:01:00,2026-01-26 19:08:00,8,28.94,52.4,49.5
USDJPY,TRANSITION,2026-01-26 19:09:00,2026-01-26 19:21:00,13,49.19,38.61,63.5
USDJPY,WIDE_RANGE,2026-01-26 19:22:00,2026-01-26 19:22:00,1,34.62,44.84,54.68
USDJPY,TRANSITION,2026-01-26 19:23:00,2026-01-26 19:24:00,2,38.3,39.28,58.26
USDJPY,WIDE_RANGE,2026-01-26 19:25:00,2026-01-26 19:29:00,5,27.61,49.45,49.89
USDJPY,TRANSITION,2026-01-26 19:30:00,2026-01-26 19:30:00,1,21.41,53.49,45.66
USDJPY,WIDE_RANGE,2026-01-26 19:31:00,2026-01-26 19:31:00,1,26.03,38.0,53.05
USDJPY,TRANSITION,2026-01-26 19:32:00,2026-01-26 20:05:00,34,29.4,39.18,54.2
USDJPY,WIDE_RANGE,2026-01-26 20:06:00,2026-01-26 20:08:00,3,29.13,47.96,51.09
USDJPY,TRANSITION,2026-01-26 20:09:00,2026-01-26 21:20:00,72,25.77,40.6,49.49
USDJPY,TIGHT_RANGE,2026-01-26 21:21:00,2026-01-26 21:23:00,3,16.39,44.24,45.8
USDJPY,LOW_LIQUIDITY,2026-01-26 21:24:00,2026-01-26 21:25:00,2,26.94,28.29,55.78
USDJPY,TRANSITION,2026-01-26 21:26:00,2026-01-26 22:38:00,73,34.46,28.45,56.19
USDJPY,TIGHT_RANGE,2026-01-26 22:39:00,2026-01-26 22:39:00,1,25.78,36.25,49.0
USDJPY,TRANSITION,2026-01-26 22:40:00,2026-01-27 02:02:00,203,31.61,35.32,53.43
USDJPY,WIDE_RANGE,2026-01-27 02:03:00,2026-01-27 02:04:00,2,27.95,46.5,45.53
USDJPY,TRANSITION,2026-01-27 02:05:00,2026-01-27 02:09:00,5,38.16,38.36,53.24
USDJPY,WIDE_RANGE,2026-01-27 02:10:00,2026-01-27 02:22:00,13,27.95,48.99,46.14
USDJPY,TRANSITION,2026-01-27 02:23:00,2026-01-27 03:06:00,44,36.69,33.52,55.72
USDJPY,WIDE_RANGE,2026-01-27 03:07:00,2026-01-27 03:07:00,1,31.32,35.78,51.94
USDJPY,TRANSITION,2026-01-27 03:08:00,2026-01-27 03:08:00,1,36.53,34.34,54.4
USDJPY,WIDE_RANGE,2026-01-27 03:09:00,2026-01-27 03:09:00,1,32.24,40.23,50.22
USDJPY,TRANSITION,2026-01-27 03:10:00,2026-01-27 03:11:00,2,41.23,28.88,58.34
USDJPY,WIDE_RANGE,2026-01-27 03:12:00,2026-01-27 03:20:00,9,26.8,53.77,43.34
USDJPY,TRANSITION,2026-01-27 03:21:00,2026-01-27 04:19:00,59,31.06,31.24,55.39
USDJPY,LOW_LIQUIDITY,2026-01-27 04:20:00,2026-01-27 04:38:00,19,42.87,29.45,60.59
USDJPY,TRANSITION,2026-01-27 04:39:00,2026-01-27 05:03:00,25,42.33,34.31,56.32
USDJPY,WIDE_RANGE,2026-01-27 05:04:00,2026-01-27 05:05:00,2,39.78,60.03,37.09
USDJPY,TRANSITION,2026-01-27 05:06:00,2026-01-27 05:06:00,1,40.28,58.72,36.72
USDJPY,WIDE_RANGE,2026-01-27 05:07:00,2026-01-27 05:10:00,4,37.55,64.46,31.22
USDJPY,WHIPSAW,2026-01-27 05:11:00,2026-01-27 05:11:00,1,33.29,71.98,24.9
USDJPY,TRANSITION,2026-01-27 05:12:00,2026-01-27 05:12:00,1,45.28,56.69,37.15
USDJPY,WIDE_RANGE,2026-01-27 05:13:00,2026-01-27 05:13:00,1,30.02,68.73,27.06
USDJPY,TRANSITION,2026-01-27 05:14:00,2026-01-27 05:15:00,2,43.07,55.11,38.69
USDJPY,WIDE_RANGE,2026-01-27 05:16:00,2026-01-27 05:26:00,11,32.51,59.16,34.76
USDJPY,TRANSITION,2026-01-27 05:27:00,2026-01-27 06:13:00,47,28.5,42.32,45.03
USDJPY,LOW_LIQUIDITY,2026-01-27 06:14:00,2026-01-27 06:14:00,1,26.05,30.47,51.75
USDJPY,TIGHT_RANGE,2026-01-27 06:15:00,2026-01-27 06:15:00,1,21.37,42.68,45.35
USDJPY,TRANSITION,2026-01-27 06:16:00,2026-01-27 06:17:00,2,23.81,47.2,45.13
USDJPY,TIGHT_RANGE,2026-01-27 06:18:00,2026-01-27 06:44:00,27,19.08,42.24,47.02
USDJPY,LOW_LIQUIDITY,2026-01-27 06:45:00,2026-01-27 06:45:00,1,28.17,35.18,55.0
USDJPY,TIGHT_RANGE,2026-01-27 06:46:00,2026-01-27 06:46:00,1,25.93,38.82,52.73
USDJPY,LOW_LIQUIDITY,2026-01-27 06:47:00,2026-01-27 06:53:00,7,27.77,33.91,55.24
USDJPY,TIGHT_RANGE,2026-01-27 06:54:00,2026-01-27 06:55:00,2,16.38,45.3,46.13
USDJPY,LOW_LIQUIDITY,2026-01-27 06:56:00,2026-01-27 06:56:00,1,22.22,37.18,51.58
USDJPY,TIGHT_RANGE,2026-01-27 06:57:00,2026-01-27 07:03:00,7,21.53,45.23,48.52
USDJPY,TRANSITION,2026-01-27 07:04:00,2026-01-27 07:42:00,39,32.4,35.65,55.93
USDJPY,WIDE_RANGE,2026-01-27 07:43:00,2026-01-27 07:45:00,3,22.77,52.72,45.49
USDJPY,TRANSITION,2026-01-27 07:46:00,2026-01-27 08:47:00,62,25.74,40.58,51.05
USDJPY,WIDE_RANGE,2026-01-27 08:48:00,2026-01-27 08:49:00,2,27.33,39.75,51.12
USDJPY,TRANSITION,2026-01-27 08:50:00,2026-01-27 08:50:00,1,29.68,37.53,52.15
USDJPY,WIDE_RANGE,2026-01-27 08:51:00,2026-01-27 09:05:00,15,26.55,57.21,40.75
USDJPY,TRANSITION,2026-01-27 09:06:00,2026-01-27 12:39:00,214,29.72,35.88,52.85
USDJPY,LOW_LIQUIDITY,2026-01-27 12:40:00,2026-01-27 12:40:00,1,29.21,25.26,56.5
USDJPY,TRANSITION,2026-01-27 12:41:00,2026-01-27 13:00:00,20,46.93,33.23,59.02
USDJPY,WIDE_RANGE,2026-01-27 13:01:00,2026-01-27 13:03:00,3,27.07,53.86,40.01
USDJPY,TRANSITION,2026-01-27 13:04:00,2026-01-27 13:50:00,47,27.2,42.36,46.23
USDJPY,TIGHT_RANGE,2026-01-27 13:51:00,2026-01-27 13:51:00,1,22.78,40.45,49.8
USDJPY,LOW_LIQUIDITY,2026-01-27 13:52:00,2026-01-27 13:53:00,2,29.83,29.61,56.72
USDJPY,TIGHT_RANGE,2026-01-27 13:54:00,2026-01-27 13:59:00,6,20.5,47.27,46.22
USDJPY,TRANSITION,2026-01-27 14:00:00,2026-01-27 14:02:00,3,29.0,37.42,52.47
USDJPY,LOW_LIQUIDITY,2026-01-27 14:03:00,2026-01-27 14:03:00,1,41.32,26.79,61.13
USDJPY,TRANSITION,2026-01-27 14:04:00,2026-01-27 14:07:00,4,23.28,40.42,47.8
USDJPY,TIGHT_RANGE,2026-01-27 14:08:00,2026-01-27 14:11:00,4,21.33,42.92,45.34
USDJPY,LOW_LIQUIDITY,2026-01-27 14:12:00,2026-01-27 14:14:00,3,30.06,34.94,52.15
USDJPY,TIGHT_RANGE,2026-01-27 14:15:00,2026-01-27 14:17:00,3,20.59,42.78,44.97
USDJPY,LOW_LIQUIDITY,2026-01-27 14:18:00,2026-01-27 14:18:00,1,30.16,25.07,55.67
USDJPY,TIGHT_RANGE,2026-01-27 14:19:00,2026-01-27 14:37:00,19,17.92,43.38,44.3
USDJPY,LOW_LIQUIDITY,2026-01-27 14:38:00,2026-01-27 14:38:00,1,24.98,19.67,56.02
USDJPY,TIGHT_RANGE,2026-01-27 14:39:00,2026-01-27 14:40:00,2,20.38,31.48,49.45
USDJPY,LOW_LIQUIDITY,2026-01-27 14:41:00,2026-01-27 14:41:00,1,25.72,19.85,56.12
USDJPY,TIGHT_RANGE,2026-01-27 14:42:00,2026-01-27 14:46:00,5,19.51,43.97,44.07
USDJPY,TRANSITION,2026-01-27 14:47:00,2026-01-27 15:37:00,51,31.4,35.83,52.5
USDJPY,WIDE_RANGE,2026-01-27 15:38:00,2026-01-27 15:39:00,2,30.9,51.17,47.94
USDJPY,TRANSITION,2026-01-27 15:40:00,2026-01-27 15:43:00,4,45.75,38.83,58.96
USDJPY,WIDE_RANGE,2026-01-27 15:44:00,2026-01-27 15:45:00,2,22.23,59.92,39.89
USDJPY,TRANSITION,2026-01-27 15:46:00,2026-01-27 15:59:00,14,42.67,49.42,49.19
USDJPY,WIDE_RANGE,2026-01-27 16:00:00,2026-01-27 16:02:00,3,40.35,54.2,43.6
USDJPY,TRANSITION,2026-01-27 16:03:00,2026-01-27 16:03:00,1,43.59,48.17,45.96
USDJPY,WIDE_RANGE,2026-01-27 16:04:00,2026-01-27 16:07:00,4,33.86,58.16,37.01
USDJPY,TRANSITION,2026-01-27 16:08:00,2026-01-27 16:08:00,1,38.48,52.18,40.07
USDJPY,WIDE_RANGE,2026-01-27 16:09:00,2026-01-27 16:17:00,9,26.47,57.68,31.67
USDJPY,TRANSITION,2026-01-27 16:18:00,2026-01-27 17:02:00,44,26.65,40.29,42.29
USDJPY,TIGHT_RANGE,2026-01-27 17:04:00,2026-01-27 17:04:00,1,21.38,61.58,22.9
USDJPY,TRANSITION,2026-01-27 17:05:00,2026-01-27 17:05:00,1,21.0,64.51,21.73
USDJPY,TIGHT_RANGE,2026-01-27 17:06:00,2026-01-27 17:06:00,1,16.37,69.66,17.84
USDJPY,TRANSITION,2026-01-27 17:07:00,2026-01-27 17:08:00,2,22.38,61.8,23.29
USDJPY,TIGHT_RANGE,2026-01-27 17:09:00,2026-01-27 17:21:00,13,17.63,62.28,20.93
USDJPY,LOW_LIQUIDITY,2026-01-27 17:22:00,2026-01-27 17:23:00,2,25.96,47.2,29.9
USDJPY,TIGHT_RANGE,2026-01-27 17:24:00,2026-01-27 17:26:00,3,16.17,61.81,20.42
USDJPY,LOW_LIQUIDITY,2026-01-27 17:27:00,2026-01-27 17:27:00,1,20.16,49.27,26.52
USDJPY,TIGHT_RANGE,2026-01-27 17:28:00,2026-01-27 17:30:00,3,14.13,59.8,20.17
USDJPY,LOW_LIQUIDITY,2026-01-27 17:31:00,2026-01-27 17:32:00,2,23.66,51.36,27.42
USDJPY,TIGHT_RANGE,2026-01-27 17:33:00,2026-01-27 17:36:00,4,20.87,54.47,26.03
USDJPY,LOW_LIQUIDITY,2026-01-27 17:37:00,2026-01-27 17:46:00,10,37.55,42.69,37.21
USDJPY,TRANSITION,2026-01-27 17:47:00,2026-01-27 18:57:00,71,31.24,39.3,50.67
USDJPY,WIDE_RANGE,2026-01-27 18:58:00,2026-01-27 19:01:00,4,30.63,44.57,52.93
USDJPY,TRANSITION,2026-01-27 19:02:00,2026-01-27 19:02:00,1,45.26,34.68,63.03
USDJPY,WIDE_RANGE,2026-01-27 19:03:00,2026-01-27 19:03:00,1,38.55,46.51,55.92
USDJPY,TRANSITION,2026-01-27 19:04:00,2026-01-27 19:05:00,2,48.19,39.28,62.81
USDJPY,WIDE_RANGE,2026-01-27 19:06:00,2026-01-27 19:08:00,3,37.64,45.31,55.91
USDJPY,TRANSITION,2026-01-27 19:09:00,2026-01-27 19:16:00,8,46.56,33.83,63.91
USDJPY,WIDE_RANGE,2026-01-27 19:17:00,2026-01-27 19:23:00,7,25.77,43.61,51.03
USDJPY,TRANSITION,2026-01-27 19:24:00,2026-01-27 20:51:00,88,33.17,37.07,53.58
USDJPY,LOW_LIQUIDITY,2026-01-27 20:52:00,2026-01-27 20:52:00,1,28.55,34.6,51.73
USDJPY,TRANSITION,2026-01-27 20:53:00,2026-01-27 21:41:00,49,25.37,37.5,50.6
USDJPY,LOW_LIQUIDITY,2026-01-27 21:42:00,2026-01-27 21:42:00,1,26.03,33.23,51.71
USDJPY,TIGHT_RANGE,2026-01-27 21:43:00,2026-01-27 21:43:00,1,21.49,41.71,46.49
USDJPY,LOW_LIQUIDITY,2026-01-27 21:44:00,2026-01-27 21:46:00,3,28.88,27.97,54.79
USDJPY,TIGHT_RANGE,2026-01-27 21:47:00,2026-01-27 21:47:00,1,22.54,36.95,49.18
USDJPY,LOW_LIQUIDITY,2026-01-27 21:48:00,2026-01-27 21:56:00,9,29.57,30.0,56.49
USDJPY,TIGHT_RANGE,2026-01-27 21:57:00,2026-01-27 21:57:00,1,23.34,35.17,52.78
USDJPY,LOW_LIQUIDITY,2026-01-27 21:58:00,2026-01-27 21:59:00,2,29.28,32.9,56.28
USDJPY,TIGHT_RANGE,2026-01-27 22:00:00,2026-01-27 22:00:00,1,23.67,36.85,52.36
USDJPY,LOW_LIQUIDITY,2026-01-27 22:01:00,2026-01-27 22:06:00,6,30.41,19.14,61.48
USDJPY,TRANSITION,2026-01-27 22:07:00,2026-01-27 22:07:00,1,31.42,20.72,61.41
USDJPY,LOW_LIQUIDITY,2026-01-27 22:08:00,2026-01-27 22:09:00,2,30.34,23.52,59.97
USDJPY,TRANSITION,2026-01-27 22:10:00,2026-01-27 22:11:00,2,30.96,27.81,58.78
USDJPY,LOW_LIQUIDITY,2026-01-27 22:12:00,2026-01-27 22:21:00,10,36.93,25.61,61.64
USDJPY,TRANSITION,2026-01-27 22:22:00,2026-01-27 22:23:00,2,36.76,26.86,59.19
USDJPY,LOW_LIQUIDITY,2026-01-27 22:24:00,2026-01-27 22:24:00,1,36.96,28.07,58.72
USDJPY,TRANSITION,2026-01-27 22:25:00,2026-01-27 22:25:00,1,36.41,28.03,58.47
USDJPY,LOW_LIQUIDITY,2026-01-27 22:26:00,2026-01-27 22:26:00,1,37.74,25.19,59.89
USDJPY,TRANSITION,2026-01-27 22:27:00,2026-01-28 00:03:00,97,28.8,38.12,50.7
USDJPY,WIDE_RANGE,2026-01-28 00:04:00,2026-01-28 00:21:00,18,30.39,52.71,46.8
USDJPY,TRANSITION,2026-01-28 00:22:00,2026-01-28 02:19:00,118,29.82,37.88,50.32
USDJPY,WIDE_RANGE,2026-01-28 02:20:00,2026-01-28 02:20:00,1,39.27,43.82,52.3
USDJPY,TRANSITION,2026-01-28 02:21:00,2026-01-28 02:27:00,7,39.5,39.21,54.69
USDJPY,WIDE_RANGE,2026-01-28 02:28:00,2026-01-28 02:33:00,6,33.21,41.86,51.81
USDJPY,TRANSITION,2026-01-28 02:34:00,2026-01-28 03:03:00,30,40.09,32.69,58.04
USDJPY,WIDE_RANGE,2026-01-28 03:04:00,2026-01-28 03:04:00,1,21.63,56.11,42.64
USDJPY,TRANSITION,2026-01-28 03:05:00,2026-01-28 03:07:00,3,30.27,38.05,52.68
USDJPY,WIDE_RANGE,2026-01-28 03:08:00,2026-01-28 03:08:00,1,26.89,34.4,52.21
USDJPY,TRANSITION,2026-01-28 03:09:00,2026-01-28 03:10:00,2,31.11,31.84,54.77
USDJPY,WIDE_RANGE,2026-01-28 03:11:00,2026-01-28 03:16:00,6,28.14,42.37,49.96
USDJPY,TRANSITION,2026-01-28 03:17:00,2026-01-28 03:18:00,2,24.87,45.09,47.69
USDJPY,WIDE_RANGE,2026-01-28 03:19:00,2026-01-28 03:19:00,1,26.87,33.92,51.99
USDJPY,TRANSITION,2026-01-28 03:20:00,2026-01-28 06:05:00,166,27.16,37.36,52.15
USDJPY,WIDE_RANGE,2026-01-28 06:06:00,2026-01-28 06:07:00,2,34.28,42.64,46.75
USDJPY,TRANSITION,2026-01-28 06:08:00,2026-01-28 09:06:00,179,31.91,38.36,51.61
USDJPY,WIDE_RANGE,2026-01-28 09:07:00,2026-01-28 09:20:00,14,25.07,50.53,47.17
USDJPY,TRANSITION,2026-01-28 09:21:00,2026-01-28 10:06:00,46,35.54,36.64,53.34
USDJPY,STRONG_TREND_UP,2026-01-28 10:07:00,2026-01-28 10:14:00,8,78.97,35.5,72.16
USDJPY,TRANSITION,2026-01-28 10:15:00,2026-01-28 10:16:00,2,62.72,40.09,61.28
USDJPY,STRONG_TREND_UP,2026-01-28 10:17:00,2026-01-28 10:18:00,2,67.27,35.36,63.93
USDJPY,TRANSITION,2026-01-28 10:19:00,2026-01-28 10:28:00,10,55.21,41.77,54.14
USDJPY,WIDE_RANGE,2026-01-28 10:29:00,2026-01-28 10:31:00,3,27.03,57.75,36.71
USDJPY,TRANSITION,2026-01-28 10:32:00,2026-01-28 10:34:00,3,36.53,38.88,49.06
USDJPY,WIDE_RANGE,2026-01-28 10:35:00,2026-01-28 10:35:00,1,31.4,46.11,44.97
USDJPY,TRANSITION,2026-01-28 10:36:00,2026-01-28 11:40:00,65,32.99,35.6,55.21
USDJPY,TIGHT_RANGE,2026-01-28 11:41:00,2026-01-28 11:45:00,5,22.27,39.93,49.93
USDJPY,LOW_LIQUIDITY,2026-01-28 11:46:00,2026-01-28 11:50:00,5,27.28,33.72,54.7
USDJPY,TIGHT_RANGE,2026-01-28 11:51:00,2026-01-28 12:00:00,10,19.99,45.64,47.68
USDJPY,LOW_LIQUIDITY,2026-01-28 12:01:00,2026-01-28 12:01:00,1,23.11,32.17,53.69
USDJPY,TIGHT_RANGE,2026-01-28 12:02:00,2026-01-28 12:18:00,17,20.09,44.19,47.89
USDJPY,LOW_LIQUIDITY,2026-01-28 12:19:00,2026-01-28 12:20:00,2,34.55,33.0,57.45
USDJPY,TRANSITION,2026-01-28 12:21:00,2026-01-28 12:22:00,2,22.43,42.07,48.47
USDJPY,TIGHT_RANGE,2026-01-28 12:23:00,2026-01-28 12:24:00,2,19.87,45.05,46.11
USDJPY,TRANSITION,2026-01-28 12:25:00,2026-01-28 12:48:00,24,22.11,43.14,46.95
USDJPY,TIGHT_RANGE,2026-01-28 12:49:00,2026-01-28 12:58:00,10,18.84,44.65,44.17
USDJPY,LOW_LIQUIDITY,2026-01-28 12:59:00,2026-01-28 13:03:00,5,33.17,38.61,52.41
USDJPY,TIGHT_RANGE,2026-01-28 13:04:00,2026-01-28 13:08:00,5,22.88,49.85,43.71
USDJPY,TRANSITION,2026-01-28 13:09:00,2026-01-28 13:38:00,30,35.29,32.34,56.24
USDJPY,STRONG_TREND_UP,2026-01-28 13:39:00,2026-01-28 13:41:00,3,70.55,21.54,75.14
USDJPY,TRANSITION,2026-01-28 13:42:00,2026-01-28 14:00:00,19,45.22,32.19,57.39
USDJPY,WIDE_RANGE,2026-01-28 14:01:00,2026-01-28 14:05:00,5,34.74,62.63,39.13
USDJPY,WHIPSAW,2026-01-28 14:06:00,2026-01-28 14:06:00,1,23.63,73.14,30.43
USDJPY,WIDE_RANGE,2026-01-28 14:07:00,2026-01-28 14:12:00,6,28.87,65.99,35.2
USDJPY,WHIPSAW,2026-01-28 14:13:00,2026-01-28 14:14:00,2,29.72,70.36,34.22
USDJPY,WIDE_RANGE,2026-01-28 14:15:00,2026-01-28 14:19:00,5,31.32,63.59,38.32
USDJPY,WHIPSAW,2026-01-28 14:20:00,2026-01-28 14:20:00,1,27.16,70.42,37.68
USDJPY,TRANSITION,2026-01-28 14:21:00,2026-01-28 14:21:00,1,45.93,46.54,54.61
USDJPY,WIDE_RANGE,2026-01-28 14:22:00,2026-01-28 14:29:00,8,31.67,48.56,48.18
USDJPY,TRANSITION,2026-01-28 14:30:00,2026-01-28 14:31:00,2,22.07,49.63,43.25
USDJPY,WIDE_RANGE,2026-01-28 14:32:00,2026-01-28 14:39:00,8,21.17,47.64,42.47
USDJPY,TRANSITION,2026-01-28 14:40:00,2026-01-28 14:40:00,1,37.9,39.45,51.43
USDJPY,WIDE_RANGE,2026-01-28 14:41:00,2026-01-28 14:41:00,1,31.78,50.7,44.56
USDJPY,TRANSITION,2026-01-28 14:42:00,2026-01-28 14:43:00,2,41.64,45.72,50.33
USDJPY,WIDE_RANGE,2026-01-28 14:44:00,2026-01-28 14:44:00,1,38.13,52.34,46.31
USDJPY,TRANSITION,2026-01-28 14:45:00,2026-01-28 14:54:00,10,42.27,44.88,50.02
USDJPY,WIDE_RANGE,2026-01-28 14:55:00,2026-01-28 14:55:00,1,33.77,43.4,46.28
USDJPY,TRANSITION,2026-01-28 14:56:00,2026-01-28 14:58:00,3,33.28,38.99,48.21
USDJPY,WIDE_RANGE,2026-01-28 14:59:00,2026-01-28 15:00:00,2,29.6,43.72,45.98
USDJPY,TRANSITION,2026-01-28 15:01:00,2026-01-28 15:35:00,35,30.8,36.4,52.54
USDJPY,LOW_LIQUIDITY,2026-01-28 15:36:00,2026-01-28 15:36:00,1,36.55,25.31,62.18
USDJPY,TIGHT_RANGE,2026-01-28 15:37:00,2026-01-28 15:38:00,2,27.14,36.53,53.97
USDJPY,LOW_LIQUIDITY,2026-01-28 15:39:00,2026-01-28 15:40:00,2,35.66,22.29,62.56
USDJPY,TRANSITION,2026-01-28 15:41:00,2026-01-28 15:44:00,4,30.67,23.27,59.76
USDJPY,LOW_LIQUIDITY,2026-01-28 15:45:00,2026-01-28 15:45:00,1,24.69,28.61,54.89
USDJPY,TRANSITION,2026-01-28 15:46:00,2026-01-28 15:46:00,1,22.26,36.94,50.82
USDJPY,TIGHT_RANGE,2026-01-28 15:47:00,2026-01-28 15:47:00,1,23.66,38.94,50.66
USDJPY,TRANSITION,2026-01-28 15:48:00,2026-01-28 15:50:00,3,20.93,37.6,49.51
USDJPY,TIGHT_RANGE,2026-01-28 15:51:00,2026-01-28 15:56:00,6,19.07,42.44,47.15
USDJPY,LOW_LIQUIDITY,2026-01-28 15:57:00,2026-01-28 15:58:00,2,28.62,32.35,54.52
USDJPY,TIGHT_RANGE,2026-01-28 15:59:00,2026-01-28 16:12:00,14,19.36,45.68,42.8
USDJPY,TRANSITION,2026-01-28 16:13:00,2026-01-28 16:16:00,4,21.05,52.73,39.43
USDJPY,TIGHT_RANGE,2026-01-28 16:17:00,2026-01-28 16:17:00,1,23.49,53.42,40.19
USDJPY,TRANSITION,2026-01-28 16:18:00,2026-01-28 16:19:00,2,22.38,51.84,40.73
USDJPY,TIGHT_RANGE,2026-01-28 16:20:00,2026-01-28 16:20:00,1,15.38,62.18,34.46
USDJPY,TRANSITION,2026-01-28 16:21:00,2026-01-28 16:21:00,1,14.95,63.75,33.99
USDJPY,TIGHT_RANGE,2026-01-28 16:22:00,2026-01-28 16:23:00,2,21.3,51.09,41.72
USDJPY,LOW_LIQUIDITY,2026-01-28 16:24:00,2026-01-28 16:34:00,11,36.23,33.17,56.64
USDJPY,TIGHT_RANGE,2026-01-28 16:35:00,2026-01-28 16:35:00,1,18.62,39.9,46.54
USDJPY,LOW_LIQUIDITY,2026-01-28 16:36:00,2026-01-28 16:37:00,2,22.53,33.77,50.59
USDJPY,TIGHT_RANGE,2026-01-28 16:38:00,2026-01-28 16:43:00,6,18.45,40.75,45.97
USDJPY,TRANSITION,2026-01-28 16:44:00,2026-01-28 16:45:00,2,23.45,37.23,49.06
USDJPY,TIGHT_RANGE,2026-01-28 16:46:00,2026-01-28 16:46:00,1,18.3,50.7,41.83
USDJPY,TRANSITION,2026-01-28 16:47:00,2026-01-28 16:49:00,3,20.39,47.97,42.89
USDJPY,TIGHT_RANGE,2026-01-28 16:50:00,2026-01-28 16:51:00,2,19.28,48.58,40.67
USDJPY,TRANSITION,2026-01-28 16:52:00,2026-01-28 16:54:00,3,20.96,40.02,43.46
USDJPY,TIGHT_RANGE,2026-01-28 16:55:00,2026-01-28 16:55:00,1,13.01,57.63,33.18
USDJPY,TRANSITION,2026-01-28 16:56:00,2026-01-28 16:57:00,2,17.92,57.55,34.08
USDJPY,TIGHT_RANGE,2026-01-28 16:58:00,2026-01-28 17:04:00,4,18.66,61.84,25.81
USDJPY,TRANSITION,2026-01-28 17:05:00,2026-01-28 17:09:00,5,19.7,66.89,20.32
USDJPY,TIGHT_RANGE,2026-01-28 17:10:00,2026-01-28 17:16:00,7,20.45,63.7,21.75
USDJPY,WHIPSAW,2026-01-28 17:17:00,2026-01-28 17:17:00,1,15.21,70.8,16.93
USDJPY,TIGHT_RANGE,2026-01-28 17:18:00,2026-01-28 17:20:00,3,17.59,65.53,19.81
USDJPY,WHIPSAW,2026-01-28 17:21:00,2026-01-28 17:23:00,3,14.9,75.76,15.1
USDJPY,TIGHT_RANGE,2026-01-28 17:24:00,2026-01-28 17:25:00,2,15.36,65.86,18.67
USDJPY,LOW_LIQUIDITY,2026-01-28 17:26:00,2026-01-28 17:26:00,1,23.0,51.49,27.07
USDJPY,TIGHT_RANGE,2026-01-28 17:27:00,2026-01-28 17:30:00,4,21.35,64.73,21.81
USDJPY,WHIPSAW,2026-01-28 17:31:00,2026-01-28 17:31:00,1,17.56,73.61,17.05
USDJPY,TIGHT_RANGE,2026-01-28 17:32:00,2026-01-28 17:34:00,3,21.24,61.69,22.79
USDJPY,WHIPSAW,2026-01-28 17:35:00,2026-01-28 17:35:00,1,16.51,73.12,16.73
USDJPY,TIGHT_RANGE,2026-01-28 17:36:00,2026-01-28 17:45:00,10,17.9,59.1,30.3
USDJPY,LOW_LIQUIDITY,2026-01-28 17:46:00,2026-01-28 17:46:00,1,37.56,27.14,62.05
USDJPY,TIGHT_RANGE,2026-01-28 17:47:00,2026-01-28 17:49:00,3,25.02,49.17,48.8
USDJPY,LOW_LIQUIDITY,2026-01-28 17:50:00,2026-01-28 17:50:00,1,32.34,41.72,54.69
USDJPY,TIGHT_RANGE,2026-01-28 17:51:00,2026-01-28 17:57:00,7,18.26,44.62,47.23
USDJPY,LOW_LIQUIDITY,2026-01-28 17:58:00,2026-01-28 17:58:00,1,29.0,29.71,57.24
USDJPY,TIGHT_RANGE,2026-01-28 17:59:00,2026-01-28 18:00:00,2,13.98,43.35,45.7
USDJPY,LOW_LIQUIDITY,2026-01-28 18:01:00,2026-01-28 18:01:00,1,20.88,34.05,52.03
USDJPY,TRANSITION,2026-01-28 18:02:00,2026-01-28 18:14:00,13,29.64,34.1,56.04
USDJPY,WIDE_RANGE,2026-01-28 18:15:00,2026-01-28 18:16:00,2,27.12,36.41,54.09
USDJPY,TRANSITION,2026-01-28 18:17:00,2026-01-28 18:48:00,32,44.61,30.33,64.21
USDJPY,WIDE_RANGE,2026-01-28 18:49:00,2026-01-28 19:13:00,25,30.96,55.42,49.4
USDJPY,TRANSITION,2026-01-28 19:14:00,2026-01-28 19:14:00,1,38.78,47.82,55.58
USDJPY,WIDE_RANGE,2026-01-28 19:15:00,2026-01-28 19:19:00,5,32.55,55.73,50.02
USDJPY,TRANSITION,2026-01-28 19:20:00,2026-01-28 19:21:00,2,37.42,47.25,55.15
USDJPY,WIDE_RANGE,2026-01-28 19:22:00,2026-01-28 19:25:00,4,35.05,45.96,54.49
USDJPY,TRANSITION,2026-01-28 19:26:00,2026-01-29 02:25:00,420,31.57,36.18,53.38
USDJPY,STRONG_TREND_UP,2026-01-29 02:26:00,2026-01-29 02:26:00,1,68.08,28.36,70.1
USDJPY,TRANSITION,2026-01-29 02:27:00,2026-01-29 02:31:00,5,59.29,30.05,64.97
USDJPY,STRONG_TREND_UP,2026-01-29 02:32:00,2026-01-29 02:32:00,1,67.96,26.27,70.0
USDJPY,TRANSITION,2026-01-29 02:33:00,2026-01-29 03:18:00,46,38.28,32.72,55.59
USDJPY,WIDE_RANGE,2026-01-29 03:19:00,2026-01-29 03:19:00,1,30.51,37.99,55.12
USDJPY,TRANSITION,2026-01-29 03:20:00,2026-01-29 03:20:00,1,32.07,29.36,58.77
USDJPY,WIDE_RANGE,2026-01-29 03:21:00,2026-01-29 03:23:00,3,28.39,32.38,56.05
USDJPY,TRANSITION,2026-01-29 03:24:00,2026-01-29 07:23:00,240,28.65,36.58,52.09
USDJPY,TIGHT_RANGE,2026-01-29 07:24:00,2026-01-29 07:26:00,3,21.82,45.9,40.74
USDJPY,LOW_LIQUIDITY,2026-01-29 07:27:00,2026-01-29 07:27:00,1,23.35,28.7,46.95
USDJPY,TRANSITION,2026-01-29 07:28:00,2026-01-29 08:08:00,41,31.69,34.74,51.1
USDJPY,WIDE_RANGE,2026-01-29 08:09:00,2026-01-29 08:14:00,6,27.72,60.93,41.74
USDJPY,TRANSITION,2026-01-29 08:15:00,2026-01-29 08:44:00,30,24.31,45.56,47.29
USDJPY,WIDE_RANGE,2026-01-29 08:45:00,2026-01-29 08:46:00,2,29.37,42.49,49.5
USDJPY,TRANSITION,2026-01-29 08:47:00,2026-01-29 08:50:00,4,47.73,34.02,60.76
USDJPY,WIDE_RANGE,2026-01-29 08:51:00,2026-01-29 08:59:00,9,31.27,44.0,50.23
USDJPY,TRANSITION,2026-01-29 09:00:00,2026-01-29 09:05:00,6,44.82,36.51,57.94
USDJPY,WIDE_RANGE,2026-01-29 09:06:00,2026-01-29 09:06:00,1,24.62,56.3,41.81
USDJPY,TRANSITION,2026-01-29 09:07:00,2026-01-29 09:44:00,38,30.65,37.65,51.8
USDJPY,WIDE_RANGE,2026-01-29 09:45:00,2026-01-29 09:48:00,4,26.57,45.29,47.42
USDJPY,TRANSITION,2026-01-29 09:49:00,2026-01-29 09:58:00,10,37.65,35.36,57.03
USDJPY,WIDE_RANGE,2026-01-29 09:59:00,2026-01-29 10:03:00,5,29.8,54.59,47.29
USDJPY,TRANSITION,2026-01-29 10:04:00,2026-01-29 10:12:00,9,45.58,40.45,58.78
USDJPY,STRONG_TREND_UP,2026-01-29 10:13:00,2026-01-29 10:13:00,1,66.5,28.98,71.35
USDJPY,TRANSITION,2026-01-29 10:14:00,2026-01-29 10:15:00,2,64.68,29.67,69.94
USDJPY,STRONG_TREND_UP,2026-01-29 10:16:00,2026-01-29 10:17:00,2,67.63,30.55,70.78
USDJPY,TRANSITION,2026-01-29 10:18:00,2026-01-29 10:32:00,15,49.42,35.68,59.79
USDJPY,WIDE_RANGE,2026-01-29 10:33:00,2026-01-29 10:37:00,5,25.43,47.85,44.38
USDJPY,TRANSITION,2026-01-29 10:38:00,2026-01-29 10:59:00,22,48.61,27.78,63.95
USDJPY,WIDE_RANGE,2026-01-29 11:00:00,2026-01-29 11:00:00,1,33.56,38.77,53.07
USDJPY,TRANSITION,2026-01-29 11:01:00,2026-01-29 11:01:00,1,32.94,38.25,53.0
USDJPY,WIDE_RANGE,2026-01-29 11:02:00,2026-01-29 11:06:00,5,25.97,49.77,45.73
USDJPY,TRANSITION,2026-01-29 11:07:00,2026-01-29 11:08:00,2,31.63,34.25,53.67
USDJPY,WIDE_RANGE,2026-01-29 11:09:00,2026-01-29 11:11:00,3,24.86,41.2,48.13
USDJPY,TRANSITION,2026-01-29 11:12:00,2026-01-29 12:00:00,49,27.72,36.13,50.59
USDJPY,TIGHT_RANGE,2026-01-29 12:01:00,2026-01-29 12:04:00,4,20.07,44.08,45.59
USDJPY,TRANSITION,2026-01-29 12:05:00,2026-01-29 12:08:00,4,16.74,40.55,45.24
USDJPY,TIGHT_RANGE,2026-01-29 12:09:00,2026-01-29 12:15:00,7,21.2,37.51,49.29
USDJPY,TRANSITION,2026-01-29 12:16:00,2026-01-29 17:29:00,306,26.49,38.55,48.14
USDJPY,LOW_LIQUIDITY,2026-01-29 17:30:00,2026-01-29 17:34:00,5,27.13,46.41,30.7
USDJPY,TIGHT_RANGE,2026-01-29 17:35:00,2026-01-29 17:36:00,2,12.77,62.73,18.55
USDJPY,TRANSITION,2026-01-29 17:37:00,2026-01-29 18:29:00,53,35.75,32.26,53.65
USDJPY,WIDE_RANGE,2026-01-29 18:30:00,2026-01-29 18:42:00,13,28.9,48.53,50.79
USDJPY,TRANSITION,2026-01-29 18:43:00,2026-01-29 19:02:00,20,49.45,30.72,66.3
USDJPY,WIDE_RANGE,2026-01-29 19:03:00,2026-01-29 19:17:00,15,27.25,58.03,46.81
USDJPY,TRANSITION,2026-01-29 19:18:00,2026-01-29 19:22:00,5,50.03,43.19,62.33
USDJPY,STRONG_TREND_UP,2026-01-29 19:23:00,2026-01-29 19:29:00,7,68.53,25.29,76.93
USDJPY,TRANSITION,2026-01-29 19:30:00,2026-01-29 19:30:00,1,63.55,22.6,75.55
USDJPY,STRONG_TREND_UP,2026-01-29 19:31:00,2026-01-29 19:35:00,5,70.69,21.46,79.22
USDJPY,TRANSITION,2026-01-29 19:36:00,2026-01-29 19:53:00,18,50.96,30.47,67.08
USDJPY,WIDE_RANGE,2026-01-29 19:54:00,2026-01-29 20:00:00,7,32.09,55.99,48.46
USDJPY,TRANSITION,2026-01-29 20:01:00,2026-01-29 20:12:00,12,45.93,36.73,60.08
USDJPY,WIDE_RANGE,2026-01-29 20:13:00,2026-01-29 20:13:00,1,36.03,41.3,53.91
USDJPY,TRANSITION,2026-01-29 20:14:00,2026-01-29 20:15:00,2,45.05,29.91,61.64
USDJPY,WIDE_RANGE,2026-01-29 20:16:00,2026-01-29 20:16:00,1,23.81,44.59,46.57
USDJPY,TRANSITION,2026-01-29 20:17:00,2026-01-29 21:07:00,51,34.25,34.9,56.01
USDJPY,STRONG_TREND_UP,2026-01-29 21:08:00,2026-01-29 21:08:00,1,66.17,21.07,77.27
USDJPY,TRANSITION,2026-01-29 21:09:00,2026-01-29 21:18:00,10,41.56,28.54,63.42
USDJPY,WIDE_RANGE,2026-01-29 21:19:00,2026-01-29 21:19:00,1,24.83,38.25,52.36
USDJPY,TRANSITION,2026-01-29 21:20:00,2026-01-29 21:24:00,5,29.56,38.28,54.27
USDJPY,WIDE_RANGE,2026-01-29 21:25:00,2026-01-29 21:26:00,2,22.98,44.22,49.16
USDJPY,TRANSITION,2026-01-29 21:27:00,2026-01-29 21:30:00,4,31.83,27.64,59.02
USDJPY,WIDE_RANGE,2026-01-29 21:31:00,2026-01-29 21:36:00,6,30.28,41.79,52.42
USDJPY,TRANSITION,2026-01-29 21:37:00,2026-01-29 22:18:00,42,26.96,34.62,50.16
USDJPY,TIGHT_RANGE,2026-01-29 22:19:00,2026-01-29 22:34:00,16,19.59,42.05,48.25
USDJPY,LOW_LIQUIDITY,2026-01-29 22:35:00,2026-01-29 22:37:00,3,38.01,23.44,63.12
USDJPY,TRANSITION,2026-01-29 22:38:00,2026-01-29 23:07:00,30,28.08,30.25,56.6
USDJPY,TIGHT_RANGE,2026-01-29 23:08:00,2026-01-29 23:12:00,5,20.1,35.97,50.42
USDJPY,TRANSITION,2026-01-29 23:13:00,2026-01-29 23:13:00,1,27.11,31.47,53.99
USDJPY,TIGHT_RANGE,2026-01-29 23:14:00,2026-01-29 23:15:00,2,19.2,46.6,44.79
USDJPY,TRANSITION,2026-01-29 23:16:00,2026-01-30 00:29:00,74,24.98,38.21,48.99
USDJPY,WIDE_RANGE,2026-01-30 00:30:00,2026-01-30 00:33:00,4,21.57,59.74,41.58
USDJPY,TRANSITION,2026-01-30 00:34:00,2026-01-30 00:45:00,12,43.21,39.01,57.15
USDJPY,WIDE_RANGE,2026-01-30 00:46:00,2026-01-30 00:56:00,11,28.73,63.12,37.33
USDJPY,WHIPSAW,2026-01-30 00:57:00,2026-01-30 00:58:00,2,20.48,72.87,28.51
USDJPY,TRANSITION,2026-01-30 00:59:00,2026-01-30 02:13:00,75,37.35,39.51,51.25
USDJPY,WIDE_RANGE,2026-01-30 02:14:00,2026-01-30 02:24:00,11,24.26,49.17,45.33
USDJPY,TRANSITION,2026-01-30 02:25:00,2026-01-30 02:25:00,1,29.32,39.24,50.96
USDJPY,WIDE_RANGE,2026-01-30 02:26:00,2026-01-30 02:26:00,1,21.57,43.36,45.91
USDJPY,TRANSITION,2026-01-30 02:27:00,2026-01-30 07:46:00,320,30.12,33.71,53.55
USDJPY,STRONG_TREND_UP,2026-01-30 07:47:00,2026-01-30 07:47:00,1,65.65,17.15,73.88
USDJPY,TRANSITION,2026-01-30 07:48:00,2026-01-30 10:02:00,135,33.35,36.09,53.22
USDJPY,STRONG_TREND_UP,2026-01-30 10:03:00,2026-01-30 10:04:00,2,67.1,19.45,75.26
USDJPY,TRANSITION,2026-01-30 10:05:00,2026-01-30 10:44:00,40,32.34,37.61,53.18
USDJPY,WIDE_RANGE,2026-01-30 10:45:00,2026-01-30 10:46:00,2,26.9,45.97,48.27
USDJPY,TRANSITION,2026-01-30 10:47:00,2026-01-30 10:47:00,1,31.6,39.05,52.46
USDJPY,WIDE_RANGE,2026-01-30 10:48:00,2026-01-30 10:50:00,3,27.62,48.46,47.22
USDJPY,TRANSITION,2026-01-30 10:51:00,2026-01-30 11:54:00,64,34.46,31.47,56.85
USDJPY,TIGHT_RANGE,2026-01-30 11:55:00,2026-01-30 12:01:00,7,18.65,42.29,47.15
USDJPY,LOW_LIQUIDITY,2026-01-30 12:02:00,2026-01-30 12:02:00,1,33.19,26.4,59.66
USDJPY,TIGHT_RANGE,2026-01-30 12:03:00,2026-01-30 12:06:00,4,19.16,42.25,48.18
USDJPY,TRANSITION,2026-01-30 12:07:00,2026-01-30 16:21:00,255,29.91,36.73,51.46
USDJPY,TIGHT_RANGE,2026-01-30 16:22:00,2026-01-30 16:30:00,9,19.6,53.15,34.74
USDJPY,LOW_LIQUIDITY,2026-01-30 16:31:00,2026-01-30 16:34:00,4,23.58,40.38,43.24
USDJPY,TIGHT_RANGE,2026-01-30 16:35:00,2026-01-30 16:38:00,4,18.65,46.48,38.62
USDJPY,LOW_LIQUIDITY,2026-01-30 16:39:00,2026-01-30 16:39:00,1,32.61,39.58,47.55
USDJPY,TIGHT_RANGE,2026-01-30 16:40:00,2026-01-30 16:40:00,1,29.95,43.84,44.87
USDJPY,LOW_LIQUIDITY,2026-01-30 16:41:00,2026-01-30 16:41:00,1,27.44,41.09,44.53
USDJPY,TIGHT_RANGE,2026-01-30 16:42:00,2026-01-30 16:44:00,3,13.77,56.09,32.74
USDJPY,LOW_LIQUIDITY,2026-01-30 16:45:00,2026-01-30 16:48:00,4,23.7,39.22,42.49
USDJPY,TIGHT_RANGE,2026-01-30 16:49:00,2026-01-30 16:50:00,2,20.59,50.46,36.99
USDJPY,TRANSITION,2026-01-30 16:51:00,2026-01-30 16:59:00,9,22.79,49.66,36.73
